solid OpenSCAD_Model
  facet normal 0 0 -1
    outer loop
      vertex 155 0 0
      vertex 144.9 2.25 0
      vertex 146.9 4.25 0
    endloop
  endfacet
  facet normal 0 0 -1
    outer loop
      vertex 155 0 0
      vertex 146.9 4.25 0
      vertex 146.9 8.25 0
    endloop
  endfacet
  facet normal 0 0 -1
    outer loop
      vertex 155 0 0
      vertex 133.9 2.25 0
      vertex 144.9 2.25 0
    endloop
  endfacet
  facet normal 0 0 -1
    outer loop
      vertex 155 0 0
      vertex 119.14 3 0
      vertex 133.9 2.25 0
    endloop
  endfacet
  facet normal 0 0 -1
    outer loop
      vertex 155 0 0
      vertex 146.9 8.25 0
      vertex 148.75 16.75 0
    endloop
  endfacet
  facet normal 0 0 -1
    outer loop
      vertex 146.9 8.25 0
      vertex 131.9 8.25 0
      vertex 131.25 13.75 0
    endloop
  endfacet
  facet normal 0 0 -1
    outer loop
      vertex 131.9 4.25 0
      vertex 133.9 2.25 0
      vertex 120.73099025766973 3.6590097423302677 0
    endloop
  endfacet
  facet normal 0 0 -1
    outer loop
      vertex 120.2006426578585 3.265677155216201 0
      vertex 120.3900330242941 3.379193372319273 0
      vertex 133.9 2.25 0
    endloop
  endfacet
  facet normal 0 0 -1
    outer loop
      vertex 120.5673848893682 3.510726479933842 0
      vertex 120.73099025766973 3.6590097423302677 0
      vertex 133.9 2.25 0
    endloop
  endfacet
  facet normal 0 0 -1
    outer loop
      vertex 120.3900330242941 3.379193372319273 0
      vertex 120.5673848893682 3.510726479933842 0
      vertex 133.9 2.25 0
    endloop
  endfacet
  facet normal 0 0 -1
    outer loop
      vertex 119.57895322453629 3.0432331190927315 0
      vertex 119.79314052382254 3.09688424460253 0
      vertex 133.9 2.25 0
    endloop
  endfacet
  facet normal 0 0 -1
    outer loop
      vertex 119.79314052382254 3.09688424460253 0
      vertex 120.00103772282145 3.171271051849605 0
      vertex 133.9 2.25 0
    endloop
  endfacet
  facet normal 0 0 -1
    outer loop
      vertex 119.3605385657415 3.010834364987557 0
      vertex 119.57895322453629 3.0432331190927315 0
      vertex 133.9 2.25 0
    endloop
  endfacet
  facet normal 0 0 -1
    outer loop
      vertex 119.14 3 0
      vertex 119.3605385657415 3.010834364987557 0
      vertex 133.9 2.25 0
    endloop
  endfacet
  facet normal 0 0 -1
    outer loop
      vertex 120.00103772282145 3.171271051849605 0
      vertex 120.2006426578585 3.265677155216201 0
      vertex 133.9 2.25 0
    endloop
  endfacet
  facet normal 0 0 -1
    outer loop
      vertex 121.12432284478379 4.189357342141506 0
      vertex 121.2187289481504 4.388962277178548 0
      vertex 131.9 4.25 0
    endloop
  endfacet
  facet normal 0 0 -1
    outer loop
      vertex 121.2187289481504 4.388962277178548 0
      vertex 121.29311575539748 4.5968594761774595 0
      vertex 131.9 4.25 0
    endloop
  endfacet
  facet normal 0 0 -1
    outer loop
      vertex 131.9 4.25 0
      vertex 120.73099025766973 3.6590097423302677 0
      vertex 120.87927352006616 3.822615110631798 0
    endloop
  endfacet
  facet normal 0 0 -1
    outer loop
      vertex 120.87927352006616 3.822615110631798 0
      vertex 121.01080662768072 3.9999669757058953 0
      vertex 131.9 4.25 0
    endloop
  endfacet
  facet normal 0 0 -1
    outer loop
      vertex 121.01080662768072 3.9999669757058953 0
      vertex 121.12432284478379 4.189357342141506 0
      vertex 131.9 4.25 0
    endloop
  endfacet
  facet normal 0 0 -1
    outer loop
      vertex 121.29311575539748 4.5968594761774595 0
      vertex 121.34676688090727 4.811046775463711 0
      vertex 131.9 4.25 0
    endloop
  endfacet
  facet normal 0 0 -1
    outer loop
      vertex 121.34676688090727 4.811046775463711 0
      vertex 121.37916563501244 5.029461434258488 0
      vertex 131.9 4.25 0
    endloop
  endfacet
  facet normal 0 0 -1
    outer loop
      vertex 121.37916563501244 5.029461434258488 0
      vertex 121.39 5.25 0
      vertex 131.9 4.25 0
    endloop
  endfacet
  facet normal 0 0 -1
    outer loop
      vertex 131.9 8.25 0
      vertex 131.9 4.25 0
      vertex 121.39 5.25 0
    endloop
  endfacet
  facet normal 0 0 -1
    outer loop
      vertex 131.9 8.25 0
      vertex 121.39 5.25 0
      vertex 121.37916563501244 5.470538565741512 0
    endloop
  endfacet
  facet normal 0 0 -1
    outer loop
      vertex 131.9 8.25 0
      vertex 121.37916563501244 5.470538565741512 0
      vertex 121.34676688090727 5.688953224536289 0
    endloop
  endfacet
  facet normal 0 0 -1
    outer loop
      vertex 131.9 8.25 0
      vertex 121.34676688090727 5.688953224536289 0
      vertex 121.29311575539748 5.9031405238225405 0
    endloop
  endfacet
  facet normal 0 0 -1
    outer loop
      vertex 131.9 8.25 0
      vertex 121.29311575539748 5.9031405238225405 0
      vertex 121.2187289481504 6.111037722821452 0
    endloop
  endfacet
  facet normal 0 0 -1
    outer loop
      vertex 131.9 8.25 0
      vertex 121.2187289481504 6.111037722821452 0
      vertex 121.12432284478379 6.310642657858494 0
    endloop
  endfacet
  facet normal 0 0 -1
    outer loop
      vertex 131.9 8.25 0
      vertex 121.12432284478379 6.310642657858494 0
      vertex 121.01080662768072 6.500033024294105 0
    endloop
  endfacet
  facet normal 0 0 -1
    outer loop
      vertex 131.9 8.25 0
      vertex 121.01080662768072 6.500033024294105 0
      vertex 120.87927352006616 6.677384889368202 0
    endloop
  endfacet
  facet normal 0 0 -1
    outer loop
      vertex 131.9 8.25 0
      vertex 120.87927352006616 6.677384889368202 0
      vertex 120.73099025766973 6.840990257669732 0
    endloop
  endfacet
  facet normal 0 0 -1
    outer loop
      vertex 131.9 8.25 0
      vertex 120.73099025766973 6.840990257669732 0
      vertex 120.5673848893682 6.989273520066158 0
    endloop
  endfacet
  facet normal 0 0 -1
    outer loop
      vertex 131.9 8.25 0
      vertex 120.5673848893682 6.989273520066158 0
      vertex 120.3900330242941 7.120806627680727 0
    endloop
  endfacet
  facet normal 0 0 -1
    outer loop
      vertex 131.9 8.25 0
      vertex 120.3900330242941 7.120806627680727 0
      vertex 120.2006426578585 7.234322844783799 0
    endloop
  endfacet
  facet normal 0 0 -1
    outer loop
      vertex 131.9 8.25 0
      vertex 120.2006426578585 7.234322844783799 0
      vertex 112.90123456790124 11 0
    endloop
  endfacet
  facet normal 0 0 -1
    outer loop
      vertex 131.9 8.25 0
      vertex 112.90123456790124 11 0
      vertex 123.4 11 0
    endloop
  endfacet
  facet normal 0 0 -1
    outer loop
      vertex 112.90123456790124 11 0
      vertex 120.2006426578585 7.234322844783799 0
      vertex 120.00103772282145 7.328728948150395 0
    endloop
  endfacet
  facet normal 0 0 -1
    outer loop
      vertex 112.90123456790124 11 0
      vertex 120.00103772282145 7.328728948150395 0
      vertex 119.79314052382254 7.4031157553974705 0
    endloop
  endfacet
  facet normal 0 0 -1
    outer loop
      vertex 112.90123456790124 11 0
      vertex 119.79314052382254 7.4031157553974705 0
      vertex 119.57895322453629 7.456766880907269 0
    endloop
  endfacet
  facet normal 0 0 -1
    outer loop
      vertex 112.90123456790124 11 0
      vertex 119.57895322453629 7.456766880907269 0
      vertex 119.3605385657415 7.4891656350124425 0
    endloop
  endfacet
  facet normal 0 0 -1
    outer loop
      vertex 112.90123456790124 11 0
      vertex 119.3605385657415 7.4891656350124425 0
      vertex 119.14 7.5 0
    endloop
  endfacet
  facet normal 0 0 -1
    outer loop
      vertex 155 0 0
      vertex 148.75 16.75 0
      vertex 148.75 20.75 0
    endloop
  endfacet
  facet normal 0 0 -1
    outer loop
      vertex 145.75 13.75 0
      vertex 148.75 16.75 0
      vertex 146.9 8.25 0
    endloop
  endfacet
  facet normal 0 0 -1
    outer loop
      vertex 146.9 8.25 0
      vertex 131.25 13.75 0
      vertex 145.75 13.75 0
    endloop
  endfacet
  facet normal 0 0 -1
    outer loop
      vertex 123.4 11 0
      vertex 123.4 17.6 0
      vertex 131.9 8.25 0
    endloop
  endfacet
  facet normal 0 0 -1
    outer loop
      vertex 131.9 8.25 0
      vertex 123.4 17.6 0
      vertex 131.25 13.75 0
    endloop
  endfacet
  facet normal 0 0 -1
    outer loop
      vertex 131.25 13.75 0
      vertex 123.4 17.6 0
      vertex 123.4 19.5 0
    endloop
  endfacet
  facet normal 0 0 -1
    outer loop
      vertex 131.25 13.75 0
      vertex 123.4 19.5 0
      vertex 131.25 20.75 0
    endloop
  endfacet
  facet normal 0 0 -1
    outer loop
      vertex 123.4 17.6 0
      vertex 108.4 19.5 0
      vertex 123.4 19.5 0
    endloop
  endfacet
  facet normal 0 0 -1
    outer loop
      vertex 112.9194614342585 3.010834364987557 0
      vertex 113.14 3 0
      vertex 79.9 2.45 0
    endloop
  endfacet
  facet normal 0 0 -1
    outer loop
      vertex 112.70104677546371 3.0432331190927315 0
      vertex 112.9194614342585 3.010834364987557 0
      vertex 79.9 2.45 0
    endloop
  endfacet
  facet normal 0 0 -1
    outer loop
      vertex 112.48685947617746 3.09688424460253 0
      vertex 112.70104677546371 3.0432331190927315 0
      vertex 79.9 2.45 0
    endloop
  endfacet
  facet normal 0 0 -1
    outer loop
      vertex 112.27896227717855 3.171271051849605 0
      vertex 112.48685947617746 3.09688424460253 0
      vertex 79.9 2.45 0
    endloop
  endfacet
  facet normal 0 0 -1
    outer loop
      vertex 112.0793573421415 3.265677155216201 0
      vertex 112.27896227717855 3.171271051849605 0
      vertex 79.9 2.45 0
    endloop
  endfacet
  facet normal 0 0 -1
    outer loop
      vertex 111.8899669757059 3.379193372319273 0
      vertex 112.0793573421415 3.265677155216201 0
      vertex 79.9 2.45 0
    endloop
  endfacet
  facet normal 0 0 -1
    outer loop
      vertex 111.7126151106318 3.510726479933842 0
      vertex 111.8899669757059 3.379193372319273 0
      vertex 79.9 2.45 0
    endloop
  endfacet
  facet normal 0 0 -1
    outer loop
      vertex 111.54900974233027 3.6590097423302677 0
      vertex 111.7126151106318 3.510726479933842 0
      vertex 79.9 2.45 0
    endloop
  endfacet
  facet normal 0 0 -1
    outer loop
      vertex 111.40072647993384 3.822615110631798 0
      vertex 111.54900974233027 3.6590097423302677 0
      vertex 79.9 2.45 0
    endloop
  endfacet
  facet normal 0 0 -1
    outer loop
      vertex 111.26919337231928 3.9999669757058953 0
      vertex 111.40072647993384 3.822615110631798 0
      vertex 79.9 2.45 0
    endloop
  endfacet
  facet normal 0 0 -1
    outer loop
      vertex 111.15567715521621 4.189357342141506 0
      vertex 111.26919337231928 3.9999669757058953 0
      vertex 79.9 2.45 0
    endloop
  endfacet
  facet normal 0 0 -1
    outer loop
      vertex 111.0612710518496 4.388962277178548 0
      vertex 111.15567715521621 4.189357342141506 0
      vertex 79.9 2.45 0
    endloop
  endfacet
  facet normal 0 0 -1
    outer loop
      vertex 110.98688424460252 4.5968594761774595 0
      vertex 111.0612710518496 4.388962277178548 0
      vertex 79.9 2.45 0
    endloop
  endfacet
  facet normal 0 0 -1
    outer loop
      vertex 110.93323311909273 4.811046775463711 0
      vertex 110.98688424460252 4.5968594761774595 0
      vertex 79.9 2.45 0
    endloop
  endfacet
  facet normal 0 0 -1
    outer loop
      vertex 110.90083436498756 5.029461434258488 0
      vertex 110.93323311909273 4.811046775463711 0
      vertex 79.9 2.45 0
    endloop
  endfacet
  facet normal 0 0 -1
    outer loop
      vertex 110.89 5.25 0
      vertex 110.90083436498756 5.029461434258488 0
      vertex 79.9 2.45 0
    endloop
  endfacet
  facet normal 0 0 -1
    outer loop
      vertex 110.90083436498756 5.470538565741512 0
      vertex 110.89 5.25 0
      vertex 79.9 2.45 0
    endloop
  endfacet
  facet normal 0 0 -1
    outer loop
      vertex 110.93323311909273 5.688953224536289 0
      vertex 110.90083436498756 5.470538565741512 0
      vertex 79.9 2.45 0
    endloop
  endfacet
  facet normal 0 0 -1
    outer loop
      vertex 112.90123456790124 11 0
      vertex 119.14 7.5 0
      vertex 113.14 7.5 0
    endloop
  endfacet
  facet normal 0 0 -1
    outer loop
      vertex 112.90123456790124 11 0
      vertex 113.14 7.5 0
      vertex 112.9194614342585 7.4891656350124425 0
    endloop
  endfacet
  facet normal 0 0 -1
    outer loop
      vertex 112.90123456790124 11 0
      vertex 112.70104677546371 7.456766880907269 0
      vertex 112.48685947617746 7.4031157553974705 0
    endloop
  endfacet
  facet normal 0 0 -1
    outer loop
      vertex 112.90123456790124 11 0
      vertex 112.9194614342585 7.4891656350124425 0
      vertex 112.70104677546371 7.456766880907269 0
    endloop
  endfacet
  facet normal 0 0 -1
    outer loop
      vertex 112.90123456790124 11 0
      vertex 112.48685947617746 7.4031157553974705 0
      vertex 112.27896227717855 7.328728948150395 0
    endloop
  endfacet
  facet normal 0 0 -1
    outer loop
      vertex 110.98688424460252 5.9031405238225405 0
      vertex 110.93323311909273 5.688953224536289 0
      vertex 79.9 9.05 0
    endloop
  endfacet
  facet normal 0 0 -1
    outer loop
      vertex 111.0612710518496 6.111037722821452 0
      vertex 110.98688424460252 5.9031405238225405 0
      vertex 79.9 9.05 0
    endloop
  endfacet
  facet normal 0 0 -1
    outer loop
      vertex 111.15567715521621 6.310642657858494 0
      vertex 111.0612710518496 6.111037722821452 0
      vertex 79.9 9.05 0
    endloop
  endfacet
  facet normal 0 0 -1
    outer loop
      vertex 111.40072647993384 6.677384889368202 0
      vertex 111.26919337231928 6.500033024294105 0
      vertex 79.9 9.05 0
    endloop
  endfacet
  facet normal 0 0 -1
    outer loop
      vertex 111.26919337231928 6.500033024294105 0
      vertex 111.15567715521621 6.310642657858494 0
      vertex 79.9 9.05 0
    endloop
  endfacet
  facet normal 0 0 -1
    outer loop
      vertex 111.54900974233027 6.840990257669732 0
      vertex 111.40072647993384 6.677384889368202 0
      vertex 79.9 9.05 0
    endloop
  endfacet
  facet normal 0 0 -1
    outer loop
      vertex 111.8899669757059 7.120806627680727 0
      vertex 111.7126151106318 6.989273520066158 0
      vertex 79.9 9.05 0
    endloop
  endfacet
  facet normal 0 0 -1
    outer loop
      vertex 112.27896227717855 7.328728948150395 0
      vertex 112.0793573421415 7.234322844783799 0
      vertex 79.9 9.05 0
    endloop
  endfacet
  facet normal 0 0 -1
    outer loop
      vertex 112.0793573421415 7.234322844783799 0
      vertex 111.8899669757059 7.120806627680727 0
      vertex 79.9 9.05 0
    endloop
  endfacet
  facet normal 0 0 -1
    outer loop
      vertex 111.7126151106318 6.989273520066158 0
      vertex 111.54900974233027 6.840990257669732 0
      vertex 79.9 9.05 0
    endloop
  endfacet
  facet normal 0 0 -1
    outer loop
      vertex 112.90123456790124 11 0
      vertex 112.27896227717855 7.328728948150395 0
      vertex 79.9 9.05 0
    endloop
  endfacet
  facet normal 0 0 -1
    outer loop
      vertex 155 0 0
      vertex 0 0 0
      vertex 119.14 3 0
    endloop
  endfacet
  facet normal 0 0 -1
    outer loop
      vertex 79.9 2.45 0
      vertex 79.9 9.05 0
      vertex 110.93323311909273 5.688953224536289 0
    endloop
  endfacet
  facet normal 0 0 -1
    outer loop
      vertex 108.4 17.6 0
      vertex 108.4 11 0
      vertex 79.9 10.95 0
    endloop
  endfacet
  facet normal 0 0 -1
    outer loop
      vertex 123.4 17.6 0
      vertex 108.4 17.6 0
      vertex 108.4 19.5 0
    endloop
  endfacet
  facet normal 0 0 -1
    outer loop
      vertex 112.90123456790124 11 0
      vertex 34.35000000000001 9.450000000000003 0
      vertex 108.4 11 0
    endloop
  endfacet
  facet normal 0 0 -1
    outer loop
      vertex 108.4 17.6 0
      vertex 79.9 10.95 0
      vertex 79.9 17.55 0
    endloop
  endfacet
  facet normal 0 0 -1
    outer loop
      vertex 108.4 17.6 0
      vertex 79.9 17.55 0
      vertex 79.9 19.45 0
    endloop
  endfacet
  facet normal 0 0 1
    outer loop
      vertex 155 0 2.5
      vertex 146.9 4.25 2.5
      vertex 144.9 2.25 2.5
    endloop
  endfacet
  facet normal 0 0 1
    outer loop
      vertex 155 0 2.5
      vertex 146.9 8.25 2.5
      vertex 146.9 4.25 2.5
    endloop
  endfacet
  facet normal 0 0 1
    outer loop
      vertex 155 0 2.5
      vertex 144.9 2.25 2.5
      vertex 133.9 2.25 2.5
    endloop
  endfacet
  facet normal 0 0 1
    outer loop
      vertex 155 0 2.5
      vertex 145.75 13.75 2.5
      vertex 146.9 8.25 2.5
    endloop
  endfacet
  facet normal 0 0 1
    outer loop
      vertex 131.9 8.25 2.5
      vertex 146.9 8.25 2.5
      vertex 145.75 13.75 2.5
    endloop
  endfacet
  facet normal 0 0 1
    outer loop
      vertex 133.9 2.25 2.5
      vertex 131.9 4.25 2.5
      vertex 120.00103772282145 3.171271051849605 2.5
    endloop
  endfacet
  facet normal 0 0 1
    outer loop
      vertex 133.9 2.25 2.5
      vertex 119.79314052382254 3.09688424460253 2.5
      vertex 119.57895322453629 3.0432331190927315 2.5
    endloop
  endfacet
  facet normal 0 0 1
    outer loop
      vertex 133.9 2.25 2.5
      vertex 120.00103772282145 3.171271051849605 2.5
      vertex 119.79314052382254 3.09688424460253 2.5
    endloop
  endfacet
  facet normal 0 0 1
    outer loop
      vertex 133.9 2.25 2.5
      vertex 119.57895322453629 3.0432331190927315 2.5
      vertex 119.3605385657415 3.010834364987557 2.5
    endloop
  endfacet
  facet normal 0 0 1
    outer loop
      vertex 133.9 2.25 2.5
      vertex 119.3605385657415 3.010834364987557 2.5
      vertex 119.14 3 2.5
    endloop
  endfacet
  facet normal 0 0 1
    outer loop
      vertex 120.3900330242941 3.379193372319273 2.5
      vertex 120.2006426578585 3.265677155216201 2.5
      vertex 131.9 4.25 2.5
    endloop
  endfacet
  facet normal 0 0 1
    outer loop
      vertex 120.5673848893682 3.510726479933842 2.5
      vertex 120.3900330242941 3.379193372319273 2.5
      vertex 131.9 4.25 2.5
    endloop
  endfacet
  facet normal 0 0 1
    outer loop
      vertex 120.2006426578585 3.265677155216201 2.5
      vertex 120.00103772282145 3.171271051849605 2.5
      vertex 131.9 4.25 2.5
    endloop
  endfacet
  facet normal 0 0 1
    outer loop
      vertex 133.9 2.25 2.5
      vertex 119.14 3 2.5
      vertex 113.14 3 2.5
    endloop
  endfacet
  facet normal 0 0 1
    outer loop
      vertex 121.2187289481504 4.388962277178548 2.5
      vertex 121.12432284478379 4.189357342141506 2.5
      vertex 131.9 4.25 2.5
    endloop
  endfacet
  facet normal 0 0 1
    outer loop
      vertex 121.29311575539748 4.5968594761774595 2.5
      vertex 121.2187289481504 4.388962277178548 2.5
      vertex 131.9 4.25 2.5
    endloop
  endfacet
  facet normal 0 0 1
    outer loop
      vertex 120.87927352006616 3.822615110631798 2.5
      vertex 120.73099025766973 3.6590097423302677 2.5
      vertex 131.9 4.25 2.5
    endloop
  endfacet
  facet normal 0 0 1
    outer loop
      vertex 120.73099025766973 3.6590097423302677 2.5
      vertex 120.5673848893682 3.510726479933842 2.5
      vertex 131.9 4.25 2.5
    endloop
  endfacet
  facet normal 0 0 1
    outer loop
      vertex 121.01080662768072 3.9999669757058953 2.5
      vertex 120.87927352006616 3.822615110631798 2.5
      vertex 131.9 4.25 2.5
    endloop
  endfacet
  facet normal 0 0 1
    outer loop
      vertex 121.12432284478379 4.189357342141506 2.5
      vertex 121.01080662768072 3.9999669757058953 2.5
      vertex 131.9 4.25 2.5
    endloop
  endfacet
  facet normal 0 0 1
    outer loop
      vertex 121.34676688090727 4.811046775463711 2.5
      vertex 121.29311575539748 4.5968594761774595 2.5
      vertex 131.9 4.25 2.5
    endloop
  endfacet
  facet normal 0 0 1
    outer loop
      vertex 121.37916563501244 5.029461434258488 2.5
      vertex 121.34676688090727 4.811046775463711 2.5
      vertex 131.9 4.25 2.5
    endloop
  endfacet
  facet normal 0 0 1
    outer loop
      vertex 131.9 4.25 2.5
      vertex 121.39 5.25 2.5
      vertex 121.37916563501244 5.029461434258488 2.5
    endloop
  endfacet
  facet normal 0 0 1
    outer loop
      vertex 131.9 4.25 2.5
      vertex 131.9 8.25 2.5
      vertex 121.39 5.25 2.5
    endloop
  endfacet
  facet normal 0 0 1
    outer loop
      vertex 121.37916563501244 5.470538565741512 2.5
      vertex 121.39 5.25 2.5
      vertex 131.9 8.25 2.5
    endloop
  endfacet
  facet normal 0 0 1
    outer loop
      vertex 121.34676688090727 5.688953224536289 2.5
      vertex 121.37916563501244 5.470538565741512 2.5
      vertex 131.9 8.25 2.5
    endloop
  endfacet
  facet normal 0 0 1
    outer loop
      vertex 121.29311575539748 5.9031405238225405 2.5
      vertex 121.34676688090727 5.688953224536289 2.5
      vertex 131.9 8.25 2.5
    endloop
  endfacet
  facet normal 0 0 1
    outer loop
      vertex 121.2187289481504 6.111037722821452 2.5
      vertex 121.29311575539748 5.9031405238225405 2.5
      vertex 131.9 8.25 2.5
    endloop
  endfacet
  facet normal 0 0 1
    outer loop
      vertex 121.12432284478379 6.310642657858494 2.5
      vertex 121.2187289481504 6.111037722821452 2.5
      vertex 131.9 8.25 2.5
    endloop
  endfacet
  facet normal 0 0 1
    outer loop
      vertex 121.01080662768072 6.500033024294105 2.5
      vertex 121.12432284478379 6.310642657858494 2.5
      vertex 131.9 8.25 2.5
    endloop
  endfacet
  facet normal 0 0 1
    outer loop
      vertex 120.87927352006616 6.677384889368202 2.5
      vertex 121.01080662768072 6.500033024294105 2.5
      vertex 131.9 8.25 2.5
    endloop
  endfacet
  facet normal 0 0 1
    outer loop
      vertex 120.73099025766973 6.840990257669732 2.5
      vertex 120.87927352006616 6.677384889368202 2.5
      vertex 131.9 8.25 2.5
    endloop
  endfacet
  facet normal 0 0 1
    outer loop
      vertex 120.5673848893682 6.989273520066158 2.5
      vertex 120.73099025766973 6.840990257669732 2.5
      vertex 131.9 8.25 2.5
    endloop
  endfacet
  facet normal 0 0 1
    outer loop
      vertex 120.3900330242941 7.120806627680727 2.5
      vertex 120.5673848893682 6.989273520066158 2.5
      vertex 131.9 8.25 2.5
    endloop
  endfacet
  facet normal 0 0 1
    outer loop
      vertex 120.2006426578585 7.234322844783799 2.5
      vertex 120.3900330242941 7.120806627680727 2.5
      vertex 131.9 8.25 2.5
    endloop
  endfacet
  facet normal 0 0 1
    outer loop
      vertex 120.00103772282145 7.328728948150395 2.5
      vertex 120.2006426578585 7.234322844783799 2.5
      vertex 131.9 8.25 2.5
    endloop
  endfacet
  facet normal 0 0 1
    outer loop
      vertex 119.79314052382254 7.4031157553974705 2.5
      vertex 120.00103772282145 7.328728948150395 2.5
      vertex 131.9 8.25 2.5
    endloop
  endfacet
  facet normal 0 0 1
    outer loop
      vertex 119.57895322453629 7.456766880907269 2.5
      vertex 119.79314052382254 7.4031157553974705 2.5
      vertex 131.9 8.25 2.5
    endloop
  endfacet
  facet normal 0 0 1
    outer loop
      vertex 119.3605385657415 7.4891656350124425 2.5
      vertex 119.57895322453629 7.456766880907269 2.5
      vertex 131.9 8.25 2.5
    endloop
  endfacet
  facet normal 0 0 1
    outer loop
      vertex 119.14 7.5 2.5
      vertex 119.3605385657415 7.4891656350124425 2.5
      vertex 131.9 8.25 2.5
    endloop
  endfacet
  facet normal 0 0 1
    outer loop
      vertex 123.4 11 2.5
      vertex 108.4 11 2.5
      vertex 131.9 8.25 2.5
    endloop
  endfacet
  facet normal 1 0 0
    outer loop
      vertex 155 0 0
      vertex 155 40.5 2.5
      vertex 155 0 2.5
    endloop
  endfacet
  facet normal 0 0 1
    outer loop
      vertex 155 0 2.5
      vertex 148.75 20.75 2.5
      vertex 148.75 16.75 2.5
    endloop
  endfacet
  facet normal 0 0 1
    outer loop
      vertex 155 0 2.5
      vertex 148.75 16.75 2.5
      vertex 145.75 13.75 2.5
    endloop
  endfacet
  facet normal 0 0 1
    outer loop
      vertex 145.75 13.75 2.5
      vertex 123.4 11 2.5
      vertex 131.9 8.25 2.5
    endloop
  endfacet
  facet normal 0 0 1
    outer loop
      vertex 145.75 13.75 2.5
      vertex 131.25 13.75 2.5
      vertex 123.4 11 2.5
    endloop
  endfacet
  facet normal 0 0 1
    outer loop
      vertex 123.4 17.6 2.5
      vertex 123.4 11 2.5
      vertex 131.25 13.75 2.5
    endloop
  endfacet
  facet normal 0 0 1
    outer loop
      vertex 131.25 13.75 2.5
      vertex 123.4 19.5 2.5
      vertex 123.4 17.6 2.5
    endloop
  endfacet
  facet normal 0 0 1
    outer loop
      vertex 131.25 20.75 2.5
      vertex 123.4 19.5 2.5
      vertex 131.25 13.75 2.5
    endloop
  endfacet
  facet normal 0 0 1
    outer loop
      vertex 108.4 17.6 2.5
      vertex 123.4 17.6 2.5
      vertex 123.4 19.5 2.5
    endloop
  endfacet
  facet normal 0 -1 0
    outer loop
      vertex 155 0 0
      vertex 155 0 2.5
      vertex 0 0 2.5
    endloop
  endfacet
  facet normal 0 0 1
    outer loop
      vertex 155 0 2.5
      vertex 133.9 2.25 2.5
      vertex 51.400000000000006 2.45 2.5
    endloop
  endfacet
  facet normal 0 0 1
    outer loop
      vertex 133.9 2.25 2.5
      vertex 113.14 3 2.5
      vertex 79.9 2.45 2.5
    endloop
  endfacet
  facet normal 0 0 1
    outer loop
      vertex 113.14 3 2.5
      vertex 112.9194614342585 3.010834364987557 2.5
      vertex 79.9 2.45 2.5
    endloop
  endfacet
  facet normal 0 0 1
    outer loop
      vertex 112.9194614342585 3.010834364987557 2.5
      vertex 112.70104677546371 3.0432331190927315 2.5
      vertex 79.9 2.45 2.5
    endloop
  endfacet
  facet normal 0 0 1
    outer loop
      vertex 112.70104677546371 3.0432331190927315 2.5
      vertex 112.48685947617746 3.09688424460253 2.5
      vertex 79.9 2.45 2.5
    endloop
  endfacet
  facet normal 0 0 1
    outer loop
      vertex 112.48685947617746 3.09688424460253 2.5
      vertex 112.27896227717855 3.171271051849605 2.5
      vertex 79.9 2.45 2.5
    endloop
  endfacet
  facet normal 0 0 1
    outer loop
      vertex 112.27896227717855 3.171271051849605 2.5
      vertex 112.0793573421415 3.265677155216201 2.5
      vertex 79.9 2.45 2.5
    endloop
  endfacet
  facet normal 0 0 1
    outer loop
      vertex 112.0793573421415 3.265677155216201 2.5
      vertex 111.8899669757059 3.379193372319273 2.5
      vertex 79.9 2.45 2.5
    endloop
  endfacet
  facet normal 0 0 1
    outer loop
      vertex 111.8899669757059 3.379193372319273 2.5
      vertex 111.7126151106318 3.510726479933842 2.5
      vertex 79.9 2.45 2.5
    endloop
  endfacet
  facet normal 0 0 1
    outer loop
      vertex 111.7126151106318 3.510726479933842 2.5
      vertex 111.54900974233027 3.6590097423302677 2.5
      vertex 79.9 2.45 2.5
    endloop
  endfacet
  facet normal 0 0 1
    outer loop
      vertex 111.54900974233027 3.6590097423302677 2.5
      vertex 111.40072647993384 3.822615110631798 2.5
      vertex 79.9 2.45 2.5
    endloop
  endfacet
  facet normal 0 0 1
    outer loop
      vertex 111.40072647993384 3.822615110631798 2.5
      vertex 111.26919337231928 3.9999669757058953 2.5
      vertex 79.9 2.45 2.5
    endloop
  endfacet
  facet normal 0 0 1
    outer loop
      vertex 111.26919337231928 3.9999669757058953 2.5
      vertex 111.15567715521621 4.189357342141506 2.5
      vertex 79.9 2.45 2.5
    endloop
  endfacet
  facet normal 0 0 1
    outer loop
      vertex 111.15567715521621 4.189357342141506 2.5
      vertex 111.0612710518496 4.388962277178548 2.5
      vertex 79.9 2.45 2.5
    endloop
  endfacet
  facet normal 0 0 1
    outer loop
      vertex 111.0612710518496 4.388962277178548 2.5
      vertex 110.98688424460252 4.5968594761774595 2.5
      vertex 79.9 2.45 2.5
    endloop
  endfacet
  facet normal 0 0 1
    outer loop
      vertex 110.98688424460252 4.5968594761774595 2.5
      vertex 110.93323311909273 4.811046775463711 2.5
      vertex 79.9 2.45 2.5
    endloop
  endfacet
  facet normal 0 0 1
    outer loop
      vertex 110.93323311909273 4.811046775463711 2.5
      vertex 110.90083436498756 5.029461434258488 2.5
      vertex 79.9 2.45 2.5
    endloop
  endfacet
  facet normal 0 0 1
    outer loop
      vertex 110.90083436498756 5.029461434258488 2.5
      vertex 110.89 5.25 2.5
      vertex 79.9 2.45 2.5
    endloop
  endfacet
  facet normal 0 0 1
    outer loop
      vertex 79.9 9.05 2.5
      vertex 119.14 7.5 2.5
      vertex 131.9 8.25 2.5
    endloop
  endfacet
  facet normal 0 0 1
    outer loop
      vertex 79.9 9.05 2.5
      vertex 131.9 8.25 2.5
      vertex 108.4 11 2.5
    endloop
  endfacet
  facet normal 0 0 1
    outer loop
      vertex 110.89 5.25 2.5
      vertex 110.90083436498756 5.470538565741512 2.5
      vertex 79.9 9.05 2.5
    endloop
  endfacet
  facet normal 0 0 1
    outer loop
      vertex 110.90083436498756 5.470538565741512 2.5
      vertex 110.93323311909273 5.688953224536289 2.5
      vertex 79.9 9.05 2.5
    endloop
  endfacet
  facet normal 0 0 1
    outer loop
      vertex 110.93323311909273 5.688953224536289 2.5
      vertex 110.98688424460252 5.9031405238225405 2.5
      vertex 79.9 9.05 2.5
    endloop
  endfacet
  facet normal 0 0 1
    outer loop
      vertex 110.98688424460252 5.9031405238225405 2.5
      vertex 111.0612710518496 6.111037722821452 2.5
      vertex 79.9 9.05 2.5
    endloop
  endfacet
  facet normal 0 0 1
    outer loop
      vertex 111.0612710518496 6.111037722821452 2.5
      vertex 111.15567715521621 6.310642657858494 2.5
      vertex 79.9 9.05 2.5
    endloop
  endfacet
  facet normal 0 0 1
    outer loop
      vertex 111.26919337231928 6.500033024294105 2.5
      vertex 111.40072647993384 6.677384889368202 2.5
      vertex 79.9 9.05 2.5
    endloop
  endfacet
  facet normal 0 0 1
    outer loop
      vertex 111.15567715521621 6.310642657858494 2.5
      vertex 111.26919337231928 6.500033024294105 2.5
      vertex 79.9 9.05 2.5
    endloop
  endfacet
  facet normal 0 0 1
    outer loop
      vertex 111.40072647993384 6.677384889368202 2.5
      vertex 111.54900974233027 6.840990257669732 2.5
      vertex 79.9 9.05 2.5
    endloop
  endfacet
  facet normal 0 0 1
    outer loop
      vertex 113.14 7.5 2.5
      vertex 119.14 7.5 2.5
      vertex 79.9 9.05 2.5
    endloop
  endfacet
  facet normal 0 0 1
    outer loop
      vertex 112.9194614342585 7.4891656350124425 2.5
      vertex 113.14 7.5 2.5
      vertex 79.9 9.05 2.5
    endloop
  endfacet
  facet normal 0 0 1
    outer loop
      vertex 112.70104677546371 7.456766880907269 2.5
      vertex 112.9194614342585 7.4891656350124425 2.5
      vertex 79.9 9.05 2.5
    endloop
  endfacet
  facet normal 0 0 1
    outer loop
      vertex 111.7126151106318 6.989273520066158 2.5
      vertex 111.8899669757059 7.120806627680727 2.5
      vertex 79.9 9.05 2.5
    endloop
  endfacet
  facet normal 0 0 1
    outer loop
      vertex 112.0793573421415 7.234322844783799 2.5
      vertex 112.27896227717855 7.328728948150395 2.5
      vertex 79.9 9.05 2.5
    endloop
  endfacet
  facet normal 0 0 1
    outer loop
      vertex 111.8899669757059 7.120806627680727 2.5
      vertex 112.0793573421415 7.234322844783799 2.5
      vertex 79.9 9.05 2.5
    endloop
  endfacet
  facet normal 0 0 1
    outer loop
      vertex 111.54900974233027 6.840990257669732 2.5
      vertex 111.7126151106318 6.989273520066158 2.5
      vertex 79.9 9.05 2.5
    endloop
  endfacet
  facet normal 0 0 1
    outer loop
      vertex 112.48685947617746 7.4031157553974705 2.5
      vertex 112.70104677546371 7.456766880907269 2.5
      vertex 79.9 9.05 2.5
    endloop
  endfacet
  facet normal 0 0 1
    outer loop
      vertex 112.27896227717855 7.328728948150395 2.5
      vertex 112.48685947617746 7.4031157553974705 2.5
      vertex 79.9 9.05 2.5
    endloop
  endfacet
  facet normal 0 0 1
    outer loop
      vertex 133.9 2.25 2.5
      vertex 79.9 2.45 2.5
      vertex 64.9 2.45 2.5
    endloop
  endfacet
  facet normal 0 0 1
    outer loop
      vertex 133.9 2.25 2.5
      vertex 64.9 2.45 2.5
      vertex 51.400000000000006 2.45 2.5
    endloop
  endfacet
  facet normal 0 0 1
    outer loop
      vertex 155 0 2.5
      vertex 51.400000000000006 2.45 2.5
      vertex 36.400000000000006 2.45 2.5
    endloop
  endfacet
  facet normal 0 0 1
    outer loop
      vertex 79.9 9.05 2.5
      vertex 79.9 2.45 2.5
      vertex 110.89 5.25 2.5
    endloop
  endfacet
  facet normal 0 0 1
    outer loop
      vertex 108.4 17.6 2.5
      vertex 123.4 19.5 2.5
      vertex 108.4 19.5 2.5
    endloop
  endfacet
  facet normal 0 0 1
    outer loop
      vertex 108.4 11 2.5
      vertex 108.4 17.6 2.5
      vertex 79.9 17.55 2.5
    endloop
  endfacet
  facet normal 0 0 1
    outer loop
      vertex 108.4 17.6 2.5
      vertex 108.4 19.5 2.5
      vertex 79.9 19.45 2.5
    endloop
  endfacet
  facet normal 0 0 1
    outer loop
      vertex 108.4 11 2.5
      vertex 79.9 10.95 2.5
      vertex 79.9 9.05 2.5
    endloop
  endfacet
  facet normal 0 0 1
    outer loop
      vertex 108.4 11 2.5
      vertex 79.9 17.55 2.5
      vertex 79.9 10.95 2.5
    endloop
  endfacet
  facet normal 0 0 1
    outer loop
      vertex 108.4 17.6 2.5
      vertex 64.9 17.55 2.5
      vertex 79.9 17.55 2.5
    endloop
  endfacet
  facet normal 0 0 1
    outer loop
      vertex 64.9 17.55 2.5
      vertex 108.4 17.6 2.5
      vertex 79.9 19.45 2.5
    endloop
  endfacet
  facet normal 0 0 -1
    outer loop
      vertex 155 0 0
      vertex 148.75 20.75 0
      vertex 155 40.5 0
    endloop
  endfacet
  facet normal 0 0 -1
    outer loop
      vertex 155 40.5 0
      vertex 148.75 20.75 0
      vertex 131.25 20.75 0
    endloop
  endfacet
  facet normal 0 0 -1
    outer loop
      vertex 131.25 20.75 0
      vertex 123.4 19.5 0
      vertex 123.4 31.85 0
    endloop
  endfacet
  facet normal 1 0 0
    outer loop
      vertex 155 0 0
      vertex 155 40.5 0
      vertex 155 40.5 2.5
    endloop
  endfacet
  facet normal 0 0 -1
    outer loop
      vertex 155 40.5 0
      vertex 131.25 20.75 0
      vertex 123.4 31.85 0
    endloop
  endfacet
  facet normal 0 0 -1
    outer loop
      vertex 155 40.5 0
      vertex 123.4 31.85 0
      vertex 108.4 31.85 0
    endloop
  endfacet
  facet normal 0 0 -1
    outer loop
      vertex 108.4 17.6 0
      vertex 79.9 31.8 0
      vertex 108.4 19.5 0
    endloop
  endfacet
  facet normal 0 0 -1
    outer loop
      vertex 108.4 31.85 0
      vertex 108.4 19.5 0
      vertex 79.9 31.8 0
    endloop
  endfacet
  facet normal 0 0 -1
    outer loop
      vertex 108.4 17.6 0
      vertex 79.9 19.45 0
      vertex 79.9 31.8 0
    endloop
  endfacet
  facet normal 0 0 -1
    outer loop
      vertex 155 40.5 0
      vertex 108.4 31.85 0
      vertex 79.9 31.8 0
    endloop
  endfacet
  facet normal 0 0 -1
    outer loop
      vertex 155 40.5 0
      vertex 79.9 31.8 0
      vertex 51.400000000000006 34.55 0
    endloop
  endfacet
  facet normal 0 0 -1
    outer loop
      vertex 155 40.5 0
      vertex 51.400000000000006 34.55 0
      vertex 36.400000000000006 34.55 0
    endloop
  endfacet
  facet normal 0 1 0
    outer loop
      vertex 155 40.5 0
      vertex 0 40.5 0
      vertex 155 40.5 2.5
    endloop
  endfacet
  facet normal 0 0 1
    outer loop
      vertex 155 0 2.5
      vertex 155 40.5 2.5
      vertex 148.75 20.75 2.5
    endloop
  endfacet
  facet normal 0 0 1
    outer loop
      vertex 155 40.5 2.5
      vertex 131.25 20.75 2.5
      vertex 148.75 20.75 2.5
    endloop
  endfacet
  facet normal 0 0 1
    outer loop
      vertex 131.25 20.75 2.5
      vertex 123.4 31.85 2.5
      vertex 123.4 19.5 2.5
    endloop
  endfacet
  facet normal 0 0 1
    outer loop
      vertex 155 40.5 2.5
      vertex 123.4 31.85 2.5
      vertex 131.25 20.75 2.5
    endloop
  endfacet
  facet normal 0 0 1
    outer loop
      vertex 155 40.5 2.5
      vertex 108.4 31.85 2.5
      vertex 123.4 31.85 2.5
    endloop
  endfacet
  facet normal 0 0 1
    outer loop
      vertex 108.4 19.5 2.5
      vertex 108.4 31.85 2.5
      vertex 79.9 31.8 2.5
    endloop
  endfacet
  facet normal 0 0 1
    outer loop
      vertex 79.9 31.8 2.5
      vertex 79.9 19.45 2.5
      vertex 108.4 19.5 2.5
    endloop
  endfacet
  facet normal 0 0 1
    outer loop
      vertex 155 40.5 2.5
      vertex 79.9 31.8 2.5
      vertex 108.4 31.85 2.5
    endloop
  endfacet
  facet normal 0 0 1
    outer loop
      vertex 155 40.5 2.5
      vertex 64.9 31.8 2.5
      vertex 79.9 31.8 2.5
    endloop
  endfacet
  facet normal 0 0 1
    outer loop
      vertex 155 40.5 2.5
      vertex 51.400000000000006 34.55 2.5
      vertex 64.9 31.8 2.5
    endloop
  endfacet
  facet normal 0 0 1
    outer loop
      vertex 155 40.5 2.5
      vertex 36.400000000000006 34.55 2.5
      vertex 51.400000000000006 34.55 2.5
    endloop
  endfacet
  facet normal 0 0 -1
    outer loop
      vertex 0 0 0
      vertex 113.14 3 0
      vertex 119.14 3 0
    endloop
  endfacet
  facet normal 0 0 -1
    outer loop
      vertex 0 0 0
      vertex 79.9 2.45 0
      vertex 113.14 3 0
    endloop
  endfacet
  facet normal 0 0 -1
    outer loop
      vertex 64.9 9.05 0
      vertex 64.9 2.45 0
      vertex 51.400000000000006 2.45 0
    endloop
  endfacet
  facet normal 0 0 -1
    outer loop
      vertex 112.90123456790124 11 0
      vertex 79.9 9.05 0
      vertex 34.35000000000001 9.450000000000003 0
    endloop
  endfacet
  facet normal 0 0 -1
    outer loop
      vertex 79.9 9.05 0
      vertex 64.9 9.05 0
      vertex 34.35000000000001 9.450000000000003 0
    endloop
  endfacet
  facet normal 0 0 -1
    outer loop
      vertex 0 0 0
      vertex 64.9 2.45 0
      vertex 79.9 2.45 0
    endloop
  endfacet
  facet normal 0 0 -1
    outer loop
      vertex 0 0 0
      vertex 51.400000000000006 2.45 0
      vertex 64.9 2.45 0
    endloop
  endfacet
  facet normal 0 0 -1
    outer loop
      vertex 64.9 9.05 0
      vertex 51.400000000000006 2.45 0
      vertex 51.400000000000006 9.05 0
    endloop
  endfacet
  facet normal 0 0 -1
    outer loop
      vertex 64.9 9.05 0
      vertex 51.400000000000006 9.05 0
      vertex 34.35000000000001 9.450000000000003 0
    endloop
  endfacet
  facet normal 0 0 -1
    outer loop
      vertex 51.400000000000006 9.05 0
      vertex 36.400000000000006 9.05 0
      vertex 34.35000000000001 9.450000000000003 0
    endloop
  endfacet
  facet normal 0 -1 0
    outer loop
      vertex 155 0 0
      vertex 0 0 2.5
      vertex 0 0 0
    endloop
  endfacet
  facet normal 0 0 -1
    outer loop
      vertex 108.4 11 0
      vertex 34.24431904221778 10.522996771088708 0
      vertex 79.9 10.95 0
    endloop
  endfacet
  facet normal 0 0 -1
    outer loop
      vertex 108.4 11 0
      vertex 34.35000000000001 9.450000000000003 0
      vertex 34.3235159966971 9.989094271812586 0
    endloop
  endfacet
  facet normal 0 0 -1
    outer loop
      vertex 108.4 11 0
      vertex 34.3235159966971 9.989094271812586 0
      vertex 34.24431904221778 10.522996771088708 0
    endloop
  endfacet
  facet normal 0 0 -1
    outer loop
      vertex 79.9 10.95 0
      vertex 34.24431904221778 10.522996771088708 0
      vertex 64.9 10.95 0
    endloop
  endfacet
  facet normal 0 0 -1
    outer loop
      vertex 64.9 17.55 0
      vertex 64.9 10.95 0
      vertex 51.400000000000006 10.95 0
    endloop
  endfacet
  facet normal 0 0 -1
    outer loop
      vertex 79.9 19.45 0
      vertex 79.9 17.55 0
      vertex 64.9 19.45 0
    endloop
  endfacet
  facet normal 0 0 -1
    outer loop
      vertex 79.9 17.55 0
      vertex 64.9 17.55 0
      vertex 64.9 19.45 0
    endloop
  endfacet
  facet normal 0 0 -1
    outer loop
      vertex 64.9 17.55 0
      vertex 51.400000000000006 17.55 0
      vertex 64.9 19.45 0
    endloop
  endfacet
  facet normal 0 0 -1
    outer loop
      vertex 34.24431904221778 10.522996771088708 0
      vertex 51.400000000000006 10.95 0
      vertex 64.9 10.95 0
    endloop
  endfacet
  facet normal 0 0 -1
    outer loop
      vertex 36.400000000000006 10.95 0
      vertex 51.400000000000006 10.95 0
      vertex 34.24431904221778 10.522996771088708 0
    endloop
  endfacet
  facet normal 0 0 -1
    outer loop
      vertex 64.9 17.55 0
      vertex 51.400000000000006 10.95 0
      vertex 51.400000000000006 17.55 0
    endloop
  endfacet
  facet normal 0 0 -1
    outer loop
      vertex 51.400000000000006 17.55 0
      vertex 51.400000000000006 19.45 0
      vertex 64.9 19.45 0
    endloop
  endfacet
  facet normal 0 0 -1
    outer loop
      vertex 51.400000000000006 17.55 0
      vertex 36.400000000000006 19.45 0
      vertex 51.400000000000006 19.45 0
    endloop
  endfacet
  facet normal 0 0 -1
    outer loop
      vertex 51.400000000000006 17.55 0
      vertex 36.400000000000006 17.55 0
      vertex 36.400000000000006 19.45 0
    endloop
  endfacet
  facet normal 0 0 -1
    outer loop
      vertex 0 0 0
      vertex 36.400000000000006 2.45 0
      vertex 51.400000000000006 2.45 0
    endloop
  endfacet
  facet normal 0 0 -1
    outer loop
      vertex 32.73908729652602 5.560912703473991 0
      vertex 33.101557493495065 5.960836937099953 0
      vertex 36.400000000000006 2.45 0
    endloop
  endfacet
  facet normal 0 0 -1
    outer loop
      vertex 33.101557493495065 5.960836937099953 0
      vertex 33.42308286766401 6.39436371839219 0
      vertex 36.400000000000006 2.45 0
    endloop
  endfacet
  facet normal 0 0 -1
    outer loop
      vertex 28.85000000000001 3.950000000000003 0
      vertex 29.389094271812596 3.97648400330292 0
      vertex 36.400000000000006 2.45 0
    endloop
  endfacet
  facet normal 0 0 -1
    outer loop
      vertex 29.92299677108872 4.0556809577822355 0
      vertex 30.446565724899557 4.186828153472854 0
      vertex 36.400000000000006 2.45 0
    endloop
  endfacet
  facet normal 0 0 -1
    outer loop
      vertex 30.446565724899557 4.186828153472854 0
      vertex 30.954758878008008 4.368662571187926 0
      vertex 36.400000000000006 2.45 0
    endloop
  endfacet
  facet normal 0 0 -1
    outer loop
      vertex 29.389094271812596 3.97648400330292 0
      vertex 29.92299677108872 4.0556809577822355 0
      vertex 36.400000000000006 2.45 0
    endloop
  endfacet
  facet normal 0 0 -1
    outer loop
      vertex 28.31090572818742 3.97648400330292 0
      vertex 28.85000000000001 3.950000000000003 0
      vertex 36.400000000000006 2.45 0
    endloop
  endfacet
  facet normal 0 0 -1
    outer loop
      vertex 30.954758878008008 4.368662571187926 0
      vertex 31.44268205254299 4.59943304608405 0
      vertex 36.400000000000006 2.45 0
    endloop
  endfacet
  facet normal 0 0 -1
    outer loop
      vertex 31.44268205254299 4.59943304608405 0
      vertex 31.905636281607826 4.876917132336004 0
      vertex 36.400000000000006 2.45 0
    endloop
  endfacet
  facet normal 0 0 -1
    outer loop
      vertex 31.905636281607826 4.876917132336004 0
      vertex 32.339163062900056 5.198442506504949 0
      vertex 36.400000000000006 2.45 0
    endloop
  endfacet
  facet normal 0 0 -1
    outer loop
      vertex 32.339163062900056 5.198442506504949 0
      vertex 32.73908729652602 5.560912703473991 0
      vertex 36.400000000000006 2.45 0
    endloop
  endfacet
  facet normal 0 0 -1
    outer loop
      vertex 36.400000000000006 2.45 0
      vertex 15.180361288064518 3.626858878387077 0
      vertex 28.31090572818742 3.97648400330292 0
    endloop
  endfacet
  facet normal 0 0 -1
    outer loop
      vertex 14.792068561318246 3.569261093311211 0
      vertex 15.180361288064518 3.626858878387077 0
      vertex 36.400000000000006 2.45 0
    endloop
  endfacet
  facet normal 0 0 -1
    outer loop
      vertex 14.400000000000006 3.549999999999999 0
      vertex 14.792068561318246 3.569261093311211 0
      vertex 36.400000000000006 2.45 0
    endloop
  endfacet
  facet normal 0 0 -1
    outer loop
      vertex 27.777003228911298 4.0556809577822355 0
      vertex 28.31090572818742 3.97648400330292 0
      vertex 15.180361288064518 3.626858878387077 0
    endloop
  endfacet
  facet normal 0 0 -1
    outer loop
      vertex 27.25343427510046 4.186828153472854 0
      vertex 27.777003228911298 4.0556809577822355 0
      vertex 15.561138709017854 3.7222386570711636 0
    endloop
  endfacet
  facet normal 0 0 -1
    outer loop
      vertex 26.745241121992024 4.368662571187926 0
      vertex 27.25343427510046 4.186828153472854 0
      vertex 15.930733729460371 3.854481869954852 0
    endloop
  endfacet
  facet normal 0 0 -1
    outer loop
      vertex 26.25731794745701 4.59943304608405 0
      vertex 26.745241121992024 4.368662571187926 0
      vertex 16.285586947303983 4.022314942606579 0
    endloop
  endfacet
  facet normal 0 0 -1
    outer loop
      vertex 25.79436371839219 4.876917132336004 0
      vertex 26.25731794745701 4.59943304608405 0
      vertex 16.62228093207841 4.2241215507898175 0
    endloop
  endfacet
  facet normal 0 0 -1
    outer loop
      vertex 25.360836937099947 5.198442506504949 0
      vertex 25.79436371839219 4.876917132336004 0
      vertex 17.22842712474619 4.721572875253809 0
    endloop
  endfacet
  facet normal 0 0 -1
    outer loop
      vertex 15.180361288064518 3.626858878387077 0
      vertex 15.561138709017854 3.7222386570711636 0
      vertex 27.777003228911298 4.0556809577822355 0
    endloop
  endfacet
  facet normal 0 0 -1
    outer loop
      vertex 15.561138709017854 3.7222386570711636 0
      vertex 15.930733729460371 3.854481869954852 0
      vertex 27.25343427510046 4.186828153472854 0
    endloop
  endfacet
  facet normal 0 0 -1
    outer loop
      vertex 15.930733729460371 3.854481869954852 0
      vertex 16.285586947303983 4.022314942606579 0
      vertex 26.745241121992024 4.368662571187926 0
    endloop
  endfacet
  facet normal 0 0 -1
    outer loop
      vertex 16.285586947303983 4.022314942606579 0
      vertex 16.62228093207841 4.2241215507898175 0
      vertex 26.25731794745701 4.59943304608405 0
    endloop
  endfacet
  facet normal 0 0 -1
    outer loop
      vertex 16.937573136654578 4.457958186549051 0
      vertex 17.22842712474619 4.721572875253809 0
      vertex 25.79436371839219 4.876917132336004 0
    endloop
  endfacet
  facet normal 0 0 -1
    outer loop
      vertex 16.62228093207841 4.2241215507898175 0
      vertex 16.937573136654578 4.457958186549051 0
      vertex 25.79436371839219 4.876917132336004 0
    endloop
  endfacet
  facet normal 0 0 -1
    outer loop
      vertex 17.22842712474619 4.721572875253809 0
      vertex 17.492041813450953 5.012426863345417 0
      vertex 25.360836937099947 5.198442506504949 0
    endloop
  endfacet
  facet normal 0 0 -1
    outer loop
      vertex 33.42308286766401 6.39436371839219 0
      vertex 33.70056695391597 6.857317947457016 0
      vertex 36.400000000000006 2.45 0
    endloop
  endfacet
  facet normal 0 0 -1
    outer loop
      vertex 33.70056695391597 6.857317947457016 0
      vertex 33.931337428812085 7.345241121992009 0
      vertex 36.400000000000006 2.45 0
    endloop
  endfacet
  facet normal 0 0 -1
    outer loop
      vertex 36.400000000000006 9.05 0
      vertex 36.400000000000006 2.45 0
      vertex 33.931337428812085 7.345241121992009 0
    endloop
  endfacet
  facet normal 0 0 -1
    outer loop
      vertex 36.400000000000006 9.05 0
      vertex 33.931337428812085 7.345241121992009 0
      vertex 34.11317184652715 7.85343427510046 0
    endloop
  endfacet
  facet normal 0 0 -1
    outer loop
      vertex 36.400000000000006 9.05 0
      vertex 34.11317184652715 7.85343427510046 0
      vertex 34.24431904221778 8.377003228911297 0
    endloop
  endfacet
  facet normal 0 0 -1
    outer loop
      vertex 36.400000000000006 9.05 0
      vertex 34.24431904221778 8.377003228911297 0
      vertex 34.3235159966971 8.91090572818742 0
    endloop
  endfacet
  facet normal 0 0 -1
    outer loop
      vertex 34.3235159966971 8.91090572818742 0
      vertex 34.35000000000001 9.450000000000003 0
      vertex 36.400000000000006 9.05 0
    endloop
  endfacet
  facet normal 0 0 -1
    outer loop
      vertex 24.96091270347401 5.560912703473991 0
      vertex 25.360836937099947 5.198442506504949 0
      vertex 17.492041813450953 5.012426863345417 0
    endloop
  endfacet
  facet normal 0 0 -1
    outer loop
      vertex 24.598442506504966 5.960836937099953 0
      vertex 24.96091270347401 5.560912703473991 0
      vertex 17.7258784492102 5.32771906792159 0
    endloop
  endfacet
  facet normal 0 0 -1
    outer loop
      vertex 24.276917132335996 6.39436371839219 0
      vertex 24.598442506504966 5.960836937099953 0
      vertex 17.927685057393433 5.664413052696008 0
    endloop
  endfacet
  facet normal 0 0 -1
    outer loop
      vertex 17.492041813450953 5.012426863345417 0
      vertex 17.7258784492102 5.32771906792159 0
      vertex 24.96091270347401 5.560912703473991 0
    endloop
  endfacet
  facet normal 0 0 -1
    outer loop
      vertex 17.7258784492102 5.32771906792159 0
      vertex 17.927685057393433 5.664413052696008 0
      vertex 24.598442506504966 5.960836937099953 0
    endloop
  endfacet
  facet normal 0 0 -1
    outer loop
      vertex 17.927685057393433 5.664413052696008 0
      vertex 18.09551813004515 6.01926627053964 0
      vertex 24.276917132335996 6.39436371839219 0
    endloop
  endfacet
  facet normal 0 0 -1
    outer loop
      vertex 18.09551813004515 6.01926627053964 0
      vertex 23.99943304608405 6.857317947457016 0
      vertex 24.276917132335996 6.39436371839219 0
    endloop
  endfacet
  facet normal 0 0 -1
    outer loop
      vertex 23.768662571187917 7.345241121992009 0
      vertex 23.99943304608405 6.857317947457016 0
      vertex 18.22776134292883 6.38886129098215 0
    endloop
  endfacet
  facet normal 0 0 -1
    outer loop
      vertex 23.58682815347285 7.85343427510046 0
      vertex 23.768662571187917 7.345241121992009 0
      vertex 18.380738906688805 7.157931438681756 0
    endloop
  endfacet
  facet normal 0 0 -1
    outer loop
      vertex 18.09551813004515 6.01926627053964 0
      vertex 18.22776134292883 6.38886129098215 0
      vertex 23.99943304608405 6.857317947457016 0
    endloop
  endfacet
  facet normal 0 0 -1
    outer loop
      vertex 23.768662571187917 7.345241121992009 0
      vertex 18.22776134292883 6.38886129098215 0
      vertex 18.323141121612935 6.769638711935486 0
    endloop
  endfacet
  facet normal 0 0 -1
    outer loop
      vertex 18.323141121612935 6.769638711935486 0
      vertex 18.380738906688805 7.157931438681756 0
      vertex 23.768662571187917 7.345241121992009 0
    endloop
  endfacet
  facet normal 0 0 -1
    outer loop
      vertex 18.380738906688805 7.157931438681756 0
      vertex 18.400000000000006 7.549999999999999 0
      vertex 23.58682815347285 7.85343427510046 0
    endloop
  endfacet
  facet normal 0 0 -1
    outer loop
      vertex 23.45568095778225 8.377003228911297 0
      vertex 23.58682815347285 7.85343427510046 0
      vertex 18.400000000000006 7.549999999999999 0
    endloop
  endfacet
  facet normal 0 0 -1
    outer loop
      vertex 18.400000000000006 7.549999999999999 0
      vertex 18.400000000000006 8.549999999999999 0
      vertex 23.45568095778225 8.377003228911297 0
    endloop
  endfacet
  facet normal 0 0 -1
    outer loop
      vertex 23.37648400330292 8.91090572818742 0
      vertex 23.45568095778225 8.377003228911297 0
      vertex 18.400000000000006 8.549999999999999 0
    endloop
  endfacet
  facet normal 0 0 -1
    outer loop
      vertex 18.400000000000006 8.549999999999999 0
      vertex 18.380738906688805 8.94206856131824 0
      vertex 23.37648400330292 8.91090572818742 0
    endloop
  endfacet
  facet normal 0 0 -1
    outer loop
      vertex 23.350000000000023 9.450000000000003 0
      vertex 23.37648400330292 8.91090572818742 0
      vertex 18.380738906688805 8.94206856131824 0
    endloop
  endfacet
  facet normal 0 0 -1
    outer loop
      vertex 18.380738906688805 8.94206856131824 0
      vertex 18.323141121612935 9.330361288064513 0
      vertex 23.350000000000023 9.450000000000003 0
    endloop
  endfacet
  facet normal 0 0 -1
    outer loop
      vertex 23.37648400330292 9.989094271812586 0
      vertex 23.350000000000023 9.450000000000003 0
      vertex 18.323141121612935 9.330361288064513 0
    endloop
  endfacet
  facet normal 0 0 -1
    outer loop
      vertex 23.45568095778225 10.522996771088708 0
      vertex 23.37648400330292 9.989094271812586 0
      vertex 18.22776134292883 9.711138709017849 0
    endloop
  endfacet
  facet normal 0 0 -1
    outer loop
      vertex 18.323141121612935 9.330361288064513 0
      vertex 18.22776134292883 9.711138709017849 0
      vertex 23.37648400330292 9.989094271812586 0
    endloop
  endfacet
  facet normal 0 0 -1
    outer loop
      vertex 23.45568095778225 10.522996771088708 0
      vertex 18.22776134292883 9.711138709017849 0
      vertex 18.09551813004515 10.08073372946036 0
    endloop
  endfacet
  facet normal 0 0 -1
    outer loop
      vertex 0 0 0
      vertex 14.400000000000006 3.549999999999999 0
      vertex 36.400000000000006 2.45 0
    endloop
  endfacet
  facet normal 0 0 -1
    outer loop
      vertex 0 0 0
      vertex 14.007931438681766 3.569261093311211 0
      vertex 14.400000000000006 3.549999999999999 0
    endloop
  endfacet
  facet normal 0 0 -1
    outer loop
      vertex 0 0 0
      vertex 13.619638711935494 3.626858878387077 0
      vertex 14.007931438681766 3.569261093311211 0
    endloop
  endfacet
  facet normal 0 0 -1
    outer loop
      vertex 0 0 0
      vertex 13.238861290982157 3.7222386570711636 0
      vertex 13.619638711935494 3.626858878387077 0
    endloop
  endfacet
  facet normal 0 0 -1
    outer loop
      vertex 0 0 0
      vertex 12.86926627053964 3.854481869954852 0
      vertex 13.238861290982157 3.7222386570711636 0
    endloop
  endfacet
  facet normal 0 0 -1
    outer loop
      vertex 0 0 0
      vertex 12.514413052696028 4.022314942606579 0
      vertex 12.86926627053964 3.854481869954852 0
    endloop
  endfacet
  facet normal 0 0 -1
    outer loop
      vertex 0 0 0
      vertex 12.1777190679216 4.2241215507898175 0
      vertex 12.514413052696028 4.022314942606579 0
    endloop
  endfacet
  facet normal 0 0 -1
    outer loop
      vertex 0 0 0
      vertex 11.862426863345434 4.457958186549051 0
      vertex 12.1777190679216 4.2241215507898175 0
    endloop
  endfacet
  facet normal 0 0 -1
    outer loop
      vertex 0 0 0
      vertex 11.571572875253821 4.721572875253809 0
      vertex 11.862426863345434 4.457958186549051 0
    endloop
  endfacet
  facet normal 0 0 -1
    outer loop
      vertex 0 0 0
      vertex 11.307958186549058 5.012426863345417 0
      vertex 11.571572875253821 4.721572875253809 0
    endloop
  endfacet
  facet normal 0 0 -1
    outer loop
      vertex 0 0 0
      vertex 11.074121550789812 5.32771906792159 0
      vertex 11.307958186549058 5.012426863345417 0
    endloop
  endfacet
  facet normal 0 0 -1
    outer loop
      vertex 0 0 0
      vertex 10.872314942606579 5.664413052696008 0
      vertex 11.074121550789812 5.32771906792159 0
    endloop
  endfacet
  facet normal 0 0 -1
    outer loop
      vertex 0 0 0
      vertex 10.704481869954861 6.01926627053964 0
      vertex 10.872314942606579 5.664413052696008 0
    endloop
  endfacet
  facet normal 0 0 -1
    outer loop
      vertex 0 0 0
      vertex 10.572238657071182 6.38886129098215 0
      vertex 10.704481869954861 6.01926627053964 0
    endloop
  endfacet
  facet normal 0 0 -1
    outer loop
      vertex 0 0 0
      vertex 10.476858878387077 6.769638711935486 0
      vertex 10.572238657071182 6.38886129098215 0
    endloop
  endfacet
  facet normal 0 0 -1
    outer loop
      vertex 0 0 0
      vertex 10.419261093311206 7.157931438681756 0
      vertex 10.476858878387077 6.769638711935486 0
    endloop
  endfacet
  facet normal 0 0 -1
    outer loop
      vertex 0 0 0
      vertex 10.400000000000006 7.549999999999999 0
      vertex 10.419261093311206 7.157931438681756 0
    endloop
  endfacet
  facet normal 0 0 -1
    outer loop
      vertex 0 0 0
      vertex 10.400000000000006 8.549999999999999 0
      vertex 10.400000000000006 7.549999999999999 0
    endloop
  endfacet
  facet normal 0 0 -1
    outer loop
      vertex 0 0 0
      vertex 10.419261093311206 8.94206856131824 0
      vertex 10.400000000000006 8.549999999999999 0
    endloop
  endfacet
  facet normal 0 0 -1
    outer loop
      vertex 0 0 0
      vertex 10.476858878387077 9.330361288064513 0
      vertex 10.419261093311206 8.94206856131824 0
    endloop
  endfacet
  facet normal 0 0 -1
    outer loop
      vertex 0 0 0
      vertex 11.074121550789812 10.772280932078408 0
      vertex 10.872314942606579 10.435586947303989 0
    endloop
  endfacet
  facet normal 0 0 -1
    outer loop
      vertex 0 0 0
      vertex 11.307958186549058 11.08757313665458 0
      vertex 11.074121550789812 10.772280932078408 0
    endloop
  endfacet
  facet normal 0 0 -1
    outer loop
      vertex 0 0 0
      vertex 10.572238657071182 9.711138709017849 0
      vertex 10.476858878387077 9.330361288064513 0
    endloop
  endfacet
  facet normal 0 0 -1
    outer loop
      vertex 0 0 0
      vertex 10.704481869954861 10.08073372946036 0
      vertex 10.572238657071182 9.711138709017849 0
    endloop
  endfacet
  facet normal 0 0 -1
    outer loop
      vertex 0 0 0
      vertex 10.872314942606579 10.435586947303989 0
      vertex 10.704481869954861 10.08073372946036 0
    endloop
  endfacet
  facet normal 0 0 -1
    outer loop
      vertex 0 0 0
      vertex 14.007931438681766 14.16926109331121 0
      vertex 11.307958186549058 11.08757313665458 0
    endloop
  endfacet
  facet normal 0 0 -1
    outer loop
      vertex 0 0 0
      vertex 13.619638711935494 14.226858878387077 0
      vertex 14.007931438681766 14.16926109331121 0
    endloop
  endfacet
  facet normal 0 0 -1
    outer loop
      vertex 0 0 0
      vertex 13.238861290982157 14.322238657071164 0
      vertex 13.619638711935494 14.226858878387077 0
    endloop
  endfacet
  facet normal 0 0 -1
    outer loop
      vertex 0 0 0
      vertex 12.86926627053964 14.45448186995485 0
      vertex 13.238861290982157 14.322238657071164 0
    endloop
  endfacet
  facet normal 0 0 -1
    outer loop
      vertex 0 0 0
      vertex 12.514413052696028 14.622314942606579 0
      vertex 12.86926627053964 14.45448186995485 0
    endloop
  endfacet
  facet normal 0 0 -1
    outer loop
      vertex 0 0 0
      vertex 12.1777190679216 14.824121550789817 0
      vertex 12.514413052696028 14.622314942606579 0
    endloop
  endfacet
  facet normal 0 0 -1
    outer loop
      vertex 0 0 0
      vertex 11.862426863345434 15.057958186549051 0
      vertex 12.1777190679216 14.824121550789817 0
    endloop
  endfacet
  facet normal 0 0 -1
    outer loop
      vertex 34.24431904221778 10.522996771088708 0
      vertex 34.11317184652715 11.046565724899546 0
      vertex 36.400000000000006 10.95 0
    endloop
  endfacet
  facet normal 0 0 -1
    outer loop
      vertex 34.11317184652715 11.046565724899546 0
      vertex 33.931337428812085 11.554758878007997 0
      vertex 36.400000000000006 10.95 0
    endloop
  endfacet
  facet normal 0 0 -1
    outer loop
      vertex 33.931337428812085 11.554758878007997 0
      vertex 33.70056695391597 12.04268205254299 0
      vertex 36.400000000000006 10.95 0
    endloop
  endfacet
  facet normal 0 0 -1
    outer loop
      vertex 36.400000000000006 16.083333333333332 0
      vertex 36.400000000000006 10.95 0
      vertex 33.70056695391597 12.04268205254299 0
    endloop
  endfacet
  facet normal 0 0 -1
    outer loop
      vertex 36.400000000000006 16.083333333333332 0
      vertex 33.70056695391597 12.04268205254299 0
      vertex 33.42308286766401 12.505636281607815 0
    endloop
  endfacet
  facet normal 0 0 -1
    outer loop
      vertex 36.400000000000006 16.083333333333332 0
      vertex 33.42308286766401 12.505636281607815 0
      vertex 33.101557493495065 12.939163062900054 0
    endloop
  endfacet
  facet normal 0 0 -1
    outer loop
      vertex 36.400000000000006 16.083333333333332 0
      vertex 33.101557493495065 12.939163062900054 0
      vertex 32.73908729652602 13.339087296526014 0
    endloop
  endfacet
  facet normal 0 0 -1
    outer loop
      vertex 36.400000000000006 16.083333333333332 0
      vertex 32.73908729652602 13.339087296526014 0
      vertex 32.339163062900056 13.701557493495056 0
    endloop
  endfacet
  facet normal 0 0 -1
    outer loop
      vertex 36.400000000000006 16.083333333333332 0
      vertex 32.339163062900056 13.701557493495056 0
      vertex 31.905636281607826 14.023082867664002 0
    endloop
  endfacet
  facet normal 0 0 -1
    outer loop
      vertex 36.400000000000006 16.083333333333332 0
      vertex 31.905636281607826 14.023082867664002 0
      vertex 31.44268205254299 14.300566953915956 0
    endloop
  endfacet
  facet normal 0 0 -1
    outer loop
      vertex 36.400000000000006 16.083333333333332 0
      vertex 31.44268205254299 14.300566953915956 0
      vertex 30.954758878008008 14.53133742881208 0
    endloop
  endfacet
  facet normal 0 0 -1
    outer loop
      vertex 36.400000000000006 16.083333333333332 0
      vertex 30.954758878008008 14.53133742881208 0
      vertex 30.446565724899557 14.713171846527151 0
    endloop
  endfacet
  facet normal 0 0 -1
    outer loop
      vertex 23.58682815347285 11.046565724899546 0
      vertex 23.45568095778225 10.522996771088708 0
      vertex 18.09551813004515 10.08073372946036 0
    endloop
  endfacet
  facet normal 0 0 -1
    outer loop
      vertex 18.09551813004515 10.08073372946036 0
      vertex 17.927685057393433 10.435586947303989 0
      vertex 23.58682815347285 11.046565724899546 0
    endloop
  endfacet
  facet normal 0 0 -1
    outer loop
      vertex 23.768662571187917 11.554758878007997 0
      vertex 23.58682815347285 11.046565724899546 0
      vertex 17.927685057393433 10.435586947303989 0
    endloop
  endfacet
  facet normal 0 0 -1
    outer loop
      vertex 23.768662571187917 11.554758878007997 0
      vertex 17.927685057393433 10.435586947303989 0
      vertex 17.7258784492102 10.772280932078408 0
    endloop
  endfacet
  facet normal 0 0 -1
    outer loop
      vertex 17.7258784492102 10.772280932078408 0
      vertex 17.492041813450953 11.08757313665458 0
      vertex 23.768662571187917 11.554758878007997 0
    endloop
  endfacet
  facet normal 0 0 -1
    outer loop
      vertex 24.276917132335996 12.505636281607815 0
      vertex 23.99943304608405 12.04268205254299 0
      vertex 17.22842712474619 11.378427124746189 0
    endloop
  endfacet
  facet normal 0 0 -1
    outer loop
      vertex 24.598442506504966 12.939163062900054 0
      vertex 24.276917132335996 12.505636281607815 0
      vertex 16.937573136654578 11.642041813450946 0
    endloop
  endfacet
  facet normal 0 0 -1
    outer loop
      vertex 23.99943304608405 12.04268205254299 0
      vertex 23.768662571187917 11.554758878007997 0
      vertex 17.492041813450953 11.08757313665458 0
    endloop
  endfacet
  facet normal 0 0 -1
    outer loop
      vertex 17.492041813450953 11.08757313665458 0
      vertex 17.22842712474619 11.378427124746189 0
      vertex 23.99943304608405 12.04268205254299 0
    endloop
  endfacet
  facet normal 0 0 -1
    outer loop
      vertex 17.22842712474619 11.378427124746189 0
      vertex 16.937573136654578 11.642041813450946 0
      vertex 24.276917132335996 12.505636281607815 0
    endloop
  endfacet
  facet normal 0 0 -1
    outer loop
      vertex 24.598442506504966 12.939163062900054 0
      vertex 16.937573136654578 11.642041813450946 0
      vertex 16.62228093207841 11.87587844921018 0
    endloop
  endfacet
  facet normal 0 0 -1
    outer loop
      vertex 36.400000000000006 16.083333333333332 0
      vertex 28.31090572818742 14.923515996697086 0
      vertex 14.792068561318246 14.16926109331121 0
    endloop
  endfacet
  facet normal 0 0 -1
    outer loop
      vertex 24.96091270347401 13.339087296526014 0
      vertex 24.598442506504966 12.939163062900054 0
      vertex 16.62228093207841 11.87587844921018 0
    endloop
  endfacet
  facet normal 0 0 -1
    outer loop
      vertex 25.360836937099947 13.701557493495056 0
      vertex 24.96091270347401 13.339087296526014 0
      vertex 16.285586947303983 12.077685057393419 0
    endloop
  endfacet
  facet normal 0 0 -1
    outer loop
      vertex 26.25731794745701 14.300566953915956 0
      vertex 25.79436371839219 14.023082867664002 0
      vertex 15.180361288064518 12.47314112161292 0
    endloop
  endfacet
  facet normal 0 0 -1
    outer loop
      vertex 25.79436371839219 14.023082867664002 0
      vertex 25.360836937099947 13.701557493495056 0
      vertex 15.561138709017854 12.377761342928835 0
    endloop
  endfacet
  facet normal 0 0 -1
    outer loop
      vertex 26.745241121992024 14.53133742881208 0
      vertex 26.25731794745701 14.300566953915956 0
      vertex 14.792068561318246 12.530738906688786 0
    endloop
  endfacet
  facet normal 0 0 -1
    outer loop
      vertex 27.777003228911298 14.84431904221777 0
      vertex 27.25343427510046 14.713171846527151 0
      vertex 14.007931438681766 12.530738906688786 0
    endloop
  endfacet
  facet normal 0 0 -1
    outer loop
      vertex 27.25343427510046 14.713171846527151 0
      vertex 26.745241121992024 14.53133742881208 0
      vertex 14.400000000000006 12.549999999999999 0
    endloop
  endfacet
  facet normal 0 0 -1
    outer loop
      vertex 28.31090572818742 14.923515996697086 0
      vertex 27.777003228911298 14.84431904221777 0
      vertex 14.792068561318246 14.16926109331121 0
    endloop
  endfacet
  facet normal 0 0 -1
    outer loop
      vertex 36.400000000000006 16.083333333333332 0
      vertex 14.792068561318246 14.16926109331121 0
      vertex 15.180361288064518 14.226858878387077 0
    endloop
  endfacet
  facet normal 0 0 -1
    outer loop
      vertex 36.400000000000006 16.083333333333332 0
      vertex 15.180361288064518 14.226858878387077 0
      vertex 15.561138709017854 14.322238657071164 0
    endloop
  endfacet
  facet normal 0 0 -1
    outer loop
      vertex 36.400000000000006 16.083333333333332 0
      vertex 30.446565724899557 14.713171846527151 0
      vertex 29.92299677108872 14.84431904221777 0
    endloop
  endfacet
  facet normal 0 0 -1
    outer loop
      vertex 36.400000000000006 16.083333333333332 0
      vertex 29.92299677108872 14.84431904221777 0
      vertex 29.389094271812596 14.923515996697086 0
    endloop
  endfacet
  facet normal 0 0 -1
    outer loop
      vertex 36.400000000000006 16.083333333333332 0
      vertex 29.389094271812596 14.923515996697086 0
      vertex 28.85000000000001 14.950000000000003 0
    endloop
  endfacet
  facet normal 0 0 -1
    outer loop
      vertex 36.400000000000006 16.083333333333332 0
      vertex 28.85000000000001 14.950000000000003 0
      vertex 28.31090572818742 14.923515996697086 0
    endloop
  endfacet
  facet normal 0 0 -1
    outer loop
      vertex 36.400000000000006 16.083333333333332 0
      vertex 15.561138709017854 14.322238657071164 0
      vertex 36.400000000000006 17.55 0
    endloop
  endfacet
  facet normal 0 0 -1
    outer loop
      vertex 36.400000000000006 17.55 0
      vertex 16.285586947303983 14.622314942606579 0
      vertex 36.400000000000006 19.45 0
    endloop
  endfacet
  facet normal 0 0 -1
    outer loop
      vertex 18.09551813004515 16.61926627053964 0
      vertex 18.22776134292883 16.98886129098215 0
      vertex 36.400000000000006 19.45 0
    endloop
  endfacet
  facet normal 0 0 -1
    outer loop
      vertex 15.561138709017854 14.322238657071164 0
      vertex 15.930733729460371 14.45448186995485 0
      vertex 36.400000000000006 17.55 0
    endloop
  endfacet
  facet normal 0 0 -1
    outer loop
      vertex 15.930733729460371 14.45448186995485 0
      vertex 16.285586947303983 14.622314942606579 0
      vertex 36.400000000000006 17.55 0
    endloop
  endfacet
  facet normal 0 0 -1
    outer loop
      vertex 16.62228093207841 14.824121550789817 0
      vertex 16.937573136654578 15.057958186549051 0
      vertex 36.400000000000006 19.45 0
    endloop
  endfacet
  facet normal 0 0 -1
    outer loop
      vertex 16.285586947303983 14.622314942606579 0
      vertex 16.62228093207841 14.824121550789817 0
      vertex 36.400000000000006 19.45 0
    endloop
  endfacet
  facet normal 0 0 -1
    outer loop
      vertex 16.937573136654578 15.057958186549051 0
      vertex 17.22842712474619 15.321572875253809 0
      vertex 36.400000000000006 19.45 0
    endloop
  endfacet
  facet normal 0 0 -1
    outer loop
      vertex 17.22842712474619 15.321572875253809 0
      vertex 17.492041813450953 15.612426863345416 0
      vertex 36.400000000000006 19.45 0
    endloop
  endfacet
  facet normal 0 0 -1
    outer loop
      vertex 17.492041813450953 15.612426863345416 0
      vertex 17.7258784492102 15.92771906792159 0
      vertex 36.400000000000006 19.45 0
    endloop
  endfacet
  facet normal 0 0 -1
    outer loop
      vertex 17.7258784492102 15.92771906792159 0
      vertex 17.927685057393433 16.264413052696007 0
      vertex 36.400000000000006 19.45 0
    endloop
  endfacet
  facet normal 0 0 -1
    outer loop
      vertex 17.927685057393433 16.264413052696007 0
      vertex 18.09551813004515 16.61926627053964 0
      vertex 36.400000000000006 19.45 0
    endloop
  endfacet
  facet normal 0 0 -1
    outer loop
      vertex 18.22776134292883 16.98886129098215 0
      vertex 18.323141121612935 17.369638711935487 0
      vertex 36.400000000000006 19.45 0
    endloop
  endfacet
  facet normal 0 0 -1
    outer loop
      vertex 18.323141121612935 17.369638711935487 0
      vertex 18.380738906688805 17.757931438681755 0
      vertex 36.400000000000006 19.45 0
    endloop
  endfacet
  facet normal 0 0 -1
    outer loop
      vertex 18.380738906688805 17.757931438681755 0
      vertex 18.400000000000006 18.15 0
      vertex 36.400000000000006 19.45 0
    endloop
  endfacet
  facet normal 0 0 -1
    outer loop
      vertex 18.400000000000006 18.15 0
      vertex 18.400000000000006 19.65 0
      vertex 36.400000000000006 19.45 0
    endloop
  endfacet
  facet normal 0 0 -1
    outer loop
      vertex 24.96091270347401 13.339087296526014 0
      vertex 16.62228093207841 11.87587844921018 0
      vertex 16.285586947303983 12.077685057393419 0
    endloop
  endfacet
  facet normal 0 0 -1
    outer loop
      vertex 11.571572875253821 11.378427124746189 0
      vertex 11.307958186549058 11.08757313665458 0
      vertex 14.007931438681766 14.16926109331121 0
    endloop
  endfacet
  facet normal 0 0 -1
    outer loop
      vertex 11.862426863345434 11.642041813450946 0
      vertex 11.571572875253821 11.378427124746189 0
      vertex 14.007931438681766 14.16926109331121 0
    endloop
  endfacet
  facet normal 0 0 -1
    outer loop
      vertex 12.1777190679216 11.87587844921018 0
      vertex 11.862426863345434 11.642041813450946 0
      vertex 14.007931438681766 14.16926109331121 0
    endloop
  endfacet
  facet normal 0 0 -1
    outer loop
      vertex 25.360836937099947 13.701557493495056 0
      vertex 16.285586947303983 12.077685057393419 0
      vertex 15.930733729460371 12.245518130045145 0
    endloop
  endfacet
  facet normal 0 0 -1
    outer loop
      vertex 15.930733729460371 12.245518130045145 0
      vertex 15.561138709017854 12.377761342928835 0
      vertex 25.360836937099947 13.701557493495056 0
    endloop
  endfacet
  facet normal 0 0 -1
    outer loop
      vertex 15.561138709017854 12.377761342928835 0
      vertex 15.180361288064518 12.47314112161292 0
      vertex 25.79436371839219 14.023082867664002 0
    endloop
  endfacet
  facet normal 0 0 -1
    outer loop
      vertex 15.180361288064518 12.47314112161292 0
      vertex 14.792068561318246 12.530738906688786 0
      vertex 26.25731794745701 14.300566953915956 0
    endloop
  endfacet
  facet normal 0 0 -1
    outer loop
      vertex 14.792068561318246 12.530738906688786 0
      vertex 14.400000000000006 12.549999999999999 0
      vertex 26.745241121992024 14.53133742881208 0
    endloop
  endfacet
  facet normal 0 0 -1
    outer loop
      vertex 14.400000000000006 12.549999999999999 0
      vertex 14.007931438681766 12.530738906688786 0
      vertex 27.25343427510046 14.713171846527151 0
    endloop
  endfacet
  facet normal 0 0 -1
    outer loop
      vertex 14.007931438681766 12.530738906688786 0
      vertex 14.792068561318246 14.16926109331121 0
      vertex 27.777003228911298 14.84431904221777 0
    endloop
  endfacet
  facet normal 0 0 -1
    outer loop
      vertex 13.238861290982157 12.377761342928835 0
      vertex 12.86926627053964 12.245518130045145 0
      vertex 14.007931438681766 14.16926109331121 0
    endloop
  endfacet
  facet normal 0 0 -1
    outer loop
      vertex 14.007931438681766 12.530738906688786 0
      vertex 13.619638711935494 12.47314112161292 0
      vertex 14.007931438681766 14.16926109331121 0
    endloop
  endfacet
  facet normal 0 0 -1
    outer loop
      vertex 13.619638711935494 12.47314112161292 0
      vertex 13.238861290982157 12.377761342928835 0
      vertex 14.007931438681766 14.16926109331121 0
    endloop
  endfacet
  facet normal 0 0 -1
    outer loop
      vertex 12.514413052696028 12.077685057393419 0
      vertex 12.1777190679216 11.87587844921018 0
      vertex 14.007931438681766 14.16926109331121 0
    endloop
  endfacet
  facet normal 0 0 -1
    outer loop
      vertex 12.86926627053964 12.245518130045145 0
      vertex 12.514413052696028 12.077685057393419 0
      vertex 14.007931438681766 14.16926109331121 0
    endloop
  endfacet
  facet normal 0 0 -1
    outer loop
      vertex 14.400000000000006 14.149999999999999 0
      vertex 14.792068561318246 14.16926109331121 0
      vertex 14.007931438681766 12.530738906688786 0
    endloop
  endfacet
  facet normal 0 0 -1
    outer loop
      vertex 14.007931438681766 14.16926109331121 0
      vertex 14.400000000000006 14.149999999999999 0
      vertex 14.007931438681766 12.530738906688786 0
    endloop
  endfacet
  facet normal 0 0 -1
    outer loop
      vertex 0 0 0
      vertex 11.571572875253821 15.321572875253809 0
      vertex 11.862426863345434 15.057958186549051 0
    endloop
  endfacet
  facet normal 0 0 -1
    outer loop
      vertex 0 0 0
      vertex 11.307958186549058 15.612426863345416 0
      vertex 11.571572875253821 15.321572875253809 0
    endloop
  endfacet
  facet normal 0 0 -1
    outer loop
      vertex 0 0 0
      vertex 11.074121550789812 15.92771906792159 0
      vertex 11.307958186549058 15.612426863345416 0
    endloop
  endfacet
  facet normal 0 0 -1
    outer loop
      vertex 0 0 0
      vertex 10.872314942606579 16.264413052696007 0
      vertex 11.074121550789812 15.92771906792159 0
    endloop
  endfacet
  facet normal 0 0 -1
    outer loop
      vertex 0 0 0
      vertex 10.704481869954861 16.61926627053964 0
      vertex 10.872314942606579 16.264413052696007 0
    endloop
  endfacet
  facet normal 0 0 -1
    outer loop
      vertex 0 0 0
      vertex 10.572238657071182 16.98886129098215 0
      vertex 10.704481869954861 16.61926627053964 0
    endloop
  endfacet
  facet normal 0 0 -1
    outer loop
      vertex 0 0 0
      vertex 10.476858878387077 17.369638711935487 0
      vertex 10.572238657071182 16.98886129098215 0
    endloop
  endfacet
  facet normal 0 0 -1
    outer loop
      vertex 0 0 0
      vertex 10.419261093311206 17.757931438681755 0
      vertex 10.476858878387077 17.369638711935487 0
    endloop
  endfacet
  facet normal 0 0 -1
    outer loop
      vertex 0 0 0
      vertex 10.400000000000006 18.15 0
      vertex 10.419261093311206 17.757931438681755 0
    endloop
  endfacet
  facet normal 0 0 -1
    outer loop
      vertex 0 0 0
      vertex 10.400000000000006 19.65 0
      vertex 10.400000000000006 18.15 0
    endloop
  endfacet
  facet normal 0 0 -1
    outer loop
      vertex 0 0 0
      vertex 10.419261093311206 20.042068561318242 0
      vertex 10.400000000000006 19.65 0
    endloop
  endfacet
  facet normal 0 0 -1
    outer loop
      vertex 0 0 0
      vertex 10.476858878387077 20.43036128806451 0
      vertex 10.419261093311206 20.042068561318242 0
    endloop
  endfacet
  facet normal 0 0 -1
    outer loop
      vertex 0 0 0
      vertex 10.572238657071182 20.811138709017847 0
      vertex 10.476858878387077 20.43036128806451 0
    endloop
  endfacet
  facet normal 0 0 -1
    outer loop
      vertex 0 0 0
      vertex 10.704481869954861 21.180733729460357 0
      vertex 10.572238657071182 20.811138709017847 0
    endloop
  endfacet
  facet normal 0 0 -1
    outer loop
      vertex 0 0 0
      vertex 10.704481869954861 27.71926627053964 0
      vertex 10.704481869954861 21.180733729460357 0
    endloop
  endfacet
  facet normal 0 0 -1
    outer loop
      vertex 0 0 0
      vertex 10.572238657071182 28.088861290982152 0
      vertex 10.704481869954861 27.71926627053964 0
    endloop
  endfacet
  facet normal 0 0 -1
    outer loop
      vertex 0 0 0
      vertex 10.476858878387077 28.469638711935488 0
      vertex 10.572238657071182 28.088861290982152 0
    endloop
  endfacet
  facet normal -1 0 0
    outer loop
      vertex 0 0 0
      vertex 0 0 2.5
      vertex 0 40.5 0
    endloop
  endfacet
  facet normal 0 0 1
    outer loop
      vertex 155 0 2.5
      vertex 36.400000000000006 2.45 2.5
      vertex 0 0 2.5
    endloop
  endfacet
  facet normal 0 0 1
    outer loop
      vertex 64.9 9.05 2.5
      vertex 79.9 9.05 2.5
      vertex 79.9 10.95 2.5
    endloop
  endfacet
  facet normal 0 0 1
    outer loop
      vertex 64.9 2.45 2.5
      vertex 64.9 9.05 2.5
      vertex 51.400000000000006 9.05 2.5
    endloop
  endfacet
  facet normal 0 0 1
    outer loop
      vertex 64.9 2.45 2.5
      vertex 51.400000000000006 9.05 2.5
      vertex 51.400000000000006 2.45 2.5
    endloop
  endfacet
  facet normal 0 0 1
    outer loop
      vertex 64.9 9.05 2.5
      vertex 51.400000000000006 10.95 2.5
      vertex 51.400000000000006 9.05 2.5
    endloop
  endfacet
  facet normal 0 0 1
    outer loop
      vertex 51.400000000000006 10.95 2.5
      vertex 36.400000000000006 9.05 2.5
      vertex 51.400000000000006 9.05 2.5
    endloop
  endfacet
  facet normal 0 0 1
    outer loop
      vertex 34.35000000000001 9.450000000000003 2.5
      vertex 36.400000000000006 9.05 2.5
      vertex 51.400000000000006 10.95 2.5
    endloop
  endfacet
  facet normal 0 0 1
    outer loop
      vertex 64.9 9.05 2.5
      vertex 79.9 10.95 2.5
      vertex 64.9 10.95 2.5
    endloop
  endfacet
  facet normal 0 0 1
    outer loop
      vertex 64.9 9.05 2.5
      vertex 64.9 10.95 2.5
      vertex 51.400000000000006 10.95 2.5
    endloop
  endfacet
  facet normal 0 0 1
    outer loop
      vertex 64.9 17.55 2.5
      vertex 79.9 19.45 2.5
      vertex 64.9 19.45 2.5
    endloop
  endfacet
  facet normal 0 0 1
    outer loop
      vertex 64.9 10.95 2.5
      vertex 64.9 17.55 2.5
      vertex 51.400000000000006 17.55 2.5
    endloop
  endfacet
  facet normal 0 0 1
    outer loop
      vertex 64.9 17.55 2.5
      vertex 64.9 19.45 2.5
      vertex 51.400000000000006 17.55 2.5
    endloop
  endfacet
  facet normal 0 0 1
    outer loop
      vertex 51.400000000000006 17.55 2.5
      vertex 51.400000000000006 10.95 2.5
      vertex 64.9 10.95 2.5
    endloop
  endfacet
  facet normal 0 0 1
    outer loop
      vertex 34.35000000000001 9.450000000000003 2.5
      vertex 51.400000000000006 10.95 2.5
      vertex 36.400000000000006 10.95 2.5
    endloop
  endfacet
  facet normal 0 0 1
    outer loop
      vertex 51.400000000000006 17.55 2.5
      vertex 51.400000000000006 19.45 2.5
      vertex 36.400000000000006 19.45 2.5
    endloop
  endfacet
  facet normal 0 0 1
    outer loop
      vertex 36.400000000000006 17.55 2.5
      vertex 51.400000000000006 17.55 2.5
      vertex 36.400000000000006 19.45 2.5
    endloop
  endfacet
  facet normal 0 0 1
    outer loop
      vertex 36.400000000000006 2.45 2.5
      vertex 33.101557493495065 5.960836937099953 2.5
      vertex 32.73908729652602 5.560912703473991 2.5
    endloop
  endfacet
  facet normal 0 0 1
    outer loop
      vertex 36.400000000000006 2.45 2.5
      vertex 33.42308286766401 6.39436371839219 2.5
      vertex 33.101557493495065 5.960836937099953 2.5
    endloop
  endfacet
  facet normal 0 0 1
    outer loop
      vertex 29.389094271812596 3.97648400330292 2.5
      vertex 28.85000000000001 3.950000000000003 2.5
      vertex 36.400000000000006 2.45 2.5
    endloop
  endfacet
  facet normal 0 0 1
    outer loop
      vertex 30.446565724899557 4.186828153472854 2.5
      vertex 29.92299677108872 4.0556809577822355 2.5
      vertex 36.400000000000006 2.45 2.5
    endloop
  endfacet
  facet normal 0 0 1
    outer loop
      vertex 30.954758878008008 4.368662571187926 2.5
      vertex 30.446565724899557 4.186828153472854 2.5
      vertex 36.400000000000006 2.45 2.5
    endloop
  endfacet
  facet normal 0 0 1
    outer loop
      vertex 29.92299677108872 4.0556809577822355 2.5
      vertex 29.389094271812596 3.97648400330292 2.5
      vertex 36.400000000000006 2.45 2.5
    endloop
  endfacet
  facet normal 0 0 1
    outer loop
      vertex 28.85000000000001 3.950000000000003 2.5
      vertex 28.31090572818742 3.97648400330292 2.5
      vertex 36.400000000000006 2.45 2.5
    endloop
  endfacet
  facet normal 0 0 1
    outer loop
      vertex 31.44268205254299 4.59943304608405 2.5
      vertex 30.954758878008008 4.368662571187926 2.5
      vertex 36.400000000000006 2.45 2.5
    endloop
  endfacet
  facet normal 0 0 1
    outer loop
      vertex 31.905636281607826 4.876917132336004 2.5
      vertex 31.44268205254299 4.59943304608405 2.5
      vertex 36.400000000000006 2.45 2.5
    endloop
  endfacet
  facet normal 0 0 1
    outer loop
      vertex 32.339163062900056 5.198442506504949 2.5
      vertex 31.905636281607826 4.876917132336004 2.5
      vertex 36.400000000000006 2.45 2.5
    endloop
  endfacet
  facet normal 0 0 1
    outer loop
      vertex 32.73908729652602 5.560912703473991 2.5
      vertex 32.339163062900056 5.198442506504949 2.5
      vertex 36.400000000000006 2.45 2.5
    endloop
  endfacet
  facet normal 0 0 1
    outer loop
      vertex 36.400000000000006 2.45 2.5
      vertex 28.31090572818742 3.97648400330292 2.5
      vertex 15.180361288064518 3.626858878387077 2.5
    endloop
  endfacet
  facet normal 0 0 1
    outer loop
      vertex 15.180361288064518 3.626858878387077 2.5
      vertex 14.792068561318246 3.569261093311211 2.5
      vertex 36.400000000000006 2.45 2.5
    endloop
  endfacet
  facet normal 0 0 1
    outer loop
      vertex 28.31090572818742 3.97648400330292 2.5
      vertex 27.777003228911298 4.0556809577822355 2.5
      vertex 15.180361288064518 3.626858878387077 2.5
    endloop
  endfacet
  facet normal 0 0 1
    outer loop
      vertex 27.777003228911298 4.0556809577822355 2.5
      vertex 27.25343427510046 4.186828153472854 2.5
      vertex 15.561138709017854 3.7222386570711636 2.5
    endloop
  endfacet
  facet normal 0 0 1
    outer loop
      vertex 27.25343427510046 4.186828153472854 2.5
      vertex 26.745241121992024 4.368662571187926 2.5
      vertex 15.930733729460371 3.854481869954852 2.5
    endloop
  endfacet
  facet normal 0 0 1
    outer loop
      vertex 26.745241121992024 4.368662571187926 2.5
      vertex 26.25731794745701 4.59943304608405 2.5
      vertex 16.285586947303983 4.022314942606579 2.5
    endloop
  endfacet
  facet normal 0 0 1
    outer loop
      vertex 16.937573136654578 4.457958186549051 2.5
      vertex 26.25731794745701 4.59943304608405 2.5
      vertex 25.79436371839219 4.876917132336004 2.5
    endloop
  endfacet
  facet normal 0 0 1
    outer loop
      vertex 16.937573136654578 4.457958186549051 2.5
      vertex 25.79436371839219 4.876917132336004 2.5
      vertex 25.360836937099947 5.198442506504949 2.5
    endloop
  endfacet
  facet normal 0 0 1
    outer loop
      vertex 15.561138709017854 3.7222386570711636 2.5
      vertex 15.180361288064518 3.626858878387077 2.5
      vertex 27.777003228911298 4.0556809577822355 2.5
    endloop
  endfacet
  facet normal 0 0 1
    outer loop
      vertex 15.930733729460371 3.854481869954852 2.5
      vertex 15.561138709017854 3.7222386570711636 2.5
      vertex 27.25343427510046 4.186828153472854 2.5
    endloop
  endfacet
  facet normal 0 0 1
    outer loop
      vertex 16.285586947303983 4.022314942606579 2.5
      vertex 15.930733729460371 3.854481869954852 2.5
      vertex 26.745241121992024 4.368662571187926 2.5
    endloop
  endfacet
  facet normal 0 0 1
    outer loop
      vertex 16.62228093207841 4.2241215507898175 2.5
      vertex 16.285586947303983 4.022314942606579 2.5
      vertex 26.25731794745701 4.59943304608405 2.5
    endloop
  endfacet
  facet normal 0 0 1
    outer loop
      vertex 26.25731794745701 4.59943304608405 2.5
      vertex 16.937573136654578 4.457958186549051 2.5
      vertex 16.62228093207841 4.2241215507898175 2.5
    endloop
  endfacet
  facet normal 0 0 1
    outer loop
      vertex 24.598442506504966 5.960836937099953 2.5
      vertex 17.22842712474619 4.721572875253809 2.5
      vertex 16.937573136654578 4.457958186549051 2.5
    endloop
  endfacet
  facet normal 0 0 1
    outer loop
      vertex 36.400000000000006 2.45 2.5
      vertex 33.70056695391597 6.857317947457016 2.5
      vertex 33.42308286766401 6.39436371839219 2.5
    endloop
  endfacet
  facet normal 0 0 1
    outer loop
      vertex 36.400000000000006 2.45 2.5
      vertex 33.931337428812085 7.345241121992009 2.5
      vertex 33.70056695391597 6.857317947457016 2.5
    endloop
  endfacet
  facet normal 0 0 1
    outer loop
      vertex 36.400000000000006 2.45 2.5
      vertex 34.11317184652715 7.85343427510046 2.5
      vertex 33.931337428812085 7.345241121992009 2.5
    endloop
  endfacet
  facet normal 0 0 1
    outer loop
      vertex 36.400000000000006 2.45 2.5
      vertex 34.24431904221778 8.377003228911297 2.5
      vertex 34.11317184652715 7.85343427510046 2.5
    endloop
  endfacet
  facet normal 0 0 1
    outer loop
      vertex 36.400000000000006 2.45 2.5
      vertex 36.400000000000006 9.05 2.5
      vertex 34.24431904221778 8.377003228911297 2.5
    endloop
  endfacet
  facet normal 0 0 1
    outer loop
      vertex 34.3235159966971 8.91090572818742 2.5
      vertex 34.24431904221778 8.377003228911297 2.5
      vertex 36.400000000000006 9.05 2.5
    endloop
  endfacet
  facet normal 0 0 1
    outer loop
      vertex 34.35000000000001 9.450000000000003 2.5
      vertex 34.3235159966971 8.91090572818742 2.5
      vertex 36.400000000000006 9.05 2.5
    endloop
  endfacet
  facet normal 0 0 1
    outer loop
      vertex 16.937573136654578 4.457958186549051 2.5
      vertex 25.360836937099947 5.198442506504949 2.5
      vertex 24.96091270347401 5.560912703473991 2.5
    endloop
  endfacet
  facet normal 0 0 1
    outer loop
      vertex 16.937573136654578 4.457958186549051 2.5
      vertex 24.96091270347401 5.560912703473991 2.5
      vertex 24.598442506504966 5.960836937099953 2.5
    endloop
  endfacet
  facet normal 0 0 1
    outer loop
      vertex 24.598442506504966 5.960836937099953 2.5
      vertex 24.276917132335996 6.39436371839219 2.5
      vertex 18.09551813004515 6.01926627053964 2.5
    endloop
  endfacet
  facet normal 0 0 1
    outer loop
      vertex 24.598442506504966 5.960836937099953 2.5
      vertex 17.492041813450953 5.012426863345417 2.5
      vertex 17.22842712474619 4.721572875253809 2.5
    endloop
  endfacet
  facet normal 0 0 1
    outer loop
      vertex 24.598442506504966 5.960836937099953 2.5
      vertex 17.927685057393433 5.664413052696008 2.5
      vertex 17.7258784492102 5.32771906792159 2.5
    endloop
  endfacet
  facet normal 0 0 1
    outer loop
      vertex 24.598442506504966 5.960836937099953 2.5
      vertex 17.7258784492102 5.32771906792159 2.5
      vertex 17.492041813450953 5.012426863345417 2.5
    endloop
  endfacet
  facet normal 0 0 1
    outer loop
      vertex 24.598442506504966 5.960836937099953 2.5
      vertex 18.09551813004515 6.01926627053964 2.5
      vertex 17.927685057393433 5.664413052696008 2.5
    endloop
  endfacet
  facet normal 0 0 1
    outer loop
      vertex 24.276917132335996 6.39436371839219 2.5
      vertex 23.99943304608405 6.857317947457016 2.5
      vertex 18.09551813004515 6.01926627053964 2.5
    endloop
  endfacet
  facet normal 0 0 1
    outer loop
      vertex 23.99943304608405 6.857317947457016 2.5
      vertex 23.768662571187917 7.345241121992009 2.5
      vertex 18.323141121612935 6.769638711935486 2.5
    endloop
  endfacet
  facet normal 0 0 1
    outer loop
      vertex 23.768662571187917 7.345241121992009 2.5
      vertex 23.58682815347285 7.85343427510046 2.5
      vertex 18.380738906688805 7.157931438681756 2.5
    endloop
  endfacet
  facet normal 0 0 1
    outer loop
      vertex 18.22776134292883 6.38886129098215 2.5
      vertex 18.09551813004515 6.01926627053964 2.5
      vertex 23.99943304608405 6.857317947457016 2.5
    endloop
  endfacet
  facet normal 0 0 1
    outer loop
      vertex 23.99943304608405 6.857317947457016 2.5
      vertex 18.323141121612935 6.769638711935486 2.5
      vertex 18.22776134292883 6.38886129098215 2.5
    endloop
  endfacet
  facet normal 0 0 1
    outer loop
      vertex 23.768662571187917 7.345241121992009 2.5
      vertex 18.380738906688805 7.157931438681756 2.5
      vertex 18.323141121612935 6.769638711935486 2.5
    endloop
  endfacet
  facet normal 0 0 1
    outer loop
      vertex 18.400000000000006 7.549999999999999 2.5
      vertex 18.380738906688805 7.157931438681756 2.5
      vertex 23.58682815347285 7.85343427510046 2.5
    endloop
  endfacet
  facet normal 0 0 1
    outer loop
      vertex 23.58682815347285 7.85343427510046 2.5
      vertex 23.45568095778225 8.377003228911297 2.5
      vertex 18.400000000000006 7.549999999999999 2.5
    endloop
  endfacet
  facet normal 0 0 1
    outer loop
      vertex 18.400000000000006 8.549999999999999 2.5
      vertex 18.400000000000006 7.549999999999999 2.5
      vertex 23.45568095778225 8.377003228911297 2.5
    endloop
  endfacet
  facet normal 0 0 1
    outer loop
      vertex 23.45568095778225 8.377003228911297 2.5
      vertex 23.37648400330292 8.91090572818742 2.5
      vertex 18.400000000000006 8.549999999999999 2.5
    endloop
  endfacet
  facet normal 0 0 1
    outer loop
      vertex 18.380738906688805 8.94206856131824 2.5
      vertex 18.400000000000006 8.549999999999999 2.5
      vertex 23.37648400330292 8.91090572818742 2.5
    endloop
  endfacet
  facet normal 0 0 1
    outer loop
      vertex 23.37648400330292 8.91090572818742 2.5
      vertex 23.350000000000023 9.450000000000003 2.5
      vertex 18.380738906688805 8.94206856131824 2.5
    endloop
  endfacet
  facet normal 0 0 1
    outer loop
      vertex 18.323141121612935 9.330361288064513 2.5
      vertex 18.380738906688805 8.94206856131824 2.5
      vertex 23.350000000000023 9.450000000000003 2.5
    endloop
  endfacet
  facet normal 0 0 1
    outer loop
      vertex 23.350000000000023 9.450000000000003 2.5
      vertex 23.37648400330292 9.989094271812586 2.5
      vertex 18.323141121612935 9.330361288064513 2.5
    endloop
  endfacet
  facet normal 0 0 1
    outer loop
      vertex 23.37648400330292 9.989094271812586 2.5
      vertex 23.45568095778225 10.522996771088708 2.5
      vertex 18.22776134292883 9.711138709017849 2.5
    endloop
  endfacet
  facet normal 0 0 1
    outer loop
      vertex 18.22776134292883 9.711138709017849 2.5
      vertex 18.323141121612935 9.330361288064513 2.5
      vertex 23.37648400330292 9.989094271812586 2.5
    endloop
  endfacet
  facet normal 0 0 1
    outer loop
      vertex 18.09551813004515 10.08073372946036 2.5
      vertex 18.22776134292883 9.711138709017849 2.5
      vertex 23.45568095778225 10.522996771088708 2.5
    endloop
  endfacet
  facet normal 0 0 1
    outer loop
      vertex 0 0 2.5
      vertex 36.400000000000006 2.45 2.5
      vertex 14.792068561318246 3.569261093311211 2.5
    endloop
  endfacet
  facet normal 0 0 1
    outer loop
      vertex 0 0 2.5
      vertex 14.792068561318246 3.569261093311211 2.5
      vertex 14.400000000000006 3.549999999999999 2.5
    endloop
  endfacet
  facet normal 0 0 1
    outer loop
      vertex 0 0 2.5
      vertex 14.400000000000006 3.549999999999999 2.5
      vertex 14.007931438681766 3.569261093311211 2.5
    endloop
  endfacet
  facet normal 0 0 1
    outer loop
      vertex 0 0 2.5
      vertex 14.007931438681766 3.569261093311211 2.5
      vertex 13.619638711935494 3.626858878387077 2.5
    endloop
  endfacet
  facet normal 0 0 1
    outer loop
      vertex 0 0 2.5
      vertex 13.619638711935494 3.626858878387077 2.5
      vertex 13.238861290982157 3.7222386570711636 2.5
    endloop
  endfacet
  facet normal 0 0 1
    outer loop
      vertex 0 0 2.5
      vertex 13.238861290982157 3.7222386570711636 2.5
      vertex 12.86926627053964 3.854481869954852 2.5
    endloop
  endfacet
  facet normal 0 0 1
    outer loop
      vertex 0 0 2.5
      vertex 12.86926627053964 3.854481869954852 2.5
      vertex 12.514413052696028 4.022314942606579 2.5
    endloop
  endfacet
  facet normal 0 0 1
    outer loop
      vertex 0 0 2.5
      vertex 12.514413052696028 4.022314942606579 2.5
      vertex 12.1777190679216 4.2241215507898175 2.5
    endloop
  endfacet
  facet normal 0 0 1
    outer loop
      vertex 0 0 2.5
      vertex 12.1777190679216 4.2241215507898175 2.5
      vertex 11.862426863345434 4.457958186549051 2.5
    endloop
  endfacet
  facet normal 0 0 1
    outer loop
      vertex 0 0 2.5
      vertex 11.862426863345434 4.457958186549051 2.5
      vertex 11.571572875253821 4.721572875253809 2.5
    endloop
  endfacet
  facet normal 0 0 1
    outer loop
      vertex 0 0 2.5
      vertex 11.571572875253821 4.721572875253809 2.5
      vertex 11.307958186549058 5.012426863345417 2.5
    endloop
  endfacet
  facet normal 0 0 1
    outer loop
      vertex 0 0 2.5
      vertex 11.307958186549058 5.012426863345417 2.5
      vertex 11.074121550789812 5.32771906792159 2.5
    endloop
  endfacet
  facet normal 0 0 1
    outer loop
      vertex 0 0 2.5
      vertex 11.074121550789812 5.32771906792159 2.5
      vertex 10.872314942606579 5.664413052696008 2.5
    endloop
  endfacet
  facet normal 0 0 1
    outer loop
      vertex 0 0 2.5
      vertex 10.872314942606579 5.664413052696008 2.5
      vertex 10.704481869954861 6.01926627053964 2.5
    endloop
  endfacet
  facet normal 0 0 1
    outer loop
      vertex 0 0 2.5
      vertex 10.704481869954861 6.01926627053964 2.5
      vertex 10.572238657071182 6.38886129098215 2.5
    endloop
  endfacet
  facet normal 0 0 1
    outer loop
      vertex 0 0 2.5
      vertex 10.572238657071182 6.38886129098215 2.5
      vertex 10.476858878387077 6.769638711935486 2.5
    endloop
  endfacet
  facet normal 0 0 1
    outer loop
      vertex 0 0 2.5
      vertex 10.476858878387077 6.769638711935486 2.5
      vertex 10.419261093311206 7.157931438681756 2.5
    endloop
  endfacet
  facet normal 0 0 1
    outer loop
      vertex 0 0 2.5
      vertex 10.419261093311206 7.157931438681756 2.5
      vertex 10.400000000000006 7.549999999999999 2.5
    endloop
  endfacet
  facet normal 0 0 1
    outer loop
      vertex 0 0 2.5
      vertex 10.400000000000006 7.549999999999999 2.5
      vertex 10.400000000000006 8.549999999999999 2.5
    endloop
  endfacet
  facet normal 0 0 1
    outer loop
      vertex 0 0 2.5
      vertex 10.400000000000006 8.549999999999999 2.5
      vertex 10.419261093311206 8.94206856131824 2.5
    endloop
  endfacet
  facet normal 0 0 1
    outer loop
      vertex 0 0 2.5
      vertex 10.419261093311206 8.94206856131824 2.5
      vertex 10.476858878387077 9.330361288064513 2.5
    endloop
  endfacet
  facet normal 0 0 1
    outer loop
      vertex 0 0 2.5
      vertex 10.872314942606579 10.435586947303989 2.5
      vertex 11.074121550789812 10.772280932078408 2.5
    endloop
  endfacet
  facet normal 0 0 1
    outer loop
      vertex 0 0 2.5
      vertex 11.074121550789812 10.772280932078408 2.5
      vertex 11.307958186549058 11.08757313665458 2.5
    endloop
  endfacet
  facet normal 0 0 1
    outer loop
      vertex 0 0 2.5
      vertex 11.307958186549058 11.08757313665458 2.5
      vertex 11.571572875253821 11.378427124746189 2.5
    endloop
  endfacet
  facet normal 0 0 1
    outer loop
      vertex 0 0 2.5
      vertex 10.476858878387077 9.330361288064513 2.5
      vertex 10.572238657071182 9.711138709017849 2.5
    endloop
  endfacet
  facet normal 0 0 1
    outer loop
      vertex 0 0 2.5
      vertex 10.572238657071182 9.711138709017849 2.5
      vertex 10.704481869954861 10.08073372946036 2.5
    endloop
  endfacet
  facet normal 0 0 1
    outer loop
      vertex 0 0 2.5
      vertex 10.704481869954861 10.08073372946036 2.5
      vertex 10.872314942606579 10.435586947303989 2.5
    endloop
  endfacet
  facet normal 0 0 1
    outer loop
      vertex 0 0 2.5
      vertex 11.571572875253821 11.378427124746189 2.5
      vertex 14.007931438681766 14.16926109331121 2.5
    endloop
  endfacet
  facet normal 0 0 1
    outer loop
      vertex 0 0 2.5
      vertex 14.007931438681766 14.16926109331121 2.5
      vertex 13.619638711935494 14.226858878387077 2.5
    endloop
  endfacet
  facet normal 0 0 1
    outer loop
      vertex 0 0 2.5
      vertex 13.619638711935494 14.226858878387077 2.5
      vertex 13.238861290982157 14.322238657071164 2.5
    endloop
  endfacet
  facet normal 0 0 1
    outer loop
      vertex 0 0 2.5
      vertex 13.238861290982157 14.322238657071164 2.5
      vertex 12.86926627053964 14.45448186995485 2.5
    endloop
  endfacet
  facet normal 0 0 1
    outer loop
      vertex 0 0 2.5
      vertex 12.86926627053964 14.45448186995485 2.5
      vertex 12.514413052696028 14.622314942606579 2.5
    endloop
  endfacet
  facet normal 0 0 1
    outer loop
      vertex 0 0 2.5
      vertex 12.514413052696028 14.622314942606579 2.5
      vertex 12.1777190679216 14.824121550789817 2.5
    endloop
  endfacet
  facet normal 0 0 1
    outer loop
      vertex 0 0 2.5
      vertex 12.1777190679216 14.824121550789817 2.5
      vertex 11.862426863345434 15.057958186549051 2.5
    endloop
  endfacet
  facet normal 0 0 1
    outer loop
      vertex 34.3235159966971 9.989094271812586 2.5
      vertex 34.35000000000001 9.450000000000003 2.5
      vertex 36.400000000000006 10.95 2.5
    endloop
  endfacet
  facet normal 0 0 1
    outer loop
      vertex 34.24431904221778 10.522996771088708 2.5
      vertex 34.3235159966971 9.989094271812586 2.5
      vertex 36.400000000000006 10.95 2.5
    endloop
  endfacet
  facet normal 0 0 1
    outer loop
      vertex 34.11317184652715 11.046565724899546 2.5
      vertex 34.24431904221778 10.522996771088708 2.5
      vertex 36.400000000000006 10.95 2.5
    endloop
  endfacet
  facet normal 0 0 1
    outer loop
      vertex 36.400000000000006 10.95 2.5
      vertex 33.931337428812085 11.554758878007997 2.5
      vertex 34.11317184652715 11.046565724899546 2.5
    endloop
  endfacet
  facet normal 0 0 1
    outer loop
      vertex 36.400000000000006 10.95 2.5
      vertex 33.70056695391597 12.04268205254299 2.5
      vertex 33.931337428812085 11.554758878007997 2.5
    endloop
  endfacet
  facet normal 0 0 1
    outer loop
      vertex 36.400000000000006 10.95 2.5
      vertex 36.400000000000006 17.55 2.5
      vertex 33.70056695391597 12.04268205254299 2.5
    endloop
  endfacet
  facet normal 0 0 1
    outer loop
      vertex 33.42308286766401 12.505636281607815 2.5
      vertex 33.70056695391597 12.04268205254299 2.5
      vertex 36.400000000000006 17.55 2.5
    endloop
  endfacet
  facet normal 0 0 1
    outer loop
      vertex 33.101557493495065 12.939163062900054 2.5
      vertex 33.42308286766401 12.505636281607815 2.5
      vertex 36.400000000000006 17.55 2.5
    endloop
  endfacet
  facet normal 0 0 1
    outer loop
      vertex 32.73908729652602 13.339087296526014 2.5
      vertex 33.101557493495065 12.939163062900054 2.5
      vertex 36.400000000000006 17.55 2.5
    endloop
  endfacet
  facet normal 0 0 1
    outer loop
      vertex 32.339163062900056 13.701557493495056 2.5
      vertex 32.73908729652602 13.339087296526014 2.5
      vertex 36.400000000000006 17.55 2.5
    endloop
  endfacet
  facet normal 0 0 1
    outer loop
      vertex 31.905636281607826 14.023082867664002 2.5
      vertex 32.339163062900056 13.701557493495056 2.5
      vertex 36.400000000000006 17.55 2.5
    endloop
  endfacet
  facet normal 0 0 1
    outer loop
      vertex 17.927685057393433 10.435586947303989 2.5
      vertex 23.45568095778225 10.522996771088708 2.5
      vertex 23.58682815347285 11.046565724899546 2.5
    endloop
  endfacet
  facet normal 0 0 1
    outer loop
      vertex 17.927685057393433 10.435586947303989 2.5
      vertex 18.09551813004515 10.08073372946036 2.5
      vertex 23.45568095778225 10.522996771088708 2.5
    endloop
  endfacet
  facet normal 0 0 1
    outer loop
      vertex 17.7258784492102 10.772280932078408 2.5
      vertex 17.927685057393433 10.435586947303989 2.5
      vertex 23.58682815347285 11.046565724899546 2.5
    endloop
  endfacet
  facet normal 0 0 1
    outer loop
      vertex 23.58682815347285 11.046565724899546 2.5
      vertex 23.768662571187917 11.554758878007997 2.5
      vertex 17.7258784492102 10.772280932078408 2.5
    endloop
  endfacet
  facet normal 0 0 1
    outer loop
      vertex 17.492041813450953 11.08757313665458 2.5
      vertex 17.7258784492102 10.772280932078408 2.5
      vertex 23.768662571187917 11.554758878007997 2.5
    endloop
  endfacet
  facet normal 0 0 1
    outer loop
      vertex 23.99943304608405 12.04268205254299 2.5
      vertex 24.276917132335996 12.505636281607815 2.5
      vertex 17.22842712474619 11.378427124746189 2.5
    endloop
  endfacet
  facet normal 0 0 1
    outer loop
      vertex 24.276917132335996 12.505636281607815 2.5
      vertex 24.598442506504966 12.939163062900054 2.5
      vertex 16.937573136654578 11.642041813450946 2.5
    endloop
  endfacet
  facet normal 0 0 1
    outer loop
      vertex 23.768662571187917 11.554758878007997 2.5
      vertex 23.99943304608405 12.04268205254299 2.5
      vertex 17.492041813450953 11.08757313665458 2.5
    endloop
  endfacet
  facet normal 0 0 1
    outer loop
      vertex 17.22842712474619 11.378427124746189 2.5
      vertex 17.492041813450953 11.08757313665458 2.5
      vertex 23.99943304608405 12.04268205254299 2.5
    endloop
  endfacet
  facet normal 0 0 1
    outer loop
      vertex 16.937573136654578 11.642041813450946 2.5
      vertex 17.22842712474619 11.378427124746189 2.5
      vertex 24.276917132335996 12.505636281607815 2.5
    endloop
  endfacet
  facet normal 0 0 1
    outer loop
      vertex 16.62228093207841 11.87587844921018 2.5
      vertex 16.937573136654578 11.642041813450946 2.5
      vertex 24.598442506504966 12.939163062900054 2.5
    endloop
  endfacet
  facet normal 0 0 1
    outer loop
      vertex 24.598442506504966 12.939163062900054 2.5
      vertex 24.96091270347401 13.339087296526014 2.5
      vertex 16.62228093207841 11.87587844921018 2.5
    endloop
  endfacet
  facet normal 0 0 1
    outer loop
      vertex 24.96091270347401 13.339087296526014 2.5
      vertex 25.360836937099947 13.701557493495056 2.5
      vertex 15.930733729460371 12.245518130045145 2.5
    endloop
  endfacet
  facet normal 0 0 1
    outer loop
      vertex 25.79436371839219 14.023082867664002 2.5
      vertex 26.25731794745701 14.300566953915956 2.5
      vertex 15.180361288064518 12.47314112161292 2.5
    endloop
  endfacet
  facet normal 0 0 1
    outer loop
      vertex 25.360836937099947 13.701557493495056 2.5
      vertex 25.79436371839219 14.023082867664002 2.5
      vertex 15.561138709017854 12.377761342928835 2.5
    endloop
  endfacet
  facet normal 0 0 1
    outer loop
      vertex 26.25731794745701 14.300566953915956 2.5
      vertex 26.745241121992024 14.53133742881208 2.5
      vertex 14.792068561318246 12.530738906688786 2.5
    endloop
  endfacet
  facet normal 0 0 1
    outer loop
      vertex 26.745241121992024 14.53133742881208 2.5
      vertex 27.25343427510046 14.713171846527151 2.5
      vertex 14.400000000000006 12.549999999999999 2.5
    endloop
  endfacet
  facet normal 0 0 1
    outer loop
      vertex 27.25343427510046 14.713171846527151 2.5
      vertex 27.777003228911298 14.84431904221777 2.5
      vertex 15.561138709017854 14.322238657071164 2.5
    endloop
  endfacet
  facet normal 0 0 1
    outer loop
      vertex 31.44268205254299 14.300566953915956 2.5
      vertex 31.905636281607826 14.023082867664002 2.5
      vertex 36.400000000000006 17.55 2.5
    endloop
  endfacet
  facet normal 0 0 1
    outer loop
      vertex 30.954758878008008 14.53133742881208 2.5
      vertex 31.44268205254299 14.300566953915956 2.5
      vertex 36.400000000000006 17.55 2.5
    endloop
  endfacet
  facet normal 0 0 1
    outer loop
      vertex 30.446565724899557 14.713171846527151 2.5
      vertex 30.954758878008008 14.53133742881208 2.5
      vertex 36.400000000000006 17.55 2.5
    endloop
  endfacet
  facet normal 0 0 1
    outer loop
      vertex 29.92299677108872 14.84431904221777 2.5
      vertex 30.446565724899557 14.713171846527151 2.5
      vertex 36.400000000000006 17.55 2.5
    endloop
  endfacet
  facet normal 0 0 1
    outer loop
      vertex 29.389094271812596 14.923515996697086 2.5
      vertex 29.92299677108872 14.84431904221777 2.5
      vertex 36.400000000000006 17.55 2.5
    endloop
  endfacet
  facet normal 0 0 1
    outer loop
      vertex 28.85000000000001 14.950000000000003 2.5
      vertex 29.389094271812596 14.923515996697086 2.5
      vertex 36.400000000000006 17.55 2.5
    endloop
  endfacet
  facet normal 0 0 1
    outer loop
      vertex 28.31090572818742 14.923515996697086 2.5
      vertex 28.85000000000001 14.950000000000003 2.5
      vertex 36.400000000000006 17.55 2.5
    endloop
  endfacet
  facet normal 0 0 1
    outer loop
      vertex 27.777003228911298 14.84431904221777 2.5
      vertex 28.31090572818742 14.923515996697086 2.5
      vertex 36.400000000000006 17.55 2.5
    endloop
  endfacet
  facet normal 0 0 1
    outer loop
      vertex 36.400000000000006 17.55 2.5
      vertex 36.400000000000006 19.45 2.5
      vertex 15.561138709017854 14.322238657071164 2.5
    endloop
  endfacet
  facet normal 0 0 1
    outer loop
      vertex 36.400000000000006 17.55 2.5
      vertex 15.561138709017854 14.322238657071164 2.5
      vertex 27.777003228911298 14.84431904221777 2.5
    endloop
  endfacet
  facet normal 0 0 1
    outer loop
      vertex 16.937573136654578 15.057958186549051 2.5
      vertex 16.62228093207841 14.824121550789817 2.5
      vertex 36.400000000000006 19.45 2.5
    endloop
  endfacet
  facet normal 0 0 1
    outer loop
      vertex 16.62228093207841 14.824121550789817 2.5
      vertex 16.285586947303983 14.622314942606579 2.5
      vertex 36.400000000000006 19.45 2.5
    endloop
  endfacet
  facet normal 0 0 1
    outer loop
      vertex 15.930733729460371 14.45448186995485 2.5
      vertex 15.561138709017854 14.322238657071164 2.5
      vertex 36.400000000000006 19.45 2.5
    endloop
  endfacet
  facet normal 0 0 1
    outer loop
      vertex 16.285586947303983 14.622314942606579 2.5
      vertex 15.930733729460371 14.45448186995485 2.5
      vertex 36.400000000000006 19.45 2.5
    endloop
  endfacet
  facet normal 0 0 1
    outer loop
      vertex 17.22842712474619 15.321572875253809 2.5
      vertex 16.937573136654578 15.057958186549051 2.5
      vertex 36.400000000000006 19.45 2.5
    endloop
  endfacet
  facet normal 0 0 1
    outer loop
      vertex 17.492041813450953 15.612426863345416 2.5
      vertex 17.22842712474619 15.321572875253809 2.5
      vertex 36.400000000000006 19.45 2.5
    endloop
  endfacet
  facet normal 0 0 1
    outer loop
      vertex 17.7258784492102 15.92771906792159 2.5
      vertex 17.492041813450953 15.612426863345416 2.5
      vertex 36.400000000000006 19.45 2.5
    endloop
  endfacet
  facet normal 0 0 1
    outer loop
      vertex 17.927685057393433 16.264413052696007 2.5
      vertex 17.7258784492102 15.92771906792159 2.5
      vertex 36.400000000000006 19.45 2.5
    endloop
  endfacet
  facet normal 0 0 1
    outer loop
      vertex 17.927685057393433 16.264413052696007 2.5
      vertex 36.400000000000006 19.45 2.5
      vertex 28.85000000000001 24.450000000000003 2.5
    endloop
  endfacet
  facet normal 0 0 1
    outer loop
      vertex 18.09551813004515 16.61926627053964 2.5
      vertex 17.927685057393433 16.264413052696007 2.5
      vertex 28.85000000000001 24.450000000000003 2.5
    endloop
  endfacet
  facet normal 0 0 1
    outer loop
      vertex 18.22776134292883 16.98886129098215 2.5
      vertex 18.09551813004515 16.61926627053964 2.5
      vertex 28.85000000000001 24.450000000000003 2.5
    endloop
  endfacet
  facet normal 0 0 1
    outer loop
      vertex 18.323141121612935 17.369638711935487 2.5
      vertex 18.22776134292883 16.98886129098215 2.5
      vertex 28.31090572818742 24.47648400330292 2.5
    endloop
  endfacet
  facet normal 0 0 1
    outer loop
      vertex 18.380738906688805 17.757931438681755 2.5
      vertex 18.323141121612935 17.369638711935487 2.5
      vertex 27.777003228911298 24.555680957782236 2.5
    endloop
  endfacet
  facet normal 0 0 1
    outer loop
      vertex 18.400000000000006 18.15 2.5
      vertex 18.380738906688805 17.757931438681755 2.5
      vertex 27.777003228911298 24.555680957782236 2.5
    endloop
  endfacet
  facet normal 0 0 1
    outer loop
      vertex 16.285586947303983 12.077685057393419 2.5
      vertex 16.62228093207841 11.87587844921018 2.5
      vertex 24.96091270347401 13.339087296526014 2.5
    endloop
  endfacet
  facet normal 0 0 1
    outer loop
      vertex 24.96091270347401 13.339087296526014 2.5
      vertex 15.930733729460371 12.245518130045145 2.5
      vertex 16.285586947303983 12.077685057393419 2.5
    endloop
  endfacet
  facet normal 0 0 1
    outer loop
      vertex 11.571572875253821 11.378427124746189 2.5
      vertex 11.862426863345434 11.642041813450946 2.5
      vertex 14.007931438681766 14.16926109331121 2.5
    endloop
  endfacet
  facet normal 0 0 1
    outer loop
      vertex 11.862426863345434 11.642041813450946 2.5
      vertex 12.1777190679216 11.87587844921018 2.5
      vertex 14.007931438681766 14.16926109331121 2.5
    endloop
  endfacet
  facet normal 0 0 1
    outer loop
      vertex 15.561138709017854 12.377761342928835 2.5
      vertex 15.930733729460371 12.245518130045145 2.5
      vertex 25.360836937099947 13.701557493495056 2.5
    endloop
  endfacet
  facet normal 0 0 1
    outer loop
      vertex 15.180361288064518 12.47314112161292 2.5
      vertex 15.561138709017854 12.377761342928835 2.5
      vertex 25.79436371839219 14.023082867664002 2.5
    endloop
  endfacet
  facet normal 0 0 1
    outer loop
      vertex 14.792068561318246 12.530738906688786 2.5
      vertex 15.180361288064518 12.47314112161292 2.5
      vertex 26.25731794745701 14.300566953915956 2.5
    endloop
  endfacet
  facet normal 0 0 1
    outer loop
      vertex 14.400000000000006 12.549999999999999 2.5
      vertex 14.792068561318246 12.530738906688786 2.5
      vertex 26.745241121992024 14.53133742881208 2.5
    endloop
  endfacet
  facet normal 0 0 1
    outer loop
      vertex 14.007931438681766 12.530738906688786 2.5
      vertex 14.400000000000006 12.549999999999999 2.5
      vertex 27.25343427510046 14.713171846527151 2.5
    endloop
  endfacet
  facet normal 0 0 1
    outer loop
      vertex 14.007931438681766 12.530738906688786 2.5
      vertex 27.25343427510046 14.713171846527151 2.5
      vertex 15.561138709017854 14.322238657071164 2.5
    endloop
  endfacet
  facet normal 0 0 1
    outer loop
      vertex 14.007931438681766 12.530738906688786 2.5
      vertex 15.561138709017854 14.322238657071164 2.5
      vertex 15.180361288064518 14.226858878387077 2.5
    endloop
  endfacet
  facet normal 0 0 1
    outer loop
      vertex 14.007931438681766 12.530738906688786 2.5
      vertex 15.180361288064518 14.226858878387077 2.5
      vertex 14.792068561318246 14.16926109331121 2.5
    endloop
  endfacet
  facet normal 0 0 1
    outer loop
      vertex 12.86926627053964 12.245518130045145 2.5
      vertex 13.238861290982157 12.377761342928835 2.5
      vertex 14.007931438681766 14.16926109331121 2.5
    endloop
  endfacet
  facet normal 0 0 1
    outer loop
      vertex 13.619638711935494 12.47314112161292 2.5
      vertex 14.007931438681766 12.530738906688786 2.5
      vertex 14.007931438681766 14.16926109331121 2.5
    endloop
  endfacet
  facet normal 0 0 1
    outer loop
      vertex 13.238861290982157 12.377761342928835 2.5
      vertex 13.619638711935494 12.47314112161292 2.5
      vertex 14.007931438681766 14.16926109331121 2.5
    endloop
  endfacet
  facet normal 0 0 1
    outer loop
      vertex 12.1777190679216 11.87587844921018 2.5
      vertex 12.514413052696028 12.077685057393419 2.5
      vertex 14.007931438681766 14.16926109331121 2.5
    endloop
  endfacet
  facet normal 0 0 1
    outer loop
      vertex 12.514413052696028 12.077685057393419 2.5
      vertex 12.86926627053964 12.245518130045145 2.5
      vertex 14.007931438681766 14.16926109331121 2.5
    endloop
  endfacet
  facet normal 0 0 1
    outer loop
      vertex 14.007931438681766 12.530738906688786 2.5
      vertex 14.792068561318246 14.16926109331121 2.5
      vertex 14.400000000000006 14.149999999999999 2.5
    endloop
  endfacet
  facet normal 0 0 1
    outer loop
      vertex 14.007931438681766 12.530738906688786 2.5
      vertex 14.400000000000006 14.149999999999999 2.5
      vertex 14.007931438681766 14.16926109331121 2.5
    endloop
  endfacet
  facet normal 0 0 1
    outer loop
      vertex 0 0 2.5
      vertex 11.862426863345434 15.057958186549051 2.5
      vertex 11.571572875253821 15.321572875253809 2.5
    endloop
  endfacet
  facet normal 0 0 1
    outer loop
      vertex 0 0 2.5
      vertex 11.571572875253821 15.321572875253809 2.5
      vertex 11.307958186549058 15.612426863345416 2.5
    endloop
  endfacet
  facet normal 0 0 1
    outer loop
      vertex 0 0 2.5
      vertex 11.307958186549058 15.612426863345416 2.5
      vertex 11.074121550789812 15.92771906792159 2.5
    endloop
  endfacet
  facet normal 0 0 1
    outer loop
      vertex 0 0 2.5
      vertex 11.074121550789812 15.92771906792159 2.5
      vertex 10.872314942606579 16.264413052696007 2.5
    endloop
  endfacet
  facet normal 0 0 1
    outer loop
      vertex 0 0 2.5
      vertex 10.872314942606579 16.264413052696007 2.5
      vertex 10.704481869954861 16.61926627053964 2.5
    endloop
  endfacet
  facet normal 0 0 1
    outer loop
      vertex 0 0 2.5
      vertex 10.704481869954861 16.61926627053964 2.5
      vertex 10.572238657071182 16.98886129098215 2.5
    endloop
  endfacet
  facet normal 0 0 1
    outer loop
      vertex 0 0 2.5
      vertex 10.572238657071182 16.98886129098215 2.5
      vertex 10.476858878387077 17.369638711935487 2.5
    endloop
  endfacet
  facet normal 0 0 1
    outer loop
      vertex 0 0 2.5
      vertex 10.476858878387077 17.369638711935487 2.5
      vertex 10.419261093311206 17.757931438681755 2.5
    endloop
  endfacet
  facet normal 0 0 1
    outer loop
      vertex 0 0 2.5
      vertex 10.419261093311206 17.757931438681755 2.5
      vertex 10.400000000000006 18.15 2.5
    endloop
  endfacet
  facet normal 0 0 1
    outer loop
      vertex 0 0 2.5
      vertex 10.400000000000006 18.15 2.5
      vertex 10.400000000000006 19.65 2.5
    endloop
  endfacet
  facet normal 0 0 1
    outer loop
      vertex 0 0 2.5
      vertex 10.400000000000006 19.65 2.5
      vertex 10.419261093311206 28.857931438681756 2.5
    endloop
  endfacet
  facet normal 0 0 -1
    outer loop
      vertex 64.9 19.45 0
      vertex 51.400000000000006 27.95 0
      vertex 64.9 31.8 0
    endloop
  endfacet
  facet normal 0 0 -1
    outer loop
      vertex 64.9 19.45 0
      vertex 51.400000000000006 19.45 0
      vertex 51.400000000000006 26.05 0
    endloop
  endfacet
  facet normal 0 0 -1
    outer loop
      vertex 64.9 19.45 0
      vertex 51.400000000000006 26.05 0
      vertex 51.400000000000006 27.95 0
    endloop
  endfacet
  facet normal 0 0 -1
    outer loop
      vertex 51.400000000000006 27.95 0
      vertex 51.400000000000006 26.05 0
      vertex 36.400000000000006 27.95 0
    endloop
  endfacet
  facet normal 0 0 -1
    outer loop
      vertex 36.400000000000006 27.95 0
      vertex 51.400000000000006 26.05 0
      vertex 36.400000000000006 26.05 0
    endloop
  endfacet
  facet normal 0 0 -1
    outer loop
      vertex 79.9 31.8 0
      vertex 64.9 31.8 0
      vertex 51.400000000000006 34.55 0
    endloop
  endfacet
  facet normal 0 0 -1
    outer loop
      vertex 155 40.5 0
      vertex 36.400000000000006 34.55 0
      vertex 30.446565724899557 35.21317184652715 0
    endloop
  endfacet
  facet normal 0 0 -1
    outer loop
      vertex 155 40.5 0
      vertex 30.446565724899557 35.21317184652715 0
      vertex 29.92299677108872 35.34431904221777 0
    endloop
  endfacet
  facet normal 0 0 -1
    outer loop
      vertex 155 40.5 0
      vertex 29.92299677108872 35.34431904221777 0
      vertex 29.389094271812596 35.423515996697084 0
    endloop
  endfacet
  facet normal 0 0 -1
    outer loop
      vertex 155 40.5 0
      vertex 29.389094271812596 35.423515996697084 0
      vertex 28.85000000000001 35.45 0
    endloop
  endfacet
  facet normal 0 0 -1
    outer loop
      vertex 155 40.5 0
      vertex 28.85000000000001 35.45 0
      vertex 0 40.5 0
    endloop
  endfacet
  facet normal 0 0 -1
    outer loop
      vertex 51.400000000000006 27.95 0
      vertex 51.400000000000006 34.55 0
      vertex 64.9 31.8 0
    endloop
  endfacet
  facet normal 0 0 -1
    outer loop
      vertex 36.400000000000006 26.05 0
      vertex 36.400000000000006 19.45 0
      vertex 32.73908729652602 26.060912703473992 0
    endloop
  endfacet
  facet normal 0 0 -1
    outer loop
      vertex 30.954758878008008 24.868662571187926 0
      vertex 31.44268205254299 25.09943304608405 0
      vertex 36.400000000000006 19.45 0
    endloop
  endfacet
  facet normal 0 0 -1
    outer loop
      vertex 31.44268205254299 25.09943304608405 0
      vertex 31.905636281607826 25.376917132336004 0
      vertex 36.400000000000006 19.45 0
    endloop
  endfacet
  facet normal 0 0 -1
    outer loop
      vertex 29.92299677108872 24.555680957782236 0
      vertex 30.446565724899557 24.686828153472852 0
      vertex 36.400000000000006 19.45 0
    endloop
  endfacet
  facet normal 0 0 -1
    outer loop
      vertex 30.446565724899557 24.686828153472852 0
      vertex 30.954758878008008 24.868662571187926 0
      vertex 36.400000000000006 19.45 0
    endloop
  endfacet
  facet normal 0 0 -1
    outer loop
      vertex 31.905636281607826 25.376917132336004 0
      vertex 32.339163062900056 25.69844250650495 0
      vertex 36.400000000000006 19.45 0
    endloop
  endfacet
  facet normal 0 0 -1
    outer loop
      vertex 32.339163062900056 25.69844250650495 0
      vertex 32.73908729652602 26.060912703473992 0
      vertex 36.400000000000006 19.45 0
    endloop
  endfacet
  facet normal 0 0 -1
    outer loop
      vertex 36.400000000000006 19.45 0
      vertex 18.400000000000006 19.65 0
      vertex 29.92299677108872 24.555680957782236 0
    endloop
  endfacet
  facet normal 0 0 -1
    outer loop
      vertex 18.400000000000006 19.65 0
      vertex 18.380738906688805 20.042068561318242 0
      vertex 26.25731794745701 25.09943304608405 0
    endloop
  endfacet
  facet normal 0 0 -1
    outer loop
      vertex 18.380738906688805 20.042068561318242 0
      vertex 18.323141121612935 20.43036128806451 0
      vertex 25.79436371839219 25.376917132336004 0
    endloop
  endfacet
  facet normal 0 0 -1
    outer loop
      vertex 18.323141121612935 20.43036128806451 0
      vertex 18.22776134292883 20.811138709017847 0
      vertex 25.360836937099947 25.69844250650495 0
    endloop
  endfacet
  facet normal 0 0 -1
    outer loop
      vertex 18.22776134292883 20.811138709017847 0
      vertex 18.09551813004515 21.180733729460357 0
      vertex 24.96091270347401 26.060912703473992 0
    endloop
  endfacet
  facet normal 0 0 -1
    outer loop
      vertex 29.389094271812596 24.47648400330292 0
      vertex 29.92299677108872 24.555680957782236 0
      vertex 18.400000000000006 19.65 0
    endloop
  endfacet
  facet normal 0 0 -1
    outer loop
      vertex 28.85000000000001 24.450000000000003 0
      vertex 29.389094271812596 24.47648400330292 0
      vertex 18.400000000000006 19.65 0
    endloop
  endfacet
  facet normal 0 0 -1
    outer loop
      vertex 28.31090572818742 24.47648400330292 0
      vertex 28.85000000000001 24.450000000000003 0
      vertex 18.400000000000006 19.65 0
    endloop
  endfacet
  facet normal 0 0 -1
    outer loop
      vertex 27.777003228911298 24.555680957782236 0
      vertex 28.31090572818742 24.47648400330292 0
      vertex 18.400000000000006 19.65 0
    endloop
  endfacet
  facet normal 0 0 -1
    outer loop
      vertex 27.25343427510046 24.686828153472852 0
      vertex 27.777003228911298 24.555680957782236 0
      vertex 18.400000000000006 19.65 0
    endloop
  endfacet
  facet normal 0 0 -1
    outer loop
      vertex 26.745241121992024 24.868662571187926 0
      vertex 27.25343427510046 24.686828153472852 0
      vertex 18.400000000000006 19.65 0
    endloop
  endfacet
  facet normal 0 0 -1
    outer loop
      vertex 26.25731794745701 25.09943304608405 0
      vertex 26.745241121992024 24.868662571187926 0
      vertex 18.400000000000006 19.65 0
    endloop
  endfacet
  facet normal 0 0 -1
    outer loop
      vertex 25.79436371839219 25.376917132336004 0
      vertex 26.25731794745701 25.09943304608405 0
      vertex 18.380738906688805 20.042068561318242 0
    endloop
  endfacet
  facet normal 0 0 -1
    outer loop
      vertex 25.360836937099947 25.69844250650495 0
      vertex 25.79436371839219 25.376917132336004 0
      vertex 18.323141121612935 20.43036128806451 0
    endloop
  endfacet
  facet normal 0 0 -1
    outer loop
      vertex 18.09551813004515 21.180733729460357 0
      vertex 17.927685057393433 21.53558694730399 0
      vertex 24.96091270347401 26.060912703473992 0
    endloop
  endfacet
  facet normal 0 0 -1
    outer loop
      vertex 17.927685057393433 21.53558694730399 0
      vertex 17.7258784492102 21.872280932078407 0
      vertex 24.598442506504966 26.460836937099952 0
    endloop
  endfacet
  facet normal 0 0 -1
    outer loop
      vertex 17.7258784492102 21.872280932078407 0
      vertex 17.492041813450953 22.18757313665458 0
      vertex 24.598442506504966 26.460836937099952 0
    endloop
  endfacet
  facet normal 0 0 -1
    outer loop
      vertex 17.492041813450953 22.18757313665458 0
      vertex 17.22842712474619 22.47842712474619 0
      vertex 24.598442506504966 26.460836937099952 0
    endloop
  endfacet
  facet normal 0 0 -1
    outer loop
      vertex 17.22842712474619 22.47842712474619 0
      vertex 16.937573136654578 22.742041813450946 0
      vertex 24.598442506504966 26.460836937099952 0
    endloop
  endfacet
  facet normal 0 0 -1
    outer loop
      vertex 18.22776134292883 20.811138709017847 0
      vertex 24.96091270347401 26.060912703473992 0
      vertex 25.360836937099947 25.69844250650495 0
    endloop
  endfacet
  facet normal 0 0 -1
    outer loop
      vertex 24.598442506504966 26.460836937099952 0
      vertex 24.96091270347401 26.060912703473992 0
      vertex 17.927685057393433 21.53558694730399 0
    endloop
  endfacet
  facet normal 0 0 -1
    outer loop
      vertex 16.937573136654578 22.742041813450946 0
      vertex 16.62228093207841 22.975878449210178 0
      vertex 24.598442506504966 26.460836937099952 0
    endloop
  endfacet
  facet normal 0 0 -1
    outer loop
      vertex 17.22842712474619 26.42157287525381 0
      vertex 24.598442506504966 26.460836937099952 0
      vertex 16.62228093207841 22.975878449210178 0
    endloop
  endfacet
  facet normal 0 0 -1
    outer loop
      vertex 36.400000000000006 26.05 0
      vertex 32.73908729652602 26.060912703473992 0
      vertex 33.101557493495065 26.460836937099952 0
    endloop
  endfacet
  facet normal 0 0 -1
    outer loop
      vertex 36.400000000000006 26.05 0
      vertex 33.101557493495065 26.460836937099952 0
      vertex 33.42308286766401 26.894363718392192 0
    endloop
  endfacet
  facet normal 0 0 -1
    outer loop
      vertex 33.42308286766401 26.894363718392192 0
      vertex 33.70056695391597 27.357317947457016 0
      vertex 36.400000000000006 26.05 0
    endloop
  endfacet
  facet normal 0 0 -1
    outer loop
      vertex 33.70056695391597 27.357317947457016 0
      vertex 33.931337428812085 27.84524112199201 0
      vertex 36.400000000000006 26.05 0
    endloop
  endfacet
  facet normal 0 0 -1
    outer loop
      vertex 33.931337428812085 27.84524112199201 0
      vertex 36.400000000000006 27.95 0
      vertex 36.400000000000006 26.05 0
    endloop
  endfacet
  facet normal 0 0 -1
    outer loop
      vertex 33.931337428812085 27.84524112199201 0
      vertex 34.11317184652715 28.35343427510046 0
      vertex 36.400000000000006 27.95 0
    endloop
  endfacet
  facet normal 0 0 -1
    outer loop
      vertex 34.11317184652715 28.35343427510046 0
      vertex 34.24431904221778 28.8770032289113 0
      vertex 36.400000000000006 27.95 0
    endloop
  endfacet
  facet normal 0 0 -1
    outer loop
      vertex 34.24431904221778 28.8770032289113 0
      vertex 34.3235159966971 29.41090572818742 0
      vertex 36.400000000000006 27.95 0
    endloop
  endfacet
  facet normal 0 0 -1
    outer loop
      vertex 34.3235159966971 29.41090572818742 0
      vertex 34.35000000000001 29.950000000000003 0
      vertex 36.400000000000006 27.95 0
    endloop
  endfacet
  facet normal 0 0 -1
    outer loop
      vertex 17.22842712474619 26.42157287525381 0
      vertex 17.492041813450953 26.712426863345417 0
      vertex 24.598442506504966 26.460836937099952 0
    endloop
  endfacet
  facet normal 0 0 -1
    outer loop
      vertex 24.276917132335996 26.894363718392192 0
      vertex 24.598442506504966 26.460836937099952 0
      vertex 17.492041813450953 26.712426863345417 0
    endloop
  endfacet
  facet normal 0 0 -1
    outer loop
      vertex 23.99943304608405 27.357317947457016 0
      vertex 24.276917132335996 26.894363718392192 0
      vertex 17.7258784492102 27.02771906792159 0
    endloop
  endfacet
  facet normal 0 0 -1
    outer loop
      vertex 23.768662571187917 27.84524112199201 0
      vertex 23.99943304608405 27.357317947457016 0
      vertex 18.09551813004515 27.71926627053964 0
    endloop
  endfacet
  facet normal 0 0 -1
    outer loop
      vertex 17.492041813450953 26.712426863345417 0
      vertex 17.7258784492102 27.02771906792159 0
      vertex 24.276917132335996 26.894363718392192 0
    endloop
  endfacet
  facet normal 0 0 -1
    outer loop
      vertex 17.927685057393433 27.36441305269601 0
      vertex 18.09551813004515 27.71926627053964 0
      vertex 23.99943304608405 27.357317947457016 0
    endloop
  endfacet
  facet normal 0 0 -1
    outer loop
      vertex 17.7258784492102 27.02771906792159 0
      vertex 17.927685057393433 27.36441305269601 0
      vertex 23.99943304608405 27.357317947457016 0
    endloop
  endfacet
  facet normal 0 0 -1
    outer loop
      vertex 23.58682815347285 28.35343427510046 0
      vertex 23.768662571187917 27.84524112199201 0
      vertex 18.22776134292883 28.088861290982152 0
    endloop
  endfacet
  facet normal 0 0 -1
    outer loop
      vertex 18.09551813004515 27.71926627053964 0
      vertex 18.22776134292883 28.088861290982152 0
      vertex 23.768662571187917 27.84524112199201 0
    endloop
  endfacet
  facet normal 0 0 -1
    outer loop
      vertex 18.22776134292883 28.088861290982152 0
      vertex 18.323141121612935 28.469638711935488 0
      vertex 23.58682815347285 28.35343427510046 0
    endloop
  endfacet
  facet normal 0 0 -1
    outer loop
      vertex 23.45568095778225 28.8770032289113 0
      vertex 23.58682815347285 28.35343427510046 0
      vertex 18.323141121612935 28.469638711935488 0
    endloop
  endfacet
  facet normal 0 0 -1
    outer loop
      vertex 23.37648400330292 29.41090572818742 0
      vertex 23.45568095778225 28.8770032289113 0
      vertex 18.380738906688805 28.857931438681756 0
    endloop
  endfacet
  facet normal 0 0 -1
    outer loop
      vertex 18.323141121612935 28.469638711935488 0
      vertex 18.380738906688805 28.857931438681756 0
      vertex 23.45568095778225 28.8770032289113 0
    endloop
  endfacet
  facet normal 0 0 -1
    outer loop
      vertex 23.350000000000023 29.950000000000003 0
      vertex 23.37648400330292 29.41090572818742 0
      vertex 18.400000000000006 29.25 0
    endloop
  endfacet
  facet normal 0 0 -1
    outer loop
      vertex 18.380738906688805 28.857931438681756 0
      vertex 18.400000000000006 29.25 0
      vertex 23.37648400330292 29.41090572818742 0
    endloop
  endfacet
  facet normal 0 0 -1
    outer loop
      vertex 18.400000000000006 29.25 0
      vertex 18.400000000000006 30.75 0
      vertex 23.350000000000023 29.950000000000003 0
    endloop
  endfacet
  facet normal 0 0 -1
    outer loop
      vertex 16.62228093207841 22.975878449210178 0
      vertex 16.285586947303983 23.17768505739342 0
      vertex 16.285586947303983 25.72231494260658 0
    endloop
  endfacet
  facet normal 0 0 -1
    outer loop
      vertex 16.285586947303983 23.17768505739342 0
      vertex 15.930733729460371 23.345518130045146 0
      vertex 15.930733729460371 25.554481869954852 0
    endloop
  endfacet
  facet normal 0 0 -1
    outer loop
      vertex 15.930733729460371 23.345518130045146 0
      vertex 15.561138709017854 23.477761342928833 0
      vertex 15.561138709017854 25.422238657071166 0
    endloop
  endfacet
  facet normal 0 0 -1
    outer loop
      vertex 15.561138709017854 23.477761342928833 0
      vertex 15.180361288064518 23.57314112161292 0
      vertex 15.180361288064518 25.32685887838708 0
    endloop
  endfacet
  facet normal 0 0 -1
    outer loop
      vertex 15.180361288064518 23.57314112161292 0
      vertex 14.792068561318246 23.630738906688787 0
      vertex 14.792068561318246 25.26926109331121 0
    endloop
  endfacet
  facet normal 0 0 -1
    outer loop
      vertex 16.62228093207841 22.975878449210178 0
      vertex 16.285586947303983 25.72231494260658 0
      vertex 16.62228093207841 25.92412155078982 0
    endloop
  endfacet
  facet normal 0 0 -1
    outer loop
      vertex 16.285586947303983 23.17768505739342 0
      vertex 15.930733729460371 25.554481869954852 0
      vertex 16.285586947303983 25.72231494260658 0
    endloop
  endfacet
  facet normal 0 0 -1
    outer loop
      vertex 15.930733729460371 23.345518130045146 0
      vertex 15.561138709017854 25.422238657071166 0
      vertex 15.930733729460371 25.554481869954852 0
    endloop
  endfacet
  facet normal 0 0 -1
    outer loop
      vertex 16.62228093207841 25.92412155078982 0
      vertex 16.937573136654578 26.157958186549052 0
      vertex 16.62228093207841 22.975878449210178 0
    endloop
  endfacet
  facet normal 0 0 -1
    outer loop
      vertex 16.937573136654578 26.157958186549052 0
      vertex 17.22842712474619 26.42157287525381 0
      vertex 16.62228093207841 22.975878449210178 0
    endloop
  endfacet
  facet normal 0 0 -1
    outer loop
      vertex 15.561138709017854 23.477761342928833 0
      vertex 15.180361288064518 25.32685887838708 0
      vertex 15.561138709017854 25.422238657071166 0
    endloop
  endfacet
  facet normal 0 0 -1
    outer loop
      vertex 15.180361288064518 23.57314112161292 0
      vertex 14.792068561318246 25.26926109331121 0
      vertex 15.180361288064518 25.32685887838708 0
    endloop
  endfacet
  facet normal 0 0 -1
    outer loop
      vertex 14.792068561318246 23.630738906688787 0
      vertex 14.400000000000006 25.25 0
      vertex 14.792068561318246 25.26926109331121 0
    endloop
  endfacet
  facet normal 0 0 -1
    outer loop
      vertex 12.514413052696028 23.17768505739342 0
      vertex 12.1777190679216 22.975878449210178 0
      vertex 12.1777190679216 25.92412155078982 0
    endloop
  endfacet
  facet normal 0 0 -1
    outer loop
      vertex 11.074121550789812 21.872280932078407 0
      vertex 10.872314942606579 21.53558694730399 0
      vertex 10.872314942606579 27.36441305269601 0
    endloop
  endfacet
  facet normal 0 0 -1
    outer loop
      vertex 11.307958186549058 22.18757313665458 0
      vertex 11.074121550789812 21.872280932078407 0
      vertex 11.074121550789812 27.02771906792159 0
    endloop
  endfacet
  facet normal 0 0 -1
    outer loop
      vertex 11.862426863345434 22.742041813450946 0
      vertex 11.571572875253821 22.47842712474619 0
      vertex 11.571572875253821 26.42157287525381 0
    endloop
  endfacet
  facet normal 0 0 -1
    outer loop
      vertex 12.1777190679216 22.975878449210178 0
      vertex 11.862426863345434 22.742041813450946 0
      vertex 11.862426863345434 26.157958186549052 0
    endloop
  endfacet
  facet normal 0 0 -1
    outer loop
      vertex 11.571572875253821 22.47842712474619 0
      vertex 11.307958186549058 22.18757313665458 0
      vertex 11.307958186549058 26.712426863345417 0
    endloop
  endfacet
  facet normal 0 0 -1
    outer loop
      vertex 10.872314942606579 21.53558694730399 0
      vertex 10.704481869954861 21.180733729460357 0
      vertex 10.704481869954861 27.71926627053964 0
    endloop
  endfacet
  facet normal 0 0 -1
    outer loop
      vertex 14.792068561318246 23.630738906688787 0
      vertex 14.400000000000006 23.65 0
      vertex 14.400000000000006 25.25 0
    endloop
  endfacet
  facet normal 0 0 -1
    outer loop
      vertex 14.400000000000006 23.65 0
      vertex 14.007931438681766 23.630738906688787 0
      vertex 14.007931438681766 25.26926109331121 0
    endloop
  endfacet
  facet normal 0 0 -1
    outer loop
      vertex 14.007931438681766 23.630738906688787 0
      vertex 13.619638711935494 23.57314112161292 0
      vertex 13.619638711935494 25.32685887838708 0
    endloop
  endfacet
  facet normal 0 0 -1
    outer loop
      vertex 13.619638711935494 23.57314112161292 0
      vertex 13.238861290982157 23.477761342928833 0
      vertex 13.238861290982157 25.422238657071166 0
    endloop
  endfacet
  facet normal 0 0 -1
    outer loop
      vertex 13.238861290982157 23.477761342928833 0
      vertex 12.86926627053964 23.345518130045146 0
      vertex 12.86926627053964 25.554481869954852 0
    endloop
  endfacet
  facet normal 0 0 -1
    outer loop
      vertex 12.86926627053964 23.345518130045146 0
      vertex 12.514413052696028 23.17768505739342 0
      vertex 12.514413052696028 25.72231494260658 0
    endloop
  endfacet
  facet normal 0 0 -1
    outer loop
      vertex 14.400000000000006 23.65 0
      vertex 14.007931438681766 25.26926109331121 0
      vertex 14.400000000000006 25.25 0
    endloop
  endfacet
  facet normal 0 0 -1
    outer loop
      vertex 14.007931438681766 23.630738906688787 0
      vertex 13.619638711935494 25.32685887838708 0
      vertex 14.007931438681766 25.26926109331121 0
    endloop
  endfacet
  facet normal 0 0 -1
    outer loop
      vertex 13.619638711935494 23.57314112161292 0
      vertex 13.238861290982157 25.422238657071166 0
      vertex 13.619638711935494 25.32685887838708 0
    endloop
  endfacet
  facet normal 0 0 -1
    outer loop
      vertex 12.86926627053964 25.554481869954852 0
      vertex 13.238861290982157 25.422238657071166 0
      vertex 13.238861290982157 23.477761342928833 0
    endloop
  endfacet
  facet normal 0 0 -1
    outer loop
      vertex 12.86926627053964 23.345518130045146 0
      vertex 12.514413052696028 25.72231494260658 0
      vertex 12.86926627053964 25.554481869954852 0
    endloop
  endfacet
  facet normal 0 0 -1
    outer loop
      vertex 12.514413052696028 23.17768505739342 0
      vertex 12.1777190679216 25.92412155078982 0
      vertex 12.514413052696028 25.72231494260658 0
    endloop
  endfacet
  facet normal 0 0 -1
    outer loop
      vertex 11.862426863345434 26.157958186549052 0
      vertex 12.1777190679216 25.92412155078982 0
      vertex 12.1777190679216 22.975878449210178 0
    endloop
  endfacet
  facet normal 0 0 -1
    outer loop
      vertex 11.571572875253821 26.42157287525381 0
      vertex 11.862426863345434 26.157958186549052 0
      vertex 11.862426863345434 22.742041813450946 0
    endloop
  endfacet
  facet normal 0 0 -1
    outer loop
      vertex 11.307958186549058 26.712426863345417 0
      vertex 11.571572875253821 26.42157287525381 0
      vertex 11.571572875253821 22.47842712474619 0
    endloop
  endfacet
  facet normal 0 0 -1
    outer loop
      vertex 11.307958186549058 22.18757313665458 0
      vertex 11.074121550789812 27.02771906792159 0
      vertex 11.307958186549058 26.712426863345417 0
    endloop
  endfacet
  facet normal 0 0 -1
    outer loop
      vertex 0 0 0
      vertex 0 40.5 0
      vertex 10.476858878387077 28.469638711935488 0
    endloop
  endfacet
  facet normal 0 0 -1
    outer loop
      vertex 11.074121550789812 21.872280932078407 0
      vertex 10.872314942606579 27.36441305269601 0
      vertex 11.074121550789812 27.02771906792159 0
    endloop
  endfacet
  facet normal 0 0 -1
    outer loop
      vertex 10.872314942606579 21.53558694730399 0
      vertex 10.704481869954861 27.71926627053964 0
      vertex 10.872314942606579 27.36441305269601 0
    endloop
  endfacet
  facet normal 0 0 -1
    outer loop
      vertex 36.400000000000006 34.55 0
      vertex 36.400000000000006 27.95 0
      vertex 34.35000000000001 29.950000000000003 0
    endloop
  endfacet
  facet normal 0 0 -1
    outer loop
      vertex 36.400000000000006 34.55 0
      vertex 34.35000000000001 29.950000000000003 0
      vertex 34.3235159966971 30.489094271812586 0
    endloop
  endfacet
  facet normal 0 0 -1
    outer loop
      vertex 36.400000000000006 34.55 0
      vertex 34.3235159966971 30.489094271812586 0
      vertex 34.24431904221778 31.022996771088707 0
    endloop
  endfacet
  facet normal 0 0 -1
    outer loop
      vertex 36.400000000000006 34.55 0
      vertex 34.24431904221778 31.022996771088707 0
      vertex 34.11317184652715 31.546565724899544 0
    endloop
  endfacet
  facet normal 0 0 -1
    outer loop
      vertex 36.400000000000006 34.55 0
      vertex 34.11317184652715 31.546565724899544 0
      vertex 33.931337428812085 32.054758878007995 0
    endloop
  endfacet
  facet normal 0 0 -1
    outer loop
      vertex 36.400000000000006 34.55 0
      vertex 33.931337428812085 32.054758878007995 0
      vertex 33.70056695391597 32.54268205254299 0
    endloop
  endfacet
  facet normal 0 0 -1
    outer loop
      vertex 33.70056695391597 32.54268205254299 0
      vertex 33.42308286766401 33.00563628160781 0
      vertex 36.400000000000006 34.55 0
    endloop
  endfacet
  facet normal 0 0 -1
    outer loop
      vertex 33.42308286766401 33.00563628160781 0
      vertex 33.101557493495065 33.43916306290005 0
      vertex 36.400000000000006 34.55 0
    endloop
  endfacet
  facet normal 0 0 -1
    outer loop
      vertex 33.101557493495065 33.43916306290005 0
      vertex 32.73908729652602 33.83908729652602 0
      vertex 36.400000000000006 34.55 0
    endloop
  endfacet
  facet normal 0 0 -1
    outer loop
      vertex 32.73908729652602 33.83908729652602 0
      vertex 32.339163062900056 34.20155749349506 0
      vertex 36.400000000000006 34.55 0
    endloop
  endfacet
  facet normal 0 0 -1
    outer loop
      vertex 32.339163062900056 34.20155749349506 0
      vertex 31.905636281607826 34.523082867664 0
      vertex 36.400000000000006 34.55 0
    endloop
  endfacet
  facet normal 0 0 -1
    outer loop
      vertex 31.905636281607826 34.523082867664 0
      vertex 31.44268205254299 34.800566953915954 0
      vertex 36.400000000000006 34.55 0
    endloop
  endfacet
  facet normal 0 0 -1
    outer loop
      vertex 31.44268205254299 34.800566953915954 0
      vertex 30.954758878008008 35.03133742881208 0
      vertex 36.400000000000006 34.55 0
    endloop
  endfacet
  facet normal 0 0 -1
    outer loop
      vertex 30.954758878008008 35.03133742881208 0
      vertex 30.446565724899557 35.21317184652715 0
      vertex 36.400000000000006 34.55 0
    endloop
  endfacet
  facet normal 0 0 -1
    outer loop
      vertex 23.37648400330292 30.489094271812586 0
      vertex 23.350000000000023 29.950000000000003 0
      vertex 18.400000000000006 30.75 0
    endloop
  endfacet
  facet normal 0 0 -1
    outer loop
      vertex 23.45568095778225 31.022996771088707 0
      vertex 23.37648400330292 30.489094271812586 0
      vertex 18.400000000000006 30.75 0
    endloop
  endfacet
  facet normal 0 0 -1
    outer loop
      vertex 23.45568095778225 31.022996771088707 0
      vertex 18.400000000000006 30.75 0
      vertex 18.380738906688805 31.142068561318244 0
    endloop
  endfacet
  facet normal 0 0 -1
    outer loop
      vertex 23.58682815347285 31.546565724899544 0
      vertex 23.45568095778225 31.022996771088707 0
      vertex 18.323141121612935 31.530361288064512 0
    endloop
  endfacet
  facet normal 0 0 -1
    outer loop
      vertex 18.380738906688805 31.142068561318244 0
      vertex 18.323141121612935 31.530361288064512 0
      vertex 23.45568095778225 31.022996771088707 0
    endloop
  endfacet
  facet normal 0 0 -1
    outer loop
      vertex 23.768662571187917 32.054758878007995 0
      vertex 23.58682815347285 31.546565724899544 0
      vertex 18.22776134292883 31.911138709017848 0
    endloop
  endfacet
  facet normal 0 0 -1
    outer loop
      vertex 23.99943304608405 32.54268205254299 0
      vertex 23.768662571187917 32.054758878007995 0
      vertex 18.09551813004515 32.28073372946036 0
    endloop
  endfacet
  facet normal 0 0 -1
    outer loop
      vertex 24.276917132335996 33.00563628160781 0
      vertex 23.99943304608405 32.54268205254299 0
      vertex 17.927685057393433 32.63558694730399 0
    endloop
  endfacet
  facet normal 0 0 -1
    outer loop
      vertex 18.323141121612935 31.530361288064512 0
      vertex 18.22776134292883 31.911138709017848 0
      vertex 23.58682815347285 31.546565724899544 0
    endloop
  endfacet
  facet normal 0 0 -1
    outer loop
      vertex 18.22776134292883 31.911138709017848 0
      vertex 18.09551813004515 32.28073372946036 0
      vertex 23.768662571187917 32.054758878007995 0
    endloop
  endfacet
  facet normal 0 0 -1
    outer loop
      vertex 23.99943304608405 32.54268205254299 0
      vertex 18.09551813004515 32.28073372946036 0
      vertex 17.927685057393433 32.63558694730399 0
    endloop
  endfacet
  facet normal 0 0 -1
    outer loop
      vertex 24.276917132335996 33.00563628160781 0
      vertex 17.927685057393433 32.63558694730399 0
      vertex 17.7258784492102 32.972280932078405 0
    endloop
  endfacet
  facet normal 0 0 -1
    outer loop
      vertex 24.598442506504966 33.43916306290005 0
      vertex 24.276917132335996 33.00563628160781 0
      vertex 17.7258784492102 32.972280932078405 0
    endloop
  endfacet
  facet normal 0 0 -1
    outer loop
      vertex 24.96091270347401 33.83908729652602 0
      vertex 24.598442506504966 33.43916306290005 0
      vertex 17.22842712474619 33.57842712474619 0
    endloop
  endfacet
  facet normal 0 0 -1
    outer loop
      vertex 25.360836937099947 34.20155749349506 0
      vertex 24.96091270347401 33.83908729652602 0
      vertex 16.937573136654578 33.84204181345095 0
    endloop
  endfacet
  facet normal 0 0 -1
    outer loop
      vertex 24.598442506504966 33.43916306290005 0
      vertex 17.7258784492102 32.972280932078405 0
      vertex 17.492041813450953 33.28757313665458 0
    endloop
  endfacet
  facet normal 0 0 -1
    outer loop
      vertex 17.492041813450953 33.28757313665458 0
      vertex 17.22842712474619 33.57842712474619 0
      vertex 24.598442506504966 33.43916306290005 0
    endloop
  endfacet
  facet normal 0 0 -1
    outer loop
      vertex 17.22842712474619 33.57842712474619 0
      vertex 16.937573136654578 33.84204181345095 0
      vertex 24.96091270347401 33.83908729652602 0
    endloop
  endfacet
  facet normal 0 0 -1
    outer loop
      vertex 25.360836937099947 34.20155749349506 0
      vertex 16.937573136654578 33.84204181345095 0
      vertex 16.62228093207841 34.07587844921018 0
    endloop
  endfacet
  facet normal 0 0 -1
    outer loop
      vertex 25.360836937099947 34.20155749349506 0
      vertex 16.62228093207841 34.07587844921018 0
      vertex 16.285586947303983 34.27768505739342 0
    endloop
  endfacet
  facet normal 0 0 -1
    outer loop
      vertex 25.360836937099947 34.20155749349506 0
      vertex 16.285586947303983 34.27768505739342 0
      vertex 15.930733729460371 34.445518130045144 0
    endloop
  endfacet
  facet normal 0 0 -1
    outer loop
      vertex 0 40.5 0
      vertex 10.419261093311206 28.857931438681756 0
      vertex 10.476858878387077 28.469638711935488 0
    endloop
  endfacet
  facet normal 0 0 -1
    outer loop
      vertex 0 40.5 0
      vertex 10.400000000000006 29.25 0
      vertex 10.419261093311206 28.857931438681756 0
    endloop
  endfacet
  facet normal 0 0 -1
    outer loop
      vertex 0 40.5 0
      vertex 10.400000000000006 30.75 0
      vertex 10.400000000000006 29.25 0
    endloop
  endfacet
  facet normal 0 0 -1
    outer loop
      vertex 0 40.5 0
      vertex 10.419261093311206 31.142068561318244 0
      vertex 10.400000000000006 30.75 0
    endloop
  endfacet
  facet normal 0 0 -1
    outer loop
      vertex 0 40.5 0
      vertex 11.074121550789812 32.972280932078405 0
      vertex 10.872314942606579 32.63558694730399 0
    endloop
  endfacet
  facet normal 0 0 -1
    outer loop
      vertex 0 40.5 0
      vertex 10.476858878387077 31.530361288064512 0
      vertex 10.419261093311206 31.142068561318244 0
    endloop
  endfacet
  facet normal 0 0 -1
    outer loop
      vertex 0 40.5 0
      vertex 10.572238657071182 31.911138709017848 0
      vertex 10.476858878387077 31.530361288064512 0
    endloop
  endfacet
  facet normal 0 0 -1
    outer loop
      vertex 0 40.5 0
      vertex 10.704481869954861 32.28073372946036 0
      vertex 10.572238657071182 31.911138709017848 0
    endloop
  endfacet
  facet normal 0 0 -1
    outer loop
      vertex 0 40.5 0
      vertex 10.872314942606579 32.63558694730399 0
      vertex 10.704481869954861 32.28073372946036 0
    endloop
  endfacet
  facet normal 0 0 -1
    outer loop
      vertex 0 40.5 0
      vertex 25.79436371839219 34.523082867664 0
      vertex 25.360836937099947 34.20155749349506 0
    endloop
  endfacet
  facet normal 0 0 -1
    outer loop
      vertex 0 40.5 0
      vertex 26.25731794745701 34.800566953915954 0
      vertex 25.79436371839219 34.523082867664 0
    endloop
  endfacet
  facet normal 0 0 -1
    outer loop
      vertex 0 40.5 0
      vertex 27.777003228911298 35.34431904221777 0
      vertex 27.25343427510046 35.21317184652715 0
    endloop
  endfacet
  facet normal 0 0 -1
    outer loop
      vertex 0 40.5 0
      vertex 28.85000000000001 35.45 0
      vertex 28.31090572818742 35.423515996697084 0
    endloop
  endfacet
  facet normal 0 0 -1
    outer loop
      vertex 0 40.5 0
      vertex 28.31090572818742 35.423515996697084 0
      vertex 27.777003228911298 35.34431904221777 0
    endloop
  endfacet
  facet normal 0 0 -1
    outer loop
      vertex 0 40.5 0
      vertex 26.745241121992024 35.03133742881208 0
      vertex 26.25731794745701 34.800566953915954 0
    endloop
  endfacet
  facet normal 0 0 -1
    outer loop
      vertex 0 40.5 0
      vertex 27.25343427510046 35.21317184652715 0
      vertex 26.745241121992024 35.03133742881208 0
    endloop
  endfacet
  facet normal 0 0 -1
    outer loop
      vertex 0 40.5 0
      vertex 25.360836937099947 34.20155749349506 0
      vertex 15.930733729460371 34.445518130045144 0
    endloop
  endfacet
  facet normal 0 0 -1
    outer loop
      vertex 0 40.5 0
      vertex 15.930733729460371 34.445518130045144 0
      vertex 15.561138709017854 34.57776134292884 0
    endloop
  endfacet
  facet normal 0 0 -1
    outer loop
      vertex 0 40.5 0
      vertex 15.561138709017854 34.57776134292884 0
      vertex 15.180361288064518 34.67314112161292 0
    endloop
  endfacet
  facet normal 0 0 -1
    outer loop
      vertex 0 40.5 0
      vertex 15.180361288064518 34.67314112161292 0
      vertex 14.792068561318246 34.730738906688785 0
    endloop
  endfacet
  facet normal 0 0 -1
    outer loop
      vertex 0 40.5 0
      vertex 14.792068561318246 34.730738906688785 0
      vertex 14.400000000000006 34.75 0
    endloop
  endfacet
  facet normal 0 0 -1
    outer loop
      vertex 0 40.5 0
      vertex 11.307958186549058 33.28757313665458 0
      vertex 11.074121550789812 32.972280932078405 0
    endloop
  endfacet
  facet normal 0 0 -1
    outer loop
      vertex 0 40.5 0
      vertex 11.571572875253821 33.57842712474619 0
      vertex 11.307958186549058 33.28757313665458 0
    endloop
  endfacet
  facet normal 0 0 -1
    outer loop
      vertex 0 40.5 0
      vertex 11.862426863345434 33.84204181345095 0
      vertex 11.571572875253821 33.57842712474619 0
    endloop
  endfacet
  facet normal 0 0 -1
    outer loop
      vertex 0 40.5 0
      vertex 14.400000000000006 34.75 0
      vertex 14.007931438681766 34.730738906688785 0
    endloop
  endfacet
  facet normal 0 0 -1
    outer loop
      vertex 0 40.5 0
      vertex 14.007931438681766 34.730738906688785 0
      vertex 13.619638711935494 34.67314112161292 0
    endloop
  endfacet
  facet normal 0 0 -1
    outer loop
      vertex 0 40.5 0
      vertex 13.238861290982157 34.57776134292884 0
      vertex 12.86926627053964 34.445518130045144 0
    endloop
  endfacet
  facet normal 0 0 -1
    outer loop
      vertex 0 40.5 0
      vertex 13.619638711935494 34.67314112161292 0
      vertex 13.238861290982157 34.57776134292884 0
    endloop
  endfacet
  facet normal 0 0 -1
    outer loop
      vertex 0 40.5 0
      vertex 12.1777190679216 34.07587844921018 0
      vertex 11.862426863345434 33.84204181345095 0
    endloop
  endfacet
  facet normal 0 0 -1
    outer loop
      vertex 0 40.5 0
      vertex 12.514413052696028 34.27768505739342 0
      vertex 12.1777190679216 34.07587844921018 0
    endloop
  endfacet
  facet normal 0 0 -1
    outer loop
      vertex 0 40.5 0
      vertex 12.86926627053964 34.445518130045144 0
      vertex 12.514413052696028 34.27768505739342 0
    endloop
  endfacet
  facet normal 0 0 1
    outer loop
      vertex 51.400000000000006 17.55 2.5
      vertex 64.9 19.45 2.5
      vertex 64.9 31.8 2.5
    endloop
  endfacet
  facet normal 0 0 1
    outer loop
      vertex 51.400000000000006 17.55 2.5
      vertex 64.9 31.8 2.5
      vertex 51.400000000000006 19.45 2.5
    endloop
  endfacet
  facet normal 0 0 1
    outer loop
      vertex 51.400000000000006 26.05 2.5
      vertex 51.400000000000006 19.45 2.5
      vertex 64.9 31.8 2.5
    endloop
  endfacet
  facet normal 0 0 1
    outer loop
      vertex 51.400000000000006 26.05 2.5
      vertex 64.9 31.8 2.5
      vertex 51.400000000000006 27.95 2.5
    endloop
  endfacet
  facet normal 0 0 1
    outer loop
      vertex 51.400000000000006 27.95 2.5
      vertex 36.400000000000006 26.05 2.5
      vertex 51.400000000000006 26.05 2.5
    endloop
  endfacet
  facet normal 0 0 1
    outer loop
      vertex 51.400000000000006 27.95 2.5
      vertex 36.400000000000006 27.95 2.5
      vertex 36.400000000000006 26.05 2.5
    endloop
  endfacet
  facet normal 0 1 0
    outer loop
      vertex 155 40.5 2.5
      vertex 0 40.5 0
      vertex 0 40.5 2.5
    endloop
  endfacet
  facet normal 0 0 1
    outer loop
      vertex 155 40.5 2.5
      vertex 30.446565724899557 35.21317184652715 2.5
      vertex 36.400000000000006 34.55 2.5
    endloop
  endfacet
  facet normal 0 0 1
    outer loop
      vertex 155 40.5 2.5
      vertex 29.92299677108872 35.34431904221777 2.5
      vertex 30.446565724899557 35.21317184652715 2.5
    endloop
  endfacet
  facet normal 0 0 1
    outer loop
      vertex 155 40.5 2.5
      vertex 29.389094271812596 35.423515996697084 2.5
      vertex 29.92299677108872 35.34431904221777 2.5
    endloop
  endfacet
  facet normal 0 0 1
    outer loop
      vertex 155 40.5 2.5
      vertex 28.85000000000001 35.45 2.5
      vertex 29.389094271812596 35.423515996697084 2.5
    endloop
  endfacet
  facet normal 0 0 1
    outer loop
      vertex 155 40.5 2.5
      vertex 0 40.5 2.5
      vertex 28.85000000000001 35.45 2.5
    endloop
  endfacet
  facet normal 0 0 1
    outer loop
      vertex 51.400000000000006 34.55 2.5
      vertex 51.400000000000006 27.95 2.5
      vertex 64.9 31.8 2.5
    endloop
  endfacet
  facet normal -1 0 0
    outer loop
      vertex 0 0 2.5
      vertex 0 40.5 2.5
      vertex 0 40.5 0
    endloop
  endfacet
  facet normal 0 0 1
    outer loop
      vertex 36.400000000000006 19.45 2.5
      vertex 36.400000000000006 26.05 2.5
      vertex 32.73908729652602 26.060912703473992 2.5
    endloop
  endfacet
  facet normal 0 0 1
    outer loop
      vertex 36.400000000000006 19.45 2.5
      vertex 31.44268205254299 25.09943304608405 2.5
      vertex 30.954758878008008 24.868662571187926 2.5
    endloop
  endfacet
  facet normal 0 0 1
    outer loop
      vertex 36.400000000000006 19.45 2.5
      vertex 31.905636281607826 25.376917132336004 2.5
      vertex 31.44268205254299 25.09943304608405 2.5
    endloop
  endfacet
  facet normal 0 0 1
    outer loop
      vertex 30.446565724899557 24.686828153472852 2.5
      vertex 29.92299677108872 24.555680957782236 2.5
      vertex 36.400000000000006 19.45 2.5
    endloop
  endfacet
  facet normal 0 0 1
    outer loop
      vertex 30.954758878008008 24.868662571187926 2.5
      vertex 30.446565724899557 24.686828153472852 2.5
      vertex 36.400000000000006 19.45 2.5
    endloop
  endfacet
  facet normal 0 0 1
    outer loop
      vertex 29.92299677108872 24.555680957782236 2.5
      vertex 29.389094271812596 24.47648400330292 2.5
      vertex 36.400000000000006 19.45 2.5
    endloop
  endfacet
  facet normal 0 0 1
    outer loop
      vertex 29.389094271812596 24.47648400330292 2.5
      vertex 28.85000000000001 24.450000000000003 2.5
      vertex 36.400000000000006 19.45 2.5
    endloop
  endfacet
  facet normal 0 0 1
    outer loop
      vertex 36.400000000000006 19.45 2.5
      vertex 32.339163062900056 25.69844250650495 2.5
      vertex 31.905636281607826 25.376917132336004 2.5
    endloop
  endfacet
  facet normal 0 0 1
    outer loop
      vertex 36.400000000000006 19.45 2.5
      vertex 32.73908729652602 26.060912703473992 2.5
      vertex 32.339163062900056 25.69844250650495 2.5
    endloop
  endfacet
  facet normal 0 0 1
    outer loop
      vertex 18.22776134292883 16.98886129098215 2.5
      vertex 28.85000000000001 24.450000000000003 2.5
      vertex 28.31090572818742 24.47648400330292 2.5
    endloop
  endfacet
  facet normal 0 0 1
    outer loop
      vertex 18.323141121612935 17.369638711935487 2.5
      vertex 28.31090572818742 24.47648400330292 2.5
      vertex 27.777003228911298 24.555680957782236 2.5
    endloop
  endfacet
  facet normal 0 0 1
    outer loop
      vertex 18.400000000000006 18.15 2.5
      vertex 27.777003228911298 24.555680957782236 2.5
      vertex 27.25343427510046 24.686828153472852 2.5
    endloop
  endfacet
  facet normal 0 0 1
    outer loop
      vertex 18.400000000000006 18.15 2.5
      vertex 26.745241121992024 24.868662571187926 2.5
      vertex 18.400000000000006 19.65 2.5
    endloop
  endfacet
  facet normal 0 0 1
    outer loop
      vertex 18.400000000000006 18.15 2.5
      vertex 27.25343427510046 24.686828153472852 2.5
      vertex 26.745241121992024 24.868662571187926 2.5
    endloop
  endfacet
  facet normal 0 0 1
    outer loop
      vertex 18.380738906688805 20.042068561318242 2.5
      vertex 18.400000000000006 19.65 2.5
      vertex 26.25731794745701 25.09943304608405 2.5
    endloop
  endfacet
  facet normal 0 0 1
    outer loop
      vertex 18.323141121612935 20.43036128806451 2.5
      vertex 18.380738906688805 20.042068561318242 2.5
      vertex 26.25731794745701 25.09943304608405 2.5
    endloop
  endfacet
  facet normal 0 0 1
    outer loop
      vertex 18.22776134292883 20.811138709017847 2.5
      vertex 18.323141121612935 20.43036128806451 2.5
      vertex 25.79436371839219 25.376917132336004 2.5
    endloop
  endfacet
  facet normal 0 0 1
    outer loop
      vertex 18.09551813004515 21.180733729460357 2.5
      vertex 18.22776134292883 20.811138709017847 2.5
      vertex 25.360836937099947 25.69844250650495 2.5
    endloop
  endfacet
  facet normal 0 0 1
    outer loop
      vertex 26.745241121992024 24.868662571187926 2.5
      vertex 26.25731794745701 25.09943304608405 2.5
      vertex 18.400000000000006 19.65 2.5
    endloop
  endfacet
  facet normal 0 0 1
    outer loop
      vertex 18.323141121612935 20.43036128806451 2.5
      vertex 26.25731794745701 25.09943304608405 2.5
      vertex 25.79436371839219 25.376917132336004 2.5
    endloop
  endfacet
  facet normal 0 0 1
    outer loop
      vertex 25.79436371839219 25.376917132336004 2.5
      vertex 25.360836937099947 25.69844250650495 2.5
      vertex 18.22776134292883 20.811138709017847 2.5
    endloop
  endfacet
  facet normal 0 0 1
    outer loop
      vertex 17.927685057393433 21.53558694730399 2.5
      vertex 18.09551813004515 21.180733729460357 2.5
      vertex 25.360836937099947 25.69844250650495 2.5
    endloop
  endfacet
  facet normal 0 0 1
    outer loop
      vertex 17.7258784492102 21.872280932078407 2.5
      vertex 17.927685057393433 21.53558694730399 2.5
      vertex 25.360836937099947 25.69844250650495 2.5
    endloop
  endfacet
  facet normal 0 0 1
    outer loop
      vertex 17.492041813450953 22.18757313665458 2.5
      vertex 17.7258784492102 21.872280932078407 2.5
      vertex 25.360836937099947 25.69844250650495 2.5
    endloop
  endfacet
  facet normal 0 0 1
    outer loop
      vertex 17.22842712474619 22.47842712474619 2.5
      vertex 17.492041813450953 22.18757313665458 2.5
      vertex 25.360836937099947 25.69844250650495 2.5
    endloop
  endfacet
  facet normal 0 0 1
    outer loop
      vertex 16.937573136654578 22.742041813450946 2.5
      vertex 17.22842712474619 22.47842712474619 2.5
      vertex 25.360836937099947 25.69844250650495 2.5
    endloop
  endfacet
  facet normal 0 0 1
    outer loop
      vertex 16.62228093207841 22.975878449210178 2.5
      vertex 16.937573136654578 22.742041813450946 2.5
      vertex 25.360836937099947 25.69844250650495 2.5
    endloop
  endfacet
  facet normal 0 0 1
    outer loop
      vertex 25.360836937099947 25.69844250650495 2.5
      vertex 16.62228093207841 25.92412155078982 2.5
      vertex 16.62228093207841 22.975878449210178 2.5
    endloop
  endfacet
  facet normal 0 0 1
    outer loop
      vertex 33.101557493495065 26.460836937099952 2.5
      vertex 32.73908729652602 26.060912703473992 2.5
      vertex 36.400000000000006 26.05 2.5
    endloop
  endfacet
  facet normal 0 0 1
    outer loop
      vertex 33.42308286766401 26.894363718392192 2.5
      vertex 33.101557493495065 26.460836937099952 2.5
      vertex 36.400000000000006 26.05 2.5
    endloop
  endfacet
  facet normal 0 0 1
    outer loop
      vertex 33.70056695391597 27.357317947457016 2.5
      vertex 33.42308286766401 26.894363718392192 2.5
      vertex 36.400000000000006 26.05 2.5
    endloop
  endfacet
  facet normal 0 0 1
    outer loop
      vertex 33.931337428812085 27.84524112199201 2.5
      vertex 33.70056695391597 27.357317947457016 2.5
      vertex 36.400000000000006 26.05 2.5
    endloop
  endfacet
  facet normal 0 0 1
    outer loop
      vertex 36.400000000000006 26.05 2.5
      vertex 36.400000000000006 27.95 2.5
      vertex 34.24431904221778 28.8770032289113 2.5
    endloop
  endfacet
  facet normal 0 0 1
    outer loop
      vertex 34.11317184652715 28.35343427510046 2.5
      vertex 33.931337428812085 27.84524112199201 2.5
      vertex 36.400000000000006 26.05 2.5
    endloop
  endfacet
  facet normal 0 0 1
    outer loop
      vertex 34.24431904221778 28.8770032289113 2.5
      vertex 34.11317184652715 28.35343427510046 2.5
      vertex 36.400000000000006 26.05 2.5
    endloop
  endfacet
  facet normal 0 0 1
    outer loop
      vertex 34.3235159966971 29.41090572818742 2.5
      vertex 34.24431904221778 28.8770032289113 2.5
      vertex 36.400000000000006 27.95 2.5
    endloop
  endfacet
  facet normal 0 0 1
    outer loop
      vertex 36.400000000000006 27.95 2.5
      vertex 34.35000000000001 29.950000000000003 2.5
      vertex 34.3235159966971 29.41090572818742 2.5
    endloop
  endfacet
  facet normal 0 0 1
    outer loop
      vertex 36.400000000000006 27.95 2.5
      vertex 34.3235159966971 30.489094271812586 2.5
      vertex 34.35000000000001 29.950000000000003 2.5
    endloop
  endfacet
  facet normal 0 0 1
    outer loop
      vertex 36.400000000000006 27.95 2.5
      vertex 34.24431904221778 31.022996771088707 2.5
      vertex 34.3235159966971 30.489094271812586 2.5
    endloop
  endfacet
  facet normal 0 0 1
    outer loop
      vertex 36.400000000000006 27.95 2.5
      vertex 34.11317184652715 31.546565724899544 2.5
      vertex 34.24431904221778 31.022996771088707 2.5
    endloop
  endfacet
  facet normal 0 0 1
    outer loop
      vertex 25.360836937099947 25.69844250650495 2.5
      vertex 24.96091270347401 26.060912703473992 2.5
      vertex 16.937573136654578 26.157958186549052 2.5
    endloop
  endfacet
  facet normal 0 0 1
    outer loop
      vertex 24.96091270347401 26.060912703473992 2.5
      vertex 24.598442506504966 26.460836937099952 2.5
      vertex 17.22842712474619 26.42157287525381 2.5
    endloop
  endfacet
  facet normal 0 0 1
    outer loop
      vertex 16.937573136654578 26.157958186549052 2.5
      vertex 16.62228093207841 25.92412155078982 2.5
      vertex 25.360836937099947 25.69844250650495 2.5
    endloop
  endfacet
  facet normal 0 0 1
    outer loop
      vertex 17.22842712474619 26.42157287525381 2.5
      vertex 16.937573136654578 26.157958186549052 2.5
      vertex 24.96091270347401 26.060912703473992 2.5
    endloop
  endfacet
  facet normal 0 0 1
    outer loop
      vertex 17.492041813450953 26.712426863345417 2.5
      vertex 17.22842712474619 26.42157287525381 2.5
      vertex 24.598442506504966 26.460836937099952 2.5
    endloop
  endfacet
  facet normal 0 0 1
    outer loop
      vertex 24.598442506504966 26.460836937099952 2.5
      vertex 24.276917132335996 26.894363718392192 2.5
      vertex 17.492041813450953 26.712426863345417 2.5
    endloop
  endfacet
  facet normal 0 0 1
    outer loop
      vertex 24.276917132335996 26.894363718392192 2.5
      vertex 23.99943304608405 27.357317947457016 2.5
      vertex 17.927685057393433 27.36441305269601 2.5
    endloop
  endfacet
  facet normal 0 0 1
    outer loop
      vertex 23.99943304608405 27.357317947457016 2.5
      vertex 23.768662571187917 27.84524112199201 2.5
      vertex 18.09551813004515 27.71926627053964 2.5
    endloop
  endfacet
  facet normal 0 0 1
    outer loop
      vertex 17.7258784492102 27.02771906792159 2.5
      vertex 17.492041813450953 26.712426863345417 2.5
      vertex 24.276917132335996 26.894363718392192 2.5
    endloop
  endfacet
  facet normal 0 0 1
    outer loop
      vertex 24.276917132335996 26.894363718392192 2.5
      vertex 17.927685057393433 27.36441305269601 2.5
      vertex 17.7258784492102 27.02771906792159 2.5
    endloop
  endfacet
  facet normal 0 0 1
    outer loop
      vertex 23.99943304608405 27.357317947457016 2.5
      vertex 18.09551813004515 27.71926627053964 2.5
      vertex 17.927685057393433 27.36441305269601 2.5
    endloop
  endfacet
  facet normal 0 0 1
    outer loop
      vertex 23.768662571187917 27.84524112199201 2.5
      vertex 23.58682815347285 28.35343427510046 2.5
      vertex 18.22776134292883 28.088861290982152 2.5
    endloop
  endfacet
  facet normal 0 0 1
    outer loop
      vertex 23.768662571187917 27.84524112199201 2.5
      vertex 18.22776134292883 28.088861290982152 2.5
      vertex 18.09551813004515 27.71926627053964 2.5
    endloop
  endfacet
  facet normal 0 0 1
    outer loop
      vertex 18.323141121612935 28.469638711935488 2.5
      vertex 18.22776134292883 28.088861290982152 2.5
      vertex 23.58682815347285 28.35343427510046 2.5
    endloop
  endfacet
  facet normal 0 0 1
    outer loop
      vertex 23.58682815347285 28.35343427510046 2.5
      vertex 23.45568095778225 28.8770032289113 2.5
      vertex 18.323141121612935 28.469638711935488 2.5
    endloop
  endfacet
  facet normal 0 0 1
    outer loop
      vertex 18.380738906688805 28.857931438681756 2.5
      vertex 18.323141121612935 28.469638711935488 2.5
      vertex 23.45568095778225 28.8770032289113 2.5
    endloop
  endfacet
  facet normal 0 0 1
    outer loop
      vertex 23.45568095778225 28.8770032289113 2.5
      vertex 18.400000000000006 29.25 2.5
      vertex 18.380738906688805 28.857931438681756 2.5
    endloop
  endfacet
  facet normal 0 0 1
    outer loop
      vertex 23.45568095778225 28.8770032289113 2.5
      vertex 23.37648400330292 29.41090572818742 2.5
      vertex 18.400000000000006 29.25 2.5
    endloop
  endfacet
  facet normal 0 0 1
    outer loop
      vertex 23.37648400330292 29.41090572818742 2.5
      vertex 23.350000000000023 29.950000000000003 2.5
      vertex 18.400000000000006 29.25 2.5
    endloop
  endfacet
  facet normal 0 0 1
    outer loop
      vertex 18.400000000000006 30.75 2.5
      vertex 18.400000000000006 29.25 2.5
      vertex 23.350000000000023 29.950000000000003 2.5
    endloop
  endfacet
  facet normal 0 0 1
    outer loop
      vertex 16.285586947303983 23.17768505739342 2.5
      vertex 16.62228093207841 22.975878449210178 2.5
      vertex 16.62228093207841 25.92412155078982 2.5
    endloop
  endfacet
  facet normal 0 0 1
    outer loop
      vertex 15.930733729460371 23.345518130045146 2.5
      vertex 16.285586947303983 23.17768505739342 2.5
      vertex 16.285586947303983 25.72231494260658 2.5
    endloop
  endfacet
  facet normal 0 0 1
    outer loop
      vertex 15.561138709017854 23.477761342928833 2.5
      vertex 15.930733729460371 23.345518130045146 2.5
      vertex 15.930733729460371 25.554481869954852 2.5
    endloop
  endfacet
  facet normal 0 0 1
    outer loop
      vertex 15.180361288064518 23.57314112161292 2.5
      vertex 15.561138709017854 23.477761342928833 2.5
      vertex 15.561138709017854 25.422238657071166 2.5
    endloop
  endfacet
  facet normal 0 0 1
    outer loop
      vertex 14.792068561318246 23.630738906688787 2.5
      vertex 15.180361288064518 23.57314112161292 2.5
      vertex 15.180361288064518 25.32685887838708 2.5
    endloop
  endfacet
  facet normal 0 0 1
    outer loop
      vertex 14.400000000000006 23.65 2.5
      vertex 14.792068561318246 23.630738906688787 2.5
      vertex 14.792068561318246 25.26926109331121 2.5
    endloop
  endfacet
  facet normal 0 0 1
    outer loop
      vertex 16.285586947303983 23.17768505739342 2.5
      vertex 16.62228093207841 25.92412155078982 2.5
      vertex 16.285586947303983 25.72231494260658 2.5
    endloop
  endfacet
  facet normal 0 0 1
    outer loop
      vertex 15.930733729460371 23.345518130045146 2.5
      vertex 16.285586947303983 25.72231494260658 2.5
      vertex 15.930733729460371 25.554481869954852 2.5
    endloop
  endfacet
  facet normal 0 0 1
    outer loop
      vertex 15.930733729460371 25.554481869954852 2.5
      vertex 15.561138709017854 25.422238657071166 2.5
      vertex 15.561138709017854 23.477761342928833 2.5
    endloop
  endfacet
  facet normal 0 0 1
    outer loop
      vertex 15.180361288064518 23.57314112161292 2.5
      vertex 15.561138709017854 25.422238657071166 2.5
      vertex 15.180361288064518 25.32685887838708 2.5
    endloop
  endfacet
  facet normal 0 0 1
    outer loop
      vertex 14.792068561318246 23.630738906688787 2.5
      vertex 15.180361288064518 25.32685887838708 2.5
      vertex 14.792068561318246 25.26926109331121 2.5
    endloop
  endfacet
  facet normal 0 0 1
    outer loop
      vertex 12.514413052696028 23.17768505739342 2.5
      vertex 12.86926627053964 23.345518130045146 2.5
      vertex 12.86926627053964 25.554481869954852 2.5
    endloop
  endfacet
  facet normal 0 0 1
    outer loop
      vertex 12.1777190679216 22.975878449210178 2.5
      vertex 12.514413052696028 23.17768505739342 2.5
      vertex 12.514413052696028 25.72231494260658 2.5
    endloop
  endfacet
  facet normal 0 0 1
    outer loop
      vertex 10.400000000000006 19.65 2.5
      vertex 10.419261093311206 20.042068561318242 2.5
      vertex 10.419261093311206 28.857931438681756 2.5
    endloop
  endfacet
  facet normal 0 0 1
    outer loop
      vertex 10.419261093311206 20.042068561318242 2.5
      vertex 10.476858878387077 20.43036128806451 2.5
      vertex 10.476858878387077 28.469638711935488 2.5
    endloop
  endfacet
  facet normal 0 0 1
    outer loop
      vertex 10.572238657071182 20.811138709017847 2.5
      vertex 10.704481869954861 21.180733729460357 2.5
      vertex 10.704481869954861 27.71926627053964 2.5
    endloop
  endfacet
  facet normal 0 0 1
    outer loop
      vertex 10.476858878387077 20.43036128806451 2.5
      vertex 10.572238657071182 20.811138709017847 2.5
      vertex 10.572238657071182 28.088861290982152 2.5
    endloop
  endfacet
  facet normal 0 0 1
    outer loop
      vertex 10.704481869954861 21.180733729460357 2.5
      vertex 10.872314942606579 21.53558694730399 2.5
      vertex 10.872314942606579 27.36441305269601 2.5
    endloop
  endfacet
  facet normal 0 0 1
    outer loop
      vertex 10.872314942606579 21.53558694730399 2.5
      vertex 11.074121550789812 21.872280932078407 2.5
      vertex 11.074121550789812 27.02771906792159 2.5
    endloop
  endfacet
  facet normal 0 0 1
    outer loop
      vertex 11.074121550789812 21.872280932078407 2.5
      vertex 11.307958186549058 22.18757313665458 2.5
      vertex 11.307958186549058 26.712426863345417 2.5
    endloop
  endfacet
  facet normal 0 0 1
    outer loop
      vertex 11.307958186549058 22.18757313665458 2.5
      vertex 11.571572875253821 22.47842712474619 2.5
      vertex 11.571572875253821 26.42157287525381 2.5
    endloop
  endfacet
  facet normal 0 0 1
    outer loop
      vertex 11.862426863345434 22.742041813450946 2.5
      vertex 12.1777190679216 22.975878449210178 2.5
      vertex 12.1777190679216 25.92412155078982 2.5
    endloop
  endfacet
  facet normal 0 0 1
    outer loop
      vertex 11.571572875253821 22.47842712474619 2.5
      vertex 11.862426863345434 22.742041813450946 2.5
      vertex 11.862426863345434 26.157958186549052 2.5
    endloop
  endfacet
  facet normal 0 0 1
    outer loop
      vertex 14.007931438681766 23.630738906688787 2.5
      vertex 14.400000000000006 23.65 2.5
      vertex 14.400000000000006 25.25 2.5
    endloop
  endfacet
  facet normal 0 0 1
    outer loop
      vertex 13.619638711935494 23.57314112161292 2.5
      vertex 14.007931438681766 23.630738906688787 2.5
      vertex 14.007931438681766 25.26926109331121 2.5
    endloop
  endfacet
  facet normal 0 0 1
    outer loop
      vertex 13.238861290982157 23.477761342928833 2.5
      vertex 13.619638711935494 23.57314112161292 2.5
      vertex 13.619638711935494 25.32685887838708 2.5
    endloop
  endfacet
  facet normal 0 0 1
    outer loop
      vertex 12.86926627053964 23.345518130045146 2.5
      vertex 13.238861290982157 23.477761342928833 2.5
      vertex 13.238861290982157 25.422238657071166 2.5
    endloop
  endfacet
  facet normal 0 0 1
    outer loop
      vertex 14.400000000000006 23.65 2.5
      vertex 14.792068561318246 25.26926109331121 2.5
      vertex 14.400000000000006 25.25 2.5
    endloop
  endfacet
  facet normal 0 0 1
    outer loop
      vertex 14.007931438681766 23.630738906688787 2.5
      vertex 14.400000000000006 25.25 2.5
      vertex 14.007931438681766 25.26926109331121 2.5
    endloop
  endfacet
  facet normal 0 0 1
    outer loop
      vertex 13.619638711935494 23.57314112161292 2.5
      vertex 14.007931438681766 25.26926109331121 2.5
      vertex 13.619638711935494 25.32685887838708 2.5
    endloop
  endfacet
  facet normal 0 0 1
    outer loop
      vertex 13.238861290982157 23.477761342928833 2.5
      vertex 13.619638711935494 25.32685887838708 2.5
      vertex 13.238861290982157 25.422238657071166 2.5
    endloop
  endfacet
  facet normal 0 0 1
    outer loop
      vertex 12.86926627053964 23.345518130045146 2.5
      vertex 13.238861290982157 25.422238657071166 2.5
      vertex 12.86926627053964 25.554481869954852 2.5
    endloop
  endfacet
  facet normal 0 0 1
    outer loop
      vertex 12.514413052696028 23.17768505739342 2.5
      vertex 12.86926627053964 25.554481869954852 2.5
      vertex 12.514413052696028 25.72231494260658 2.5
    endloop
  endfacet
  facet normal 0 0 1
    outer loop
      vertex 12.1777190679216 22.975878449210178 2.5
      vertex 12.514413052696028 25.72231494260658 2.5
      vertex 12.1777190679216 25.92412155078982 2.5
    endloop
  endfacet
  facet normal 0 0 1
    outer loop
      vertex 11.862426863345434 22.742041813450946 2.5
      vertex 12.1777190679216 25.92412155078982 2.5
      vertex 11.862426863345434 26.157958186549052 2.5
    endloop
  endfacet
  facet normal 0 0 1
    outer loop
      vertex 11.571572875253821 22.47842712474619 2.5
      vertex 11.862426863345434 26.157958186549052 2.5
      vertex 11.571572875253821 26.42157287525381 2.5
    endloop
  endfacet
  facet normal 0 0 1
    outer loop
      vertex 11.307958186549058 22.18757313665458 2.5
      vertex 11.571572875253821 26.42157287525381 2.5
      vertex 11.307958186549058 26.712426863345417 2.5
    endloop
  endfacet
  facet normal 0 0 1
    outer loop
      vertex 11.074121550789812 21.872280932078407 2.5
      vertex 11.307958186549058 26.712426863345417 2.5
      vertex 11.074121550789812 27.02771906792159 2.5
    endloop
  endfacet
  facet normal 0 0 1
    outer loop
      vertex 10.872314942606579 21.53558694730399 2.5
      vertex 11.074121550789812 27.02771906792159 2.5
      vertex 10.872314942606579 27.36441305269601 2.5
    endloop
  endfacet
  facet normal 0 0 1
    outer loop
      vertex 0 0 2.5
      vertex 10.419261093311206 28.857931438681756 2.5
      vertex 0 40.5 2.5
    endloop
  endfacet
  facet normal 0 0 1
    outer loop
      vertex 10.704481869954861 21.180733729460357 2.5
      vertex 10.872314942606579 27.36441305269601 2.5
      vertex 10.704481869954861 27.71926627053964 2.5
    endloop
  endfacet
  facet normal 0 0 1
    outer loop
      vertex 10.572238657071182 20.811138709017847 2.5
      vertex 10.704481869954861 27.71926627053964 2.5
      vertex 10.572238657071182 28.088861290982152 2.5
    endloop
  endfacet
  facet normal 0 0 1
    outer loop
      vertex 10.476858878387077 20.43036128806451 2.5
      vertex 10.572238657071182 28.088861290982152 2.5
      vertex 10.476858878387077 28.469638711935488 2.5
    endloop
  endfacet
  facet normal 0 0 1
    outer loop
      vertex 10.419261093311206 20.042068561318242 2.5
      vertex 10.476858878387077 28.469638711935488 2.5
      vertex 10.419261093311206 28.857931438681756 2.5
    endloop
  endfacet
  facet normal 0 0 1
    outer loop
      vertex 36.400000000000006 27.95 2.5
      vertex 36.400000000000006 34.55 2.5
      vertex 34.11317184652715 31.546565724899544 2.5
    endloop
  endfacet
  facet normal 0 0 1
    outer loop
      vertex 33.931337428812085 32.054758878007995 2.5
      vertex 34.11317184652715 31.546565724899544 2.5
      vertex 36.400000000000006 34.55 2.5
    endloop
  endfacet
  facet normal 0 0 1
    outer loop
      vertex 33.70056695391597 32.54268205254299 2.5
      vertex 33.931337428812085 32.054758878007995 2.5
      vertex 36.400000000000006 34.55 2.5
    endloop
  endfacet
  facet normal 0 0 1
    outer loop
      vertex 33.42308286766401 33.00563628160781 2.5
      vertex 33.70056695391597 32.54268205254299 2.5
      vertex 36.400000000000006 34.55 2.5
    endloop
  endfacet
  facet normal 0 0 1
    outer loop
      vertex 33.101557493495065 33.43916306290005 2.5
      vertex 33.42308286766401 33.00563628160781 2.5
      vertex 36.400000000000006 34.55 2.5
    endloop
  endfacet
  facet normal 0 0 1
    outer loop
      vertex 32.73908729652602 33.83908729652602 2.5
      vertex 33.101557493495065 33.43916306290005 2.5
      vertex 36.400000000000006 34.55 2.5
    endloop
  endfacet
  facet normal 0 0 1
    outer loop
      vertex 32.339163062900056 34.20155749349506 2.5
      vertex 32.73908729652602 33.83908729652602 2.5
      vertex 36.400000000000006 34.55 2.5
    endloop
  endfacet
  facet normal 0 0 1
    outer loop
      vertex 31.905636281607826 34.523082867664 2.5
      vertex 32.339163062900056 34.20155749349506 2.5
      vertex 36.400000000000006 34.55 2.5
    endloop
  endfacet
  facet normal 0 0 1
    outer loop
      vertex 31.44268205254299 34.800566953915954 2.5
      vertex 31.905636281607826 34.523082867664 2.5
      vertex 36.400000000000006 34.55 2.5
    endloop
  endfacet
  facet normal 0 0 1
    outer loop
      vertex 30.954758878008008 35.03133742881208 2.5
      vertex 31.44268205254299 34.800566953915954 2.5
      vertex 36.400000000000006 34.55 2.5
    endloop
  endfacet
  facet normal 0 0 1
    outer loop
      vertex 30.446565724899557 35.21317184652715 2.5
      vertex 30.954758878008008 35.03133742881208 2.5
      vertex 36.400000000000006 34.55 2.5
    endloop
  endfacet
  facet normal 0 0 1
    outer loop
      vertex 23.350000000000023 29.950000000000003 2.5
      vertex 23.37648400330292 30.489094271812586 2.5
      vertex 18.400000000000006 30.75 2.5
    endloop
  endfacet
  facet normal 0 0 1
    outer loop
      vertex 23.37648400330292 30.489094271812586 2.5
      vertex 23.45568095778225 31.022996771088707 2.5
      vertex 18.380738906688805 31.142068561318244 2.5
    endloop
  endfacet
  facet normal 0 0 1
    outer loop
      vertex 23.37648400330292 30.489094271812586 2.5
      vertex 18.380738906688805 31.142068561318244 2.5
      vertex 18.400000000000006 30.75 2.5
    endloop
  endfacet
  facet normal 0 0 1
    outer loop
      vertex 23.45568095778225 31.022996771088707 2.5
      vertex 23.58682815347285 31.546565724899544 2.5
      vertex 18.323141121612935 31.530361288064512 2.5
    endloop
  endfacet
  facet normal 0 0 1
    outer loop
      vertex 18.323141121612935 31.530361288064512 2.5
      vertex 18.380738906688805 31.142068561318244 2.5
      vertex 23.45568095778225 31.022996771088707 2.5
    endloop
  endfacet
  facet normal 0 0 1
    outer loop
      vertex 23.58682815347285 31.546565724899544 2.5
      vertex 23.768662571187917 32.054758878007995 2.5
      vertex 18.22776134292883 31.911138709017848 2.5
    endloop
  endfacet
  facet normal 0 0 1
    outer loop
      vertex 23.768662571187917 32.054758878007995 2.5
      vertex 23.99943304608405 32.54268205254299 2.5
      vertex 18.09551813004515 32.28073372946036 2.5
    endloop
  endfacet
  facet normal 0 0 1
    outer loop
      vertex 23.99943304608405 32.54268205254299 2.5
      vertex 24.276917132335996 33.00563628160781 2.5
      vertex 17.7258784492102 32.972280932078405 2.5
    endloop
  endfacet
  facet normal 0 0 1
    outer loop
      vertex 18.22776134292883 31.911138709017848 2.5
      vertex 18.323141121612935 31.530361288064512 2.5
      vertex 23.58682815347285 31.546565724899544 2.5
    endloop
  endfacet
  facet normal 0 0 1
    outer loop
      vertex 18.09551813004515 32.28073372946036 2.5
      vertex 18.22776134292883 31.911138709017848 2.5
      vertex 23.768662571187917 32.054758878007995 2.5
    endloop
  endfacet
  facet normal 0 0 1
    outer loop
      vertex 17.927685057393433 32.63558694730399 2.5
      vertex 18.09551813004515 32.28073372946036 2.5
      vertex 23.99943304608405 32.54268205254299 2.5
    endloop
  endfacet
  facet normal 0 0 1
    outer loop
      vertex 23.99943304608405 32.54268205254299 2.5
      vertex 17.7258784492102 32.972280932078405 2.5
      vertex 17.927685057393433 32.63558694730399 2.5
    endloop
  endfacet
  facet normal 0 0 1
    outer loop
      vertex 24.276917132335996 33.00563628160781 2.5
      vertex 24.598442506504966 33.43916306290005 2.5
      vertex 17.492041813450953 33.28757313665458 2.5
    endloop
  endfacet
  facet normal 0 0 1
    outer loop
      vertex 24.598442506504966 33.43916306290005 2.5
      vertex 24.96091270347401 33.83908729652602 2.5
      vertex 17.22842712474619 33.57842712474619 2.5
    endloop
  endfacet
  facet normal 0 0 1
    outer loop
      vertex 24.96091270347401 33.83908729652602 2.5
      vertex 25.360836937099947 34.20155749349506 2.5
      vertex 16.937573136654578 33.84204181345095 2.5
    endloop
  endfacet
  facet normal 0 0 1
    outer loop
      vertex 17.492041813450953 33.28757313665458 2.5
      vertex 17.7258784492102 32.972280932078405 2.5
      vertex 24.276917132335996 33.00563628160781 2.5
    endloop
  endfacet
  facet normal 0 0 1
    outer loop
      vertex 17.22842712474619 33.57842712474619 2.5
      vertex 17.492041813450953 33.28757313665458 2.5
      vertex 24.598442506504966 33.43916306290005 2.5
    endloop
  endfacet
  facet normal 0 0 1
    outer loop
      vertex 16.937573136654578 33.84204181345095 2.5
      vertex 17.22842712474619 33.57842712474619 2.5
      vertex 24.96091270347401 33.83908729652602 2.5
    endloop
  endfacet
  facet normal 0 0 1
    outer loop
      vertex 16.62228093207841 34.07587844921018 2.5
      vertex 16.937573136654578 33.84204181345095 2.5
      vertex 25.360836937099947 34.20155749349506 2.5
    endloop
  endfacet
  facet normal 0 0 1
    outer loop
      vertex 25.360836937099947 34.20155749349506 2.5
      vertex 25.79436371839219 34.523082867664 2.5
      vertex 16.62228093207841 34.07587844921018 2.5
    endloop
  endfacet
  facet normal 0 0 1
    outer loop
      vertex 25.79436371839219 34.523082867664 2.5
      vertex 26.25731794745701 34.800566953915954 2.5
      vertex 16.285586947303983 34.27768505739342 2.5
    endloop
  endfacet
  facet normal 0 0 1
    outer loop
      vertex 26.25731794745701 34.800566953915954 2.5
      vertex 26.745241121992024 35.03133742881208 2.5
      vertex 15.930733729460371 34.445518130045144 2.5
    endloop
  endfacet
  facet normal 0 0 1
    outer loop
      vertex 26.745241121992024 35.03133742881208 2.5
      vertex 27.25343427510046 35.21317184652715 2.5
      vertex 15.561138709017854 34.57776134292884 2.5
    endloop
  endfacet
  facet normal 0 0 1
    outer loop
      vertex 16.285586947303983 34.27768505739342 2.5
      vertex 16.62228093207841 34.07587844921018 2.5
      vertex 25.79436371839219 34.523082867664 2.5
    endloop
  endfacet
  facet normal 0 0 1
    outer loop
      vertex 15.930733729460371 34.445518130045144 2.5
      vertex 16.285586947303983 34.27768505739342 2.5
      vertex 26.25731794745701 34.800566953915954 2.5
    endloop
  endfacet
  facet normal 0 0 1
    outer loop
      vertex 15.561138709017854 34.57776134292884 2.5
      vertex 15.930733729460371 34.445518130045144 2.5
      vertex 26.745241121992024 35.03133742881208 2.5
    endloop
  endfacet
  facet normal 0 0 1
    outer loop
      vertex 15.180361288064518 34.67314112161292 2.5
      vertex 15.561138709017854 34.57776134292884 2.5
      vertex 27.25343427510046 35.21317184652715 2.5
    endloop
  endfacet
  facet normal 0 0 1
    outer loop
      vertex 0 40.5 2.5
      vertex 10.419261093311206 28.857931438681756 2.5
      vertex 10.400000000000006 29.25 2.5
    endloop
  endfacet
  facet normal 0 0 1
    outer loop
      vertex 0 40.5 2.5
      vertex 10.400000000000006 29.25 2.5
      vertex 10.400000000000006 30.75 2.5
    endloop
  endfacet
  facet normal 0 0 1
    outer loop
      vertex 0 40.5 2.5
      vertex 10.400000000000006 30.75 2.5
      vertex 10.419261093311206 31.142068561318244 2.5
    endloop
  endfacet
  facet normal 0 0 1
    outer loop
      vertex 0 40.5 2.5
      vertex 10.872314942606579 32.63558694730399 2.5
      vertex 11.074121550789812 32.972280932078405 2.5
    endloop
  endfacet
  facet normal 0 0 1
    outer loop
      vertex 0 40.5 2.5
      vertex 10.419261093311206 31.142068561318244 2.5
      vertex 10.476858878387077 31.530361288064512 2.5
    endloop
  endfacet
  facet normal 0 0 1
    outer loop
      vertex 0 40.5 2.5
      vertex 10.476858878387077 31.530361288064512 2.5
      vertex 10.572238657071182 31.911138709017848 2.5
    endloop
  endfacet
  facet normal 0 0 1
    outer loop
      vertex 0 40.5 2.5
      vertex 10.572238657071182 31.911138709017848 2.5
      vertex 10.704481869954861 32.28073372946036 2.5
    endloop
  endfacet
  facet normal 0 0 1
    outer loop
      vertex 0 40.5 2.5
      vertex 10.704481869954861 32.28073372946036 2.5
      vertex 10.872314942606579 32.63558694730399 2.5
    endloop
  endfacet
  facet normal 0 0 1
    outer loop
      vertex 0 40.5 2.5
      vertex 27.25343427510046 35.21317184652715 2.5
      vertex 27.777003228911298 35.34431904221777 2.5
    endloop
  endfacet
  facet normal 0 0 1
    outer loop
      vertex 0 40.5 2.5
      vertex 28.31090572818742 35.423515996697084 2.5
      vertex 28.85000000000001 35.45 2.5
    endloop
  endfacet
  facet normal 0 0 1
    outer loop
      vertex 0 40.5 2.5
      vertex 27.777003228911298 35.34431904221777 2.5
      vertex 28.31090572818742 35.423515996697084 2.5
    endloop
  endfacet
  facet normal 0 0 1
    outer loop
      vertex 0 40.5 2.5
      vertex 14.792068561318246 34.730738906688785 2.5
      vertex 15.180361288064518 34.67314112161292 2.5
    endloop
  endfacet
  facet normal 0 0 1
    outer loop
      vertex 0 40.5 2.5
      vertex 14.400000000000006 34.75 2.5
      vertex 14.792068561318246 34.730738906688785 2.5
    endloop
  endfacet
  facet normal 0 0 1
    outer loop
      vertex 0 40.5 2.5
      vertex 15.180361288064518 34.67314112161292 2.5
      vertex 27.25343427510046 35.21317184652715 2.5
    endloop
  endfacet
  facet normal 0 0 1
    outer loop
      vertex 0 40.5 2.5
      vertex 11.074121550789812 32.972280932078405 2.5
      vertex 11.307958186549058 33.28757313665458 2.5
    endloop
  endfacet
  facet normal 0 0 1
    outer loop
      vertex 0 40.5 2.5
      vertex 11.307958186549058 33.28757313665458 2.5
      vertex 11.571572875253821 33.57842712474619 2.5
    endloop
  endfacet
  facet normal 0 0 1
    outer loop
      vertex 0 40.5 2.5
      vertex 11.571572875253821 33.57842712474619 2.5
      vertex 11.862426863345434 33.84204181345095 2.5
    endloop
  endfacet
  facet normal 0 0 1
    outer loop
      vertex 0 40.5 2.5
      vertex 14.007931438681766 34.730738906688785 2.5
      vertex 14.400000000000006 34.75 2.5
    endloop
  endfacet
  facet normal 0 0 1
    outer loop
      vertex 0 40.5 2.5
      vertex 13.619638711935494 34.67314112161292 2.5
      vertex 14.007931438681766 34.730738906688785 2.5
    endloop
  endfacet
  facet normal 0 0 1
    outer loop
      vertex 0 40.5 2.5
      vertex 12.86926627053964 34.445518130045144 2.5
      vertex 13.238861290982157 34.57776134292884 2.5
    endloop
  endfacet
  facet normal 0 0 1
    outer loop
      vertex 0 40.5 2.5
      vertex 13.238861290982157 34.57776134292884 2.5
      vertex 13.619638711935494 34.67314112161292 2.5
    endloop
  endfacet
  facet normal 0 0 1
    outer loop
      vertex 0 40.5 2.5
      vertex 11.862426863345434 33.84204181345095 2.5
      vertex 12.1777190679216 34.07587844921018 2.5
    endloop
  endfacet
  facet normal 0 0 1
    outer loop
      vertex 0 40.5 2.5
      vertex 12.1777190679216 34.07587844921018 2.5
      vertex 12.514413052696028 34.27768505739342 2.5
    endloop
  endfacet
  facet normal 0 0 1
    outer loop
      vertex 0 40.5 2.5
      vertex 12.514413052696028 34.27768505739342 2.5
      vertex 12.86926627053964 34.445518130045144 2.5
    endloop
  endfacet
  facet normal -0.7071067811865475 0.7071067811865475 0
    outer loop
      vertex 146.9 4.25 2.5
      vertex 146.9 4.25 0
      vertex 144.9 2.25 0
    endloop
  endfacet
  facet normal 0 1 0
    outer loop
      vertex 144.9 2.25 2.5
      vertex 144.9 2.25 0
      vertex 133.9 2.25 0
    endloop
  endfacet
  facet normal -1 0 0
    outer loop
      vertex 146.9 8.25 2.5
      vertex 146.9 8.25 0
      vertex 146.9 4.25 0
    endloop
  endfacet
  facet normal 0 -1 0
    outer loop
      vertex 131.9 8.25 2.5
      vertex 131.9 8.25 0
      vertex 146.9 8.25 0
    endloop
  endfacet
  facet normal 0.7071067811865475 0.7071067811865475 0
    outer loop
      vertex 133.9 2.25 2.5
      vertex 133.9 2.25 0
      vertex 131.9 4.25 0
    endloop
  endfacet
  facet normal 1 0 0
    outer loop
      vertex 131.9 8.25 0
      vertex 131.9 4.25 2.5
      vertex 131.9 4.25 0
    endloop
  endfacet
  facet normal -0.7071067811865475 0.7071067811865475 0
    outer loop
      vertex 146.9 4.25 2.5
      vertex 144.9 2.25 0
      vertex 144.9 2.25 2.5
    endloop
  endfacet
  facet normal 0 1 0
    outer loop
      vertex 144.9 2.25 2.5
      vertex 133.9 2.25 0
      vertex 133.9 2.25 2.5
    endloop
  endfacet
  facet normal -1 0 0
    outer loop
      vertex 146.9 8.25 2.5
      vertex 146.9 4.25 0
      vertex 146.9 4.25 2.5
    endloop
  endfacet
  facet normal 0 -1 0
    outer loop
      vertex 131.9 8.25 2.5
      vertex 146.9 8.25 0
      vertex 146.9 8.25 2.5
    endloop
  endfacet
  facet normal 0.7071067811865475 0.7071067811865475 0
    outer loop
      vertex 133.9 2.25 2.5
      vertex 131.9 4.25 0
      vertex 131.9 4.25 2.5
    endloop
  endfacet
  facet normal 1 0 0
    outer loop
      vertex 131.9 4.25 2.5
      vertex 131.9 8.25 0
      vertex 131.9 8.25 2.5
    endloop
  endfacet
  facet normal 0 1 0
    outer loop
      vertex 145.75 13.75 2.5
      vertex 145.75 13.75 0
      vertex 131.25 13.75 0
    endloop
  endfacet
  facet normal -0.7071067811865475 0.7071067811865475 0
    outer loop
      vertex 148.75 16.75 2.5
      vertex 148.75 16.75 0
      vertex 145.75 13.75 0
    endloop
  endfacet
  facet normal -1 0 0
    outer loop
      vertex 148.75 20.75 2.5
      vertex 148.75 20.75 0
      vertex 148.75 16.75 0
    endloop
  endfacet
  facet normal 1 0 0
    outer loop
      vertex 131.25 13.75 0
      vertex 131.25 20.75 0
      vertex 131.25 13.75 2.5
    endloop
  endfacet
  facet normal -0.7071067811865475 0.7071067811865475 0
    outer loop
      vertex 148.75 16.75 2.5
      vertex 145.75 13.75 0
      vertex 145.75 13.75 2.5
    endloop
  endfacet
  facet normal 0 1 0
    outer loop
      vertex 145.75 13.75 2.5
      vertex 131.25 13.75 0
      vertex 131.25 13.75 2.5
    endloop
  endfacet
  facet normal -1 0 0
    outer loop
      vertex 148.75 16.75 2.5
      vertex 148.75 20.75 2.5
      vertex 148.75 16.75 0
    endloop
  endfacet
  facet normal 1 0 0
    outer loop
      vertex 131.25 20.75 2.5
      vertex 131.25 13.75 2.5
      vertex 131.25 20.75 0
    endloop
  endfacet
  facet normal 0 -1 0
    outer loop
      vertex 131.25 20.75 0
      vertex 148.75 20.75 0
      vertex 131.25 20.75 2.5
    endloop
  endfacet
  facet normal 0 -1 0
    outer loop
      vertex 131.25 20.75 2.5
      vertex 148.75 20.75 0
      vertex 148.75 20.75 2.5
    endloop
  endfacet
  facet normal -0.9039892931234212 0.42755509343032877 0
    outer loop
      vertex 121.2187289481504 4.388962277178548 2.5
      vertex 121.2187289481504 4.388962277178548 0
      vertex 121.12432284478379 4.189357342141506 0
    endloop
  endfacet
  facet normal -0.9415440651830126 0.3368898533922427 0
    outer loop
      vertex 121.29311575539748 4.5968594761774595 2.5
      vertex 121.29311575539748 4.5968594761774595 0
      vertex 121.2187289481504 4.388962277178548 0
    endloop
  endfacet
  facet normal -0.9700312531945555 0.24298017990321802 0
    outer loop
      vertex 121.34676688090727 4.811046775463711 2.5
      vertex 121.34676688090727 4.811046775463711 0
      vertex 121.29311575539748 4.5968594761774595 0
    endloop
  endfacet
  facet normal -0.9891765099647816 0.1467304744553578 0
    outer loop
      vertex 121.37916563501244 5.029461434258488 2.5
      vertex 121.37916563501244 5.029461434258488 0
      vertex 121.34676688090727 4.811046775463711 0
    endloop
  endfacet
  facet normal -0.3368898533922277 0.941544065183018 0
    outer loop
      vertex 120.00103772282145 3.171271051849605 2.5
      vertex 120.00103772282145 3.171271051849605 0
      vertex 119.79314052382254 3.09688424460253 0
    endloop
  endfacet
  facet normal -0.24298017990326345 0.9700312531945442 0
    outer loop
      vertex 119.79314052382254 3.09688424460253 2.5
      vertex 119.79314052382254 3.09688424460253 0
      vertex 119.57895322453629 3.0432331190927315 0
    endloop
  endfacet
  facet normal -0.14673047445535647 0.9891765099647817 0
    outer loop
      vertex 119.57895322453629 3.0432331190927315 2.5
      vertex 119.57895322453629 3.0432331190927315 0
      vertex 119.3605385657415 3.010834364987557 0
    endloop
  endfacet
  facet normal -0.04906767432741943 0.9987954562051724 0
    outer loop
      vertex 119.3605385657415 3.010834364987557 2.5
      vertex 119.3605385657415 3.010834364987557 0
      vertex 119.14 3 0
    endloop
  endfacet
  facet normal -0.5956993044924263 0.8032075314806502 0
    outer loop
      vertex 120.5673848893682 3.510726479933842 2.5
      vertex 120.5673848893682 3.510726479933842 0
      vertex 120.3900330242941 3.379193372319273 0
    endloop
  endfacet
  facet normal -0.42755509343027803 0.9039892931234453 0
    outer loop
      vertex 120.2006426578585 3.265677155216201 2.5
      vertex 120.2006426578585 3.265677155216201 0
      vertex 120.00103772282145 3.171271051849605 0
    endloop
  endfacet
  facet normal -0.5141027441932363 0.8577286100002633 0
    outer loop
      vertex 120.3900330242941 3.379193372319273 2.5
      vertex 120.3900330242941 3.379193372319273 0
      vertex 120.2006426578585 3.265677155216201 0
    endloop
  endfacet
  facet normal -0.6715589548470116 0.7409511253549652 0
    outer loop
      vertex 120.73099025766973 3.6590097423302677 2.5
      vertex 120.73099025766973 3.6590097423302677 0
      vertex 120.5673848893682 3.510726479933842 0
    endloop
  endfacet
  facet normal -0.7409511253549458 0.6715589548470333 0
    outer loop
      vertex 120.87927352006616 3.822615110631798 2.5
      vertex 120.87927352006616 3.822615110631798 0
      vertex 120.73099025766973 3.6590097423302677 0
    endloop
  endfacet
  facet normal 0 1 0
    outer loop
      vertex 119.14 3 2.5
      vertex 119.14 3 0
      vertex 113.14 3 0
    endloop
  endfacet
  facet normal -0.8032075314806675 0.5956993044924028 0
    outer loop
      vertex 121.01080662768072 3.9999669757058953 2.5
      vertex 121.01080662768072 3.9999669757058953 0
      vertex 120.87927352006616 3.822615110631798 0
    endloop
  endfacet
  facet normal -0.8577286100002789 0.5141027441932103 0
    outer loop
      vertex 121.12432284478379 4.189357342141506 2.5
      vertex 121.12432284478379 4.189357342141506 0
      vertex 121.01080662768072 3.9999669757058953 0
    endloop
  endfacet
  facet normal -0.9987954562051718 0.04906767432742827 0
    outer loop
      vertex 121.39 5.25 2.5
      vertex 121.39 5.25 0
      vertex 121.37916563501244 5.029461434258488 0
    endloop
  endfacet
  facet normal -0.9987954562051718 -0.04906767432742827 0
    outer loop
      vertex 121.37916563501244 5.470538565741512 2.5
      vertex 121.37916563501244 5.470538565741512 0
      vertex 121.39 5.25 0
    endloop
  endfacet
  facet normal -0.9891765099647816 -0.1467304744553578 0
    outer loop
      vertex 121.34676688090727 5.688953224536289 2.5
      vertex 121.34676688090727 5.688953224536289 0
      vertex 121.37916563501244 5.470538565741512 0
    endloop
  endfacet
  facet normal -0.9700312531945555 -0.24298017990321802 0
    outer loop
      vertex 121.29311575539748 5.9031405238225405 2.5
      vertex 121.29311575539748 5.9031405238225405 0
      vertex 121.34676688090727 5.688953224536289 0
    endloop
  endfacet
  facet normal -0.9415440651830126 -0.3368898533922427 0
    outer loop
      vertex 121.2187289481504 6.111037722821452 2.5
      vertex 121.2187289481504 6.111037722821452 0
      vertex 121.29311575539748 5.9031405238225405 0
    endloop
  endfacet
  facet normal -0.9039892931234212 -0.42755509343032877 0
    outer loop
      vertex 121.12432284478379 6.310642657858494 2.5
      vertex 121.12432284478379 6.310642657858494 0
      vertex 121.2187289481504 6.111037722821452 0
    endloop
  endfacet
  facet normal -0.8577286100002789 -0.5141027441932103 0
    outer loop
      vertex 121.01080662768072 6.500033024294105 2.5
      vertex 121.01080662768072 6.500033024294105 0
      vertex 121.12432284478379 6.310642657858494 0
    endloop
  endfacet
  facet normal -0.8032075314806675 -0.5956993044924028 0
    outer loop
      vertex 120.87927352006616 6.677384889368202 2.5
      vertex 120.87927352006616 6.677384889368202 0
      vertex 121.01080662768072 6.500033024294105 0
    endloop
  endfacet
  facet normal -0.7409511253549458 -0.6715589548470333 0
    outer loop
      vertex 120.73099025766973 6.840990257669732 2.5
      vertex 120.73099025766973 6.840990257669732 0
      vertex 120.87927352006616 6.677384889368202 0
    endloop
  endfacet
  facet normal -0.6715589548470116 -0.7409511253549652 0
    outer loop
      vertex 120.5673848893682 6.989273520066158 2.5
      vertex 120.5673848893682 6.989273520066158 0
      vertex 120.73099025766973 6.840990257669732 0
    endloop
  endfacet
  facet normal -0.5956993044924263 -0.8032075314806502 0
    outer loop
      vertex 120.3900330242941 7.120806627680727 2.5
      vertex 120.3900330242941 7.120806627680727 0
      vertex 120.5673848893682 6.989273520066158 0
    endloop
  endfacet
  facet normal -0.5141027441932363 -0.8577286100002633 0
    outer loop
      vertex 120.2006426578585 7.234322844783799 2.5
      vertex 120.2006426578585 7.234322844783799 0
      vertex 120.3900330242941 7.120806627680727 0
    endloop
  endfacet
  facet normal -0.4275550934302797 -0.9039892931234446 0
    outer loop
      vertex 120.00103772282145 7.328728948150395 2.5
      vertex 120.00103772282145 7.328728948150395 0
      vertex 120.2006426578585 7.234322844783799 0
    endloop
  endfacet
  facet normal -0.3368898533922277 -0.941544065183018 0
    outer loop
      vertex 119.79314052382254 7.4031157553974705 2.5
      vertex 119.79314052382254 7.4031157553974705 0
      vertex 120.00103772282145 7.328728948150395 0
    endloop
  endfacet
  facet normal -0.24298017990326345 -0.9700312531945442 0
    outer loop
      vertex 119.57895322453629 7.456766880907269 2.5
      vertex 119.57895322453629 7.456766880907269 0
      vertex 119.79314052382254 7.4031157553974705 0
    endloop
  endfacet
  facet normal -0.14673047445535256 -0.9891765099647823 0
    outer loop
      vertex 119.3605385657415 7.4891656350124425 2.5
      vertex 119.3605385657415 7.4891656350124425 0
      vertex 119.57895322453629 7.456766880907269 0
    endloop
  endfacet
  facet normal -0.04906767432742144 -0.9987954562051724 0
    outer loop
      vertex 119.14 7.5 2.5
      vertex 119.14 7.5 0
      vertex 119.3605385657415 7.4891656350124425 0
    endloop
  endfacet
  facet normal 0.04906767432741943 0.9987954562051724 0
    outer loop
      vertex 113.14 3 2.5
      vertex 113.14 3 0
      vertex 112.9194614342585 3.010834364987557 0
    endloop
  endfacet
  facet normal 0.14673047445535647 0.9891765099647817 0
    outer loop
      vertex 112.9194614342585 3.010834364987557 2.5
      vertex 112.9194614342585 3.010834364987557 0
      vertex 112.70104677546371 3.0432331190927315 0
    endloop
  endfacet
  facet normal 0.24298017990326345 0.9700312531945442 0
    outer loop
      vertex 112.70104677546371 3.0432331190927315 2.5
      vertex 112.70104677546371 3.0432331190927315 0
      vertex 112.48685947617746 3.09688424460253 0
    endloop
  endfacet
  facet normal 0.3368898533922277 0.941544065183018 0
    outer loop
      vertex 112.48685947617746 3.09688424460253 2.5
      vertex 112.48685947617746 3.09688424460253 0
      vertex 112.27896227717855 3.171271051849605 0
    endloop
  endfacet
  facet normal 0.42755509343027803 0.9039892931234453 0
    outer loop
      vertex 112.27896227717855 3.171271051849605 2.5
      vertex 112.27896227717855 3.171271051849605 0
      vertex 112.0793573421415 3.265677155216201 0
    endloop
  endfacet
  facet normal 0.5141027441932363 0.8577286100002633 0
    outer loop
      vertex 112.0793573421415 3.265677155216201 2.5
      vertex 112.0793573421415 3.265677155216201 0
      vertex 111.8899669757059 3.379193372319273 0
    endloop
  endfacet
  facet normal 0.5956993044924263 0.8032075314806502 0
    outer loop
      vertex 111.8899669757059 3.379193372319273 2.5
      vertex 111.8899669757059 3.379193372319273 0
      vertex 111.7126151106318 3.510726479933842 0
    endloop
  endfacet
  facet normal 0.6715589548470116 0.7409511253549652 0
    outer loop
      vertex 111.7126151106318 3.510726479933842 2.5
      vertex 111.7126151106318 3.510726479933842 0
      vertex 111.54900974233027 3.6590097423302677 0
    endloop
  endfacet
  facet normal 0.7409511253549458 0.6715589548470333 0
    outer loop
      vertex 111.54900974233027 3.6590097423302677 2.5
      vertex 111.54900974233027 3.6590097423302677 0
      vertex 111.40072647993384 3.822615110631798 0
    endloop
  endfacet
  facet normal 0.8032075314806675 0.5956993044924028 0
    outer loop
      vertex 111.40072647993384 3.822615110631798 2.5
      vertex 111.40072647993384 3.822615110631798 0
      vertex 111.26919337231928 3.9999669757058953 0
    endloop
  endfacet
  facet normal 0.8577286100002789 0.5141027441932103 0
    outer loop
      vertex 111.26919337231928 3.9999669757058953 2.5
      vertex 111.26919337231928 3.9999669757058953 0
      vertex 111.15567715521621 4.189357342141506 0
    endloop
  endfacet
  facet normal 0.9039892931234212 0.42755509343032877 0
    outer loop
      vertex 111.15567715521621 4.189357342141506 2.5
      vertex 111.15567715521621 4.189357342141506 0
      vertex 111.0612710518496 4.388962277178548 0
    endloop
  endfacet
  facet normal 0.9415440651830126 0.3368898533922427 0
    outer loop
      vertex 111.0612710518496 4.388962277178548 2.5
      vertex 111.0612710518496 4.388962277178548 0
      vertex 110.98688424460252 4.5968594761774595 0
    endloop
  endfacet
  facet normal 0.9700312531945555 0.24298017990321802 0
    outer loop
      vertex 110.98688424460252 4.5968594761774595 2.5
      vertex 110.98688424460252 4.5968594761774595 0
      vertex 110.93323311909273 4.811046775463711 0
    endloop
  endfacet
  facet normal 0.9891765099647816 0.1467304744553578 0
    outer loop
      vertex 110.93323311909273 4.811046775463711 2.5
      vertex 110.93323311909273 4.811046775463711 0
      vertex 110.90083436498756 5.029461434258488 0
    endloop
  endfacet
  facet normal 0 -1 0
    outer loop
      vertex 113.14 7.5 2.5
      vertex 113.14 7.5 0
      vertex 119.14 7.5 0
    endloop
  endfacet
  facet normal 0.7409511253549458 -0.6715589548470333 0
    outer loop
      vertex 111.40072647993384 6.677384889368202 2.5
      vertex 111.40072647993384 6.677384889368202 0
      vertex 111.54900974233027 6.840990257669732 0
    endloop
  endfacet
  facet normal 0.6715589548470116 -0.7409511253549652 0
    outer loop
      vertex 111.54900974233027 6.840990257669732 2.5
      vertex 111.54900974233027 6.840990257669732 0
      vertex 111.7126151106318 6.989273520066158 0
    endloop
  endfacet
  facet normal 0.04906767432742144 -0.9987954562051724 0
    outer loop
      vertex 112.9194614342585 7.4891656350124425 2.5
      vertex 112.9194614342585 7.4891656350124425 0
      vertex 113.14 7.5 0
    endloop
  endfacet
  facet normal 0.14673047445535256 -0.9891765099647823 0
    outer loop
      vertex 112.70104677546371 7.456766880907269 2.5
      vertex 112.70104677546371 7.456766880907269 0
      vertex 112.9194614342585 7.4891656350124425 0
    endloop
  endfacet
  facet normal 0.4275550934302797 -0.9039892931234446 0
    outer loop
      vertex 112.0793573421415 7.234322844783799 2.5
      vertex 112.0793573421415 7.234322844783799 0
      vertex 112.27896227717855 7.328728948150395 0
    endloop
  endfacet
  facet normal 0.5956993044924263 -0.8032075314806502 0
    outer loop
      vertex 111.7126151106318 6.989273520066158 2.5
      vertex 111.7126151106318 6.989273520066158 0
      vertex 111.8899669757059 7.120806627680727 0
    endloop
  endfacet
  facet normal 0.5141027441932363 -0.8577286100002633 0
    outer loop
      vertex 111.8899669757059 7.120806627680727 2.5
      vertex 111.8899669757059 7.120806627680727 0
      vertex 112.0793573421415 7.234322844783799 0
    endloop
  endfacet
  facet normal 0.3368898533922277 -0.941544065183018 0
    outer loop
      vertex 112.27896227717855 7.328728948150395 2.5
      vertex 112.27896227717855 7.328728948150395 0
      vertex 112.48685947617746 7.4031157553974705 0
    endloop
  endfacet
  facet normal 0.24298017990326345 -0.9700312531945442 0
    outer loop
      vertex 112.48685947617746 7.4031157553974705 2.5
      vertex 112.48685947617746 7.4031157553974705 0
      vertex 112.70104677546371 7.456766880907269 0
    endloop
  endfacet
  facet normal 0.9987954562051718 0.04906767432742827 0
    outer loop
      vertex 110.90083436498756 5.029461434258488 2.5
      vertex 110.90083436498756 5.029461434258488 0
      vertex 110.89 5.25 0
    endloop
  endfacet
  facet normal 0.9987954562051718 -0.04906767432742827 0
    outer loop
      vertex 110.89 5.25 2.5
      vertex 110.89 5.25 0
      vertex 110.90083436498756 5.470538565741512 0
    endloop
  endfacet
  facet normal 0.9891765099647816 -0.1467304744553578 0
    outer loop
      vertex 110.90083436498756 5.470538565741512 2.5
      vertex 110.90083436498756 5.470538565741512 0
      vertex 110.93323311909273 5.688953224536289 0
    endloop
  endfacet
  facet normal 0.9700312531945555 -0.24298017990321802 0
    outer loop
      vertex 110.93323311909273 5.688953224536289 2.5
      vertex 110.93323311909273 5.688953224536289 0
      vertex 110.98688424460252 5.9031405238225405 0
    endloop
  endfacet
  facet normal 0.9415440651830126 -0.3368898533922427 0
    outer loop
      vertex 110.98688424460252 5.9031405238225405 2.5
      vertex 110.98688424460252 5.9031405238225405 0
      vertex 111.0612710518496 6.111037722821452 0
    endloop
  endfacet
  facet normal 0.9039892931234212 -0.42755509343032877 0
    outer loop
      vertex 111.0612710518496 6.111037722821452 2.5
      vertex 111.0612710518496 6.111037722821452 0
      vertex 111.15567715521621 6.310642657858494 0
    endloop
  endfacet
  facet normal 0.8577286100002789 -0.5141027441932103 0
    outer loop
      vertex 111.15567715521621 6.310642657858494 2.5
      vertex 111.15567715521621 6.310642657858494 0
      vertex 111.26919337231928 6.500033024294105 0
    endloop
  endfacet
  facet normal 0.8032075314806675 -0.5956993044924028 0
    outer loop
      vertex 111.26919337231928 6.500033024294105 2.5
      vertex 111.26919337231928 6.500033024294105 0
      vertex 111.40072647993384 6.677384889368202 0
    endloop
  endfacet
  facet normal -0.9039892931234212 0.42755509343032877 -2.2550545188136313e-19
    outer loop
      vertex 121.2187289481504 4.388962277178548 2.5
      vertex 121.12432284478379 4.189357342141506 0
      vertex 121.12432284478379 4.189357342141506 2.5
    endloop
  endfacet
  facet normal -0.9415440651830126 0.3368898533922427 -6.549603892349868e-19
    outer loop
      vertex 121.29311575539748 4.5968594761774595 2.5
      vertex 121.2187289481504 4.388962277178548 0
      vertex 121.2187289481504 4.388962277178548 2.5
    endloop
  endfacet
  facet normal -0.9700312531945555 0.24298017990321802 1.194319570723386e-18
    outer loop
      vertex 121.34676688090727 4.811046775463711 2.5
      vertex 121.29311575539748 4.5968594761774595 0
      vertex 121.29311575539748 4.5968594761774595 2.5
    endloop
  endfacet
  facet normal -0.9891765099647816 0.1467304744553578 2.8617362037710594e-19
    outer loop
      vertex 121.37916563501244 5.029461434258488 2.5
      vertex 121.34676688090727 4.811046775463711 0
      vertex 121.34676688090727 4.811046775463711 2.5
    endloop
  endfacet
  facet normal -0.24298017990326345 0.9700312531945442 1.0898826092158157e-18
    outer loop
      vertex 119.79314052382254 3.09688424460253 2.5
      vertex 119.57895322453629 3.0432331190927315 0
      vertex 119.57895322453629 3.0432331190927315 2.5
    endloop
  endfacet
  facet normal -0.3368898533922277 0.941544065183018 -9.391157005197822e-19
    outer loop
      vertex 120.00103772282145 3.171271051849605 2.5
      vertex 119.79314052382254 3.09688424460253 0
      vertex 119.79314052382254 3.09688424460253 2.5
    endloop
  endfacet
  facet normal -0.14673047445535647 0.9891765099647817 6.688238240522939e-19
    outer loop
      vertex 119.57895322453629 3.0432331190927315 2.5
      vertex 119.3605385657415 3.010834364987557 0
      vertex 119.3605385657415 3.010834364987557 2.5
    endloop
  endfacet
  facet normal -0.04906767432741943 0.9987954562051724 -2.7687031121545335e-19
    outer loop
      vertex 119.3605385657415 3.010834364987557 2.5
      vertex 119.14 3 0
      vertex 119.14 3 2.5
    endloop
  endfacet
  facet normal -0.5141027441932363 0.8577286100002633 -2.0165019080144187e-18
    outer loop
      vertex 120.3900330242941 3.379193372319273 2.5
      vertex 120.2006426578585 3.265677155216201 0
      vertex 120.2006426578585 3.265677155216201 2.5
    endloop
  endfacet
  facet normal -0.42755509343027803 0.9039892931234453 2.3036572813764337e-18
    outer loop
      vertex 120.2006426578585 3.265677155216201 2.5
      vertex 120.00103772282145 3.171271051849605 0
      vertex 120.00103772282145 3.171271051849605 2.5
    endloop
  endfacet
  facet normal -0.5956993044924263 0.8032075314806502 -2.209646638390403e-18
    outer loop
      vertex 120.5673848893682 3.510726479933842 2.5
      vertex 120.3900330242941 3.379193372319273 0
      vertex 120.3900330242941 3.379193372319273 2.5
    endloop
  endfacet
  facet normal -0.6715589548470116 0.7409511253549652 2.2675590109719094e-18
    outer loop
      vertex 120.73099025766973 3.6590097423302677 2.5
      vertex 120.5673848893682 3.510726479933842 0
      vertex 120.5673848893682 3.510726479933842 2.5
    endloop
  endfacet
  facet normal -0.7409511253549458 0.6715589548470333 -3.120256164881148e-18
    outer loop
      vertex 120.87927352006616 3.822615110631798 2.5
      vertex 120.73099025766973 3.6590097423302677 0
      vertex 120.73099025766973 3.6590097423302677 2.5
    endloop
  endfacet
  facet normal -0.8032075314806675 0.5956993044924028 8.396850548627377e-19
    outer loop
      vertex 121.01080662768072 3.9999669757058953 2.5
      vertex 120.87927352006616 3.822615110631798 0
      vertex 120.87927352006616 3.822615110631798 2.5
    endloop
  endfacet
  facet normal -0.8577286100002789 0.5141027441932103 1.4118785769933471e-18
    outer loop
      vertex 121.12432284478379 4.189357342141506 2.5
      vertex 121.01080662768072 3.9999669757058953 0
      vertex 121.01080662768072 3.9999669757058953 2.5
    endloop
  endfacet
  facet normal -0.9987954562051718 0.04906767432742827 -4.893047056940876e-20
    outer loop
      vertex 121.39 5.25 2.5
      vertex 121.37916563501244 5.029461434258488 0
      vertex 121.37916563501244 5.029461434258488 2.5
    endloop
  endfacet
  facet normal -0.9987954562051718 -0.04906767432742827 4.893047056940876e-20
    outer loop
      vertex 121.37916563501244 5.470538565741512 2.5
      vertex 121.39 5.25 0
      vertex 121.39 5.25 2.5
    endloop
  endfacet
  facet normal -0.9891765099647816 -0.1467304744553578 -2.8617362037710594e-19
    outer loop
      vertex 121.34676688090727 5.688953224536289 2.5
      vertex 121.37916563501244 5.470538565741512 0
      vertex 121.37916563501244 5.470538565741512 2.5
    endloop
  endfacet
  facet normal -0.9700312531945555 -0.24298017990321802 -1.194319570723386e-18
    outer loop
      vertex 121.29311575539748 5.9031405238225405 2.5
      vertex 121.34676688090727 5.688953224536289 0
      vertex 121.34676688090727 5.688953224536289 2.5
    endloop
  endfacet
  facet normal -0.9415440651830126 -0.3368898533922427 6.549603892349868e-19
    outer loop
      vertex 121.2187289481504 6.111037722821452 2.5
      vertex 121.29311575539748 5.9031405238225405 0
      vertex 121.29311575539748 5.9031405238225405 2.5
    endloop
  endfacet
  facet normal -0.9039892931234212 -0.42755509343032877 2.2550545188136313e-19
    outer loop
      vertex 121.12432284478379 6.310642657858494 2.5
      vertex 121.2187289481504 6.111037722821452 0
      vertex 121.2187289481504 6.111037722821452 2.5
    endloop
  endfacet
  facet normal -0.8577286100002789 -0.5141027441932103 -1.4118785769933471e-18
    outer loop
      vertex 121.01080662768072 6.500033024294105 2.5
      vertex 121.12432284478379 6.310642657858494 0
      vertex 121.12432284478379 6.310642657858494 2.5
    endloop
  endfacet
  facet normal -0.8032075314806675 -0.5956993044924028 -8.396850548627377e-19
    outer loop
      vertex 120.87927352006616 6.677384889368202 2.5
      vertex 121.01080662768072 6.500033024294105 0
      vertex 121.01080662768072 6.500033024294105 2.5
    endloop
  endfacet
  facet normal -0.7409511253549458 -0.6715589548470333 3.120256164881148e-18
    outer loop
      vertex 120.73099025766973 6.840990257669732 2.5
      vertex 120.87927352006616 6.677384889368202 0
      vertex 120.87927352006616 6.677384889368202 2.5
    endloop
  endfacet
  facet normal -0.6715589548470116 -0.7409511253549652 -2.2675590109719094e-18
    outer loop
      vertex 120.5673848893682 6.989273520066158 2.5
      vertex 120.73099025766973 6.840990257669732 0
      vertex 120.73099025766973 6.840990257669732 2.5
    endloop
  endfacet
  facet normal -0.5956993044924263 -0.8032075314806502 2.209646638390403e-18
    outer loop
      vertex 120.3900330242941 7.120806627680727 2.5
      vertex 120.5673848893682 6.989273520066158 0
      vertex 120.5673848893682 6.989273520066158 2.5
    endloop
  endfacet
  facet normal -0.5141027441932363 -0.8577286100002633 2.0165019080144187e-18
    outer loop
      vertex 120.2006426578585 7.234322844783799 2.5
      vertex 120.3900330242941 7.120806627680727 0
      vertex 120.3900330242941 7.120806627680727 2.5
    endloop
  endfacet
  facet normal -0.4275550934302797 -0.9039892931234446 5.282100473416879e-19
    outer loop
      vertex 120.00103772282145 7.328728948150395 2.5
      vertex 120.2006426578585 7.234322844783799 0
      vertex 120.2006426578585 7.234322844783799 2.5
    endloop
  endfacet
  facet normal -0.3368898533922277 -0.941544065183018 9.391157005197822e-19
    outer loop
      vertex 119.79314052382254 7.4031157553974705 2.5
      vertex 120.00103772282145 7.328728948150395 0
      vertex 120.00103772282145 7.328728948150395 2.5
    endloop
  endfacet
  facet normal -0.24298017990326345 -0.9700312531945442 -1.0898826092158157e-18
    outer loop
      vertex 119.57895322453629 7.456766880907269 2.5
      vertex 119.79314052382254 7.4031157553974705 0
      vertex 119.79314052382254 7.4031157553974705 2.5
    endloop
  endfacet
  facet normal -0.14673047445535256 -0.9891765099647823 3.628921552205798e-19
    outer loop
      vertex 119.3605385657415 7.4891656350124425 2.5
      vertex 119.57895322453629 7.456766880907269 0
      vertex 119.57895322453629 7.456766880907269 2.5
    endloop
  endfacet
  facet normal -0.04906767432742144 -0.9987954562051724 -3.7638054484386533e-19
    outer loop
      vertex 119.14 7.5 2.5
      vertex 119.3605385657415 7.4891656350124425 0
      vertex 119.3605385657415 7.4891656350124425 2.5
    endloop
  endfacet
  facet normal 0 -1 0
    outer loop
      vertex 113.14 7.5 2.5
      vertex 119.14 7.5 0
      vertex 119.14 7.5 2.5
    endloop
  endfacet
  facet normal 0 1 0
    outer loop
      vertex 119.14 3 2.5
      vertex 113.14 3 0
      vertex 113.14 3 2.5
    endloop
  endfacet
  facet normal 0.04906767432741943 0.9987954562051724 2.7687031121545335e-19
    outer loop
      vertex 113.14 3 2.5
      vertex 112.9194614342585 3.010834364987557 0
      vertex 112.9194614342585 3.010834364987557 2.5
    endloop
  endfacet
  facet normal 0.14673047445535647 0.9891765099647817 -6.688238240522939e-19
    outer loop
      vertex 112.9194614342585 3.010834364987557 2.5
      vertex 112.70104677546371 3.0432331190927315 0
      vertex 112.70104677546371 3.0432331190927315 2.5
    endloop
  endfacet
  facet normal 0.24298017990326345 0.9700312531945442 -1.0898826092158157e-18
    outer loop
      vertex 112.70104677546371 3.0432331190927315 2.5
      vertex 112.48685947617746 3.09688424460253 0
      vertex 112.48685947617746 3.09688424460253 2.5
    endloop
  endfacet
  facet normal 0.3368898533922277 0.941544065183018 9.391157005197822e-19
    outer loop
      vertex 112.48685947617746 3.09688424460253 2.5
      vertex 112.27896227717855 3.171271051849605 0
      vertex 112.27896227717855 3.171271051849605 2.5
    endloop
  endfacet
  facet normal 0.42755509343027803 0.9039892931234453 -2.3036572813764337e-18
    outer loop
      vertex 112.27896227717855 3.171271051849605 2.5
      vertex 112.0793573421415 3.265677155216201 0
      vertex 112.0793573421415 3.265677155216201 2.5
    endloop
  endfacet
  facet normal 0.5141027441932363 0.8577286100002633 2.0165019080144187e-18
    outer loop
      vertex 112.0793573421415 3.265677155216201 2.5
      vertex 111.8899669757059 3.379193372319273 0
      vertex 111.8899669757059 3.379193372319273 2.5
    endloop
  endfacet
  facet normal 0.5956993044924263 0.8032075314806502 2.209646638390403e-18
    outer loop
      vertex 111.8899669757059 3.379193372319273 2.5
      vertex 111.7126151106318 3.510726479933842 0
      vertex 111.7126151106318 3.510726479933842 2.5
    endloop
  endfacet
  facet normal 0.6715589548470116 0.7409511253549652 -2.2675590109719094e-18
    outer loop
      vertex 111.7126151106318 3.510726479933842 2.5
      vertex 111.54900974233027 3.6590097423302677 0
      vertex 111.54900974233027 3.6590097423302677 2.5
    endloop
  endfacet
  facet normal 0.7409511253549458 0.6715589548470333 3.120256164881148e-18
    outer loop
      vertex 111.54900974233027 3.6590097423302677 2.5
      vertex 111.40072647993384 3.822615110631798 0
      vertex 111.40072647993384 3.822615110631798 2.5
    endloop
  endfacet
  facet normal 0.8032075314806675 0.5956993044924028 -8.396850548627377e-19
    outer loop
      vertex 111.40072647993384 3.822615110631798 2.5
      vertex 111.26919337231928 3.9999669757058953 0
      vertex 111.26919337231928 3.9999669757058953 2.5
    endloop
  endfacet
  facet normal 0.8577286100002789 0.5141027441932103 -1.4118785769933471e-18
    outer loop
      vertex 111.26919337231928 3.9999669757058953 2.5
      vertex 111.15567715521621 4.189357342141506 0
      vertex 111.15567715521621 4.189357342141506 2.5
    endloop
  endfacet
  facet normal 0.9039892931234212 0.42755509343032877 2.2550545188136313e-19
    outer loop
      vertex 111.15567715521621 4.189357342141506 2.5
      vertex 111.0612710518496 4.388962277178548 0
      vertex 111.0612710518496 4.388962277178548 2.5
    endloop
  endfacet
  facet normal 0.9415440651830126 0.3368898533922427 6.549603892349868e-19
    outer loop
      vertex 111.0612710518496 4.388962277178548 2.5
      vertex 110.98688424460252 4.5968594761774595 0
      vertex 110.98688424460252 4.5968594761774595 2.5
    endloop
  endfacet
  facet normal 0.9700312531945555 0.24298017990321802 -1.194319570723386e-18
    outer loop
      vertex 110.98688424460252 4.5968594761774595 2.5
      vertex 110.93323311909273 4.811046775463711 0
      vertex 110.93323311909273 4.811046775463711 2.5
    endloop
  endfacet
  facet normal 0.9891765099647816 0.1467304744553578 -2.8617362037710594e-19
    outer loop
      vertex 110.93323311909273 4.811046775463711 2.5
      vertex 110.90083436498756 5.029461434258488 0
      vertex 110.90083436498756 5.029461434258488 2.5
    endloop
  endfacet
  facet normal 0.7409511253549458 -0.6715589548470333 -3.120256164881148e-18
    outer loop
      vertex 111.40072647993384 6.677384889368202 2.5
      vertex 111.54900974233027 6.840990257669732 0
      vertex 111.54900974233027 6.840990257669732 2.5
    endloop
  endfacet
  facet normal 0.6715589548470116 -0.7409511253549652 2.2675590109719094e-18
    outer loop
      vertex 111.54900974233027 6.840990257669732 2.5
      vertex 111.7126151106318 6.989273520066158 0
      vertex 111.7126151106318 6.989273520066158 2.5
    endloop
  endfacet
  facet normal 0.04906767432742144 -0.9987954562051724 3.7638054484386533e-19
    outer loop
      vertex 112.9194614342585 7.4891656350124425 2.5
      vertex 113.14 7.5 0
      vertex 113.14 7.5 2.5
    endloop
  endfacet
  facet normal 0.14673047445535256 -0.9891765099647823 -3.628921552205798e-19
    outer loop
      vertex 112.70104677546371 7.456766880907269 2.5
      vertex 112.9194614342585 7.4891656350124425 0
      vertex 112.9194614342585 7.4891656350124425 2.5
    endloop
  endfacet
  facet normal 0.24298017990326345 -0.9700312531945442 1.0898826092158157e-18
    outer loop
      vertex 112.48685947617746 7.4031157553974705 2.5
      vertex 112.70104677546371 7.456766880907269 0
      vertex 112.70104677546371 7.456766880907269 2.5
    endloop
  endfacet
  facet normal 0.5141027441932363 -0.8577286100002633 -2.0165019080144187e-18
    outer loop
      vertex 111.8899669757059 7.120806627680727 2.5
      vertex 112.0793573421415 7.234322844783799 0
      vertex 112.0793573421415 7.234322844783799 2.5
    endloop
  endfacet
  facet normal 0.5956993044924263 -0.8032075314806502 -2.209646638390403e-18
    outer loop
      vertex 111.7126151106318 6.989273520066158 2.5
      vertex 111.8899669757059 7.120806627680727 0
      vertex 111.8899669757059 7.120806627680727 2.5
    endloop
  endfacet
  facet normal 0.3368898533922277 -0.941544065183018 -9.391157005197822e-19
    outer loop
      vertex 112.27896227717855 7.328728948150395 2.5
      vertex 112.48685947617746 7.4031157553974705 0
      vertex 112.48685947617746 7.4031157553974705 2.5
    endloop
  endfacet
  facet normal 0.4275550934302797 -0.9039892931234446 -5.282100473416879e-19
    outer loop
      vertex 112.0793573421415 7.234322844783799 2.5
      vertex 112.27896227717855 7.328728948150395 0
      vertex 112.27896227717855 7.328728948150395 2.5
    endloop
  endfacet
  facet normal 0.9987954562051718 0.04906767432742827 4.893047056940876e-20
    outer loop
      vertex 110.90083436498756 5.029461434258488 2.5
      vertex 110.89 5.25 0
      vertex 110.89 5.25 2.5
    endloop
  endfacet
  facet normal 0.9987954562051718 -0.04906767432742827 -4.893047056940876e-20
    outer loop
      vertex 110.89 5.25 2.5
      vertex 110.90083436498756 5.470538565741512 0
      vertex 110.90083436498756 5.470538565741512 2.5
    endloop
  endfacet
  facet normal 0.9891765099647816 -0.1467304744553578 2.8617362037710594e-19
    outer loop
      vertex 110.90083436498756 5.470538565741512 2.5
      vertex 110.93323311909273 5.688953224536289 0
      vertex 110.93323311909273 5.688953224536289 2.5
    endloop
  endfacet
  facet normal 0.9700312531945555 -0.24298017990321802 1.194319570723386e-18
    outer loop
      vertex 110.93323311909273 5.688953224536289 2.5
      vertex 110.98688424460252 5.9031405238225405 0
      vertex 110.98688424460252 5.9031405238225405 2.5
    endloop
  endfacet
  facet normal 0.9415440651830126 -0.3368898533922427 -6.549603892349868e-19
    outer loop
      vertex 110.98688424460252 5.9031405238225405 2.5
      vertex 111.0612710518496 6.111037722821452 0
      vertex 111.0612710518496 6.111037722821452 2.5
    endloop
  endfacet
  facet normal 0.9039892931234212 -0.42755509343032877 -2.2550545188136313e-19
    outer loop
      vertex 111.0612710518496 6.111037722821452 2.5
      vertex 111.15567715521621 6.310642657858494 0
      vertex 111.15567715521621 6.310642657858494 2.5
    endloop
  endfacet
  facet normal 0.8577286100002789 -0.5141027441932103 1.4118785769933471e-18
    outer loop
      vertex 111.15567715521621 6.310642657858494 2.5
      vertex 111.26919337231928 6.500033024294105 0
      vertex 111.26919337231928 6.500033024294105 2.5
    endloop
  endfacet
  facet normal 0.8032075314806675 -0.5956993044924028 8.396850548627377e-19
    outer loop
      vertex 111.26919337231928 6.500033024294105 2.5
      vertex 111.40072647993384 6.677384889368202 0
      vertex 111.40072647993384 6.677384889368202 2.5
    endloop
  endfacet
  facet normal 0 1 0
    outer loop
      vertex 112.90123456790124 11 0
      vertex 123.4 11 2.5
      vertex 123.4 11 0
    endloop
  endfacet
  facet normal -1 0 0
    outer loop
      vertex 123.4 17.6 2.5
      vertex 123.4 17.6 0
      vertex 123.4 11 0
    endloop
  endfacet
  facet normal 0 1 0
    outer loop
      vertex 112.90123456790124 11 0
      vertex 108.4 11 0
      vertex 123.4 11 2.5
    endloop
  endfacet
  facet normal 1 0 0
    outer loop
      vertex 108.4 17.6 0
      vertex 108.4 11 2.5
      vertex 108.4 11 0
    endloop
  endfacet
  facet normal 0 -1 0
    outer loop
      vertex 108.4 17.6 2.5
      vertex 108.4 17.6 0
      vertex 123.4 17.6 0
    endloop
  endfacet
  facet normal -1 0 0
    outer loop
      vertex 123.4 17.6 2.5
      vertex 123.4 11 0
      vertex 123.4 11 2.5
    endloop
  endfacet
  facet normal 0 -1 0
    outer loop
      vertex 108.4 17.6 2.5
      vertex 123.4 17.6 0
      vertex 123.4 17.6 2.5
    endloop
  endfacet
  facet normal 0 1 0
    outer loop
      vertex 123.4 11 2.5
      vertex 108.4 11 0
      vertex 108.4 11 2.5
    endloop
  endfacet
  facet normal 1 0 0
    outer loop
      vertex 108.4 11 2.5
      vertex 108.4 17.6 0
      vertex 108.4 17.6 2.5
    endloop
  endfacet
  facet normal 0 1 0
    outer loop
      vertex 123.4 19.5 2.5
      vertex 123.4 19.5 0
      vertex 108.4 19.5 0
    endloop
  endfacet
  facet normal 0 1 0
    outer loop
      vertex 123.4 19.5 2.5
      vertex 108.4 19.5 0
      vertex 108.4 19.5 2.5
    endloop
  endfacet
  facet normal -1 0 0
    outer loop
      vertex 123.4 31.85 2.5
      vertex 123.4 31.85 0
      vertex 123.4 19.5 0
    endloop
  endfacet
  facet normal 1 0 0
    outer loop
      vertex 108.4 19.5 2.5
      vertex 108.4 19.5 0
      vertex 108.4 31.85 0
    endloop
  endfacet
  facet normal 0 -1 0
    outer loop
      vertex 123.4 31.85 0
      vertex 108.4 31.85 2.5
      vertex 108.4 31.85 0
    endloop
  endfacet
  facet normal -1 0 0
    outer loop
      vertex 123.4 31.85 2.5
      vertex 123.4 19.5 0
      vertex 123.4 19.5 2.5
    endloop
  endfacet
  facet normal 0 -1 0
    outer loop
      vertex 108.4 31.85 2.5
      vertex 123.4 31.85 0
      vertex 123.4 31.85 2.5
    endloop
  endfacet
  facet normal 1 0 0
    outer loop
      vertex 108.4 19.5 2.5
      vertex 108.4 31.85 0
      vertex 108.4 31.85 2.5
    endloop
  endfacet
  facet normal -1 0 0
    outer loop
      vertex 79.9 9.05 2.5
      vertex 79.9 9.05 0
      vertex 79.9 2.45 0
    endloop
  endfacet
  facet normal -1 0 0
    outer loop
      vertex 79.9 9.05 2.5
      vertex 79.9 2.45 0
      vertex 79.9 2.45 2.5
    endloop
  endfacet
  facet normal 0 1 0
    outer loop
      vertex 79.9 2.45 0
      vertex 64.9 2.45 0
      vertex 79.9 2.45 2.5
    endloop
  endfacet
  facet normal 1 0 0
    outer loop
      vertex 64.9 2.45 2.5
      vertex 64.9 2.45 0
      vertex 64.9 9.05 0
    endloop
  endfacet
  facet normal 0 -1 0
    outer loop
      vertex 64.9 9.05 2.5
      vertex 64.9 9.05 0
      vertex 79.9 9.05 0
    endloop
  endfacet
  facet normal 0 1 0
    outer loop
      vertex 64.9 2.45 2.5
      vertex 79.9 2.45 2.5
      vertex 64.9 2.45 0
    endloop
  endfacet
  facet normal 0 -1 0
    outer loop
      vertex 64.9 9.05 2.5
      vertex 79.9 9.05 0
      vertex 79.9 9.05 2.5
    endloop
  endfacet
  facet normal 1 0 0
    outer loop
      vertex 64.9 2.45 2.5
      vertex 64.9 9.05 0
      vertex 64.9 9.05 2.5
    endloop
  endfacet
  facet normal -1 0 0
    outer loop
      vertex 79.9 17.55 2.5
      vertex 79.9 17.55 0
      vertex 79.9 10.95 0
    endloop
  endfacet
  facet normal -1 0 0
    outer loop
      vertex 79.9 17.55 2.5
      vertex 79.9 10.95 0
      vertex 79.9 10.95 2.5
    endloop
  endfacet
  facet normal 0 1 0
    outer loop
      vertex 79.9 10.95 0
      vertex 64.9 10.95 0
      vertex 79.9 10.95 2.5
    endloop
  endfacet
  facet normal 1 0 0
    outer loop
      vertex 64.9 10.95 2.5
      vertex 64.9 10.95 0
      vertex 64.9 17.55 0
    endloop
  endfacet
  facet normal 0 -1 0
    outer loop
      vertex 64.9 17.55 2.5
      vertex 64.9 17.55 0
      vertex 79.9 17.55 0
    endloop
  endfacet
  facet normal 0 1 0
    outer loop
      vertex 64.9 10.95 2.5
      vertex 79.9 10.95 2.5
      vertex 64.9 10.95 0
    endloop
  endfacet
  facet normal 0 -1 0
    outer loop
      vertex 64.9 17.55 2.5
      vertex 79.9 17.55 0
      vertex 79.9 17.55 2.5
    endloop
  endfacet
  facet normal 1 0 0
    outer loop
      vertex 64.9 10.95 2.5
      vertex 64.9 17.55 0
      vertex 64.9 17.55 2.5
    endloop
  endfacet
  facet normal -1 0 0
    outer loop
      vertex 79.9 19.45 0
      vertex 79.9 31.8 2.5
      vertex 79.9 31.8 0
    endloop
  endfacet
  facet normal -1 0 0
    outer loop
      vertex 79.9 19.45 0
      vertex 79.9 19.45 2.5
      vertex 79.9 31.8 2.5
    endloop
  endfacet
  facet normal 0 1 0
    outer loop
      vertex 79.9 19.45 0
      vertex 64.9 19.45 0
      vertex 79.9 19.45 2.5
    endloop
  endfacet
  facet normal 0 1 0
    outer loop
      vertex 79.9 19.45 2.5
      vertex 64.9 19.45 0
      vertex 64.9 19.45 2.5
    endloop
  endfacet
  facet normal 1 0 0
    outer loop
      vertex 64.9 19.45 0
      vertex 64.9 31.8 0
      vertex 64.9 19.45 2.5
    endloop
  endfacet
  facet normal 0 -1 0
    outer loop
      vertex 79.9 31.8 0
      vertex 64.9 31.8 2.5
      vertex 64.9 31.8 0
    endloop
  endfacet
  facet normal 1 0 0
    outer loop
      vertex 64.9 31.8 0
      vertex 64.9 31.8 2.5
      vertex 64.9 19.45 2.5
    endloop
  endfacet
  facet normal 0 -1 0
    outer loop
      vertex 79.9 31.8 0
      vertex 79.9 31.8 2.5
      vertex 64.9 31.8 2.5
    endloop
  endfacet
  facet normal 0 1 0
    outer loop
      vertex 51.400000000000006 2.45 2.5
      vertex 51.400000000000006 2.45 0
      vertex 36.400000000000006 2.45 0
    endloop
  endfacet
  facet normal -1 0 0
    outer loop
      vertex 51.400000000000006 9.05 2.5
      vertex 51.400000000000006 9.05 0
      vertex 51.400000000000006 2.45 0
    endloop
  endfacet
  facet normal 0 -1 0
    outer loop
      vertex 36.400000000000006 9.05 2.5
      vertex 36.400000000000006 9.05 0
      vertex 51.400000000000006 9.05 0
    endloop
  endfacet
  facet normal 1 0 0
    outer loop
      vertex 36.400000000000006 2.45 2.5
      vertex 36.400000000000006 2.45 0
      vertex 36.400000000000006 9.05 0
    endloop
  endfacet
  facet normal -1 0 0
    outer loop
      vertex 51.400000000000006 9.05 2.5
      vertex 51.400000000000006 2.45 0
      vertex 51.400000000000006 2.45 2.5
    endloop
  endfacet
  facet normal 0 1 0
    outer loop
      vertex 51.400000000000006 2.45 2.5
      vertex 36.400000000000006 2.45 0
      vertex 36.400000000000006 2.45 2.5
    endloop
  endfacet
  facet normal 0 -1 0
    outer loop
      vertex 36.400000000000006 9.05 2.5
      vertex 51.400000000000006 9.05 0
      vertex 51.400000000000006 9.05 2.5
    endloop
  endfacet
  facet normal 1 0 0
    outer loop
      vertex 36.400000000000006 2.45 2.5
      vertex 36.400000000000006 9.05 0
      vertex 36.400000000000006 9.05 2.5
    endloop
  endfacet
  facet normal 0 1 0
    outer loop
      vertex 51.400000000000006 10.95 2.5
      vertex 51.400000000000006 10.95 0
      vertex 36.400000000000006 10.95 0
    endloop
  endfacet
  facet normal -1 0 0
    outer loop
      vertex 51.400000000000006 10.95 0
      vertex 51.400000000000006 17.55 2.5
      vertex 51.400000000000006 17.55 0
    endloop
  endfacet
  facet normal 0 -1 0
    outer loop
      vertex 51.400000000000006 17.55 0
      vertex 36.400000000000006 17.55 2.5
      vertex 36.400000000000006 17.55 0
    endloop
  endfacet
  facet normal 1 0 0
    outer loop
      vertex 36.400000000000006 16.083333333333332 0
      vertex 36.400000000000006 10.95 2.5
      vertex 36.400000000000006 10.95 0
    endloop
  endfacet
  facet normal 1 0 0
    outer loop
      vertex 36.400000000000006 16.083333333333332 0
      vertex 36.400000000000006 17.55 0
      vertex 36.400000000000006 17.55 2.5
    endloop
  endfacet
  facet normal -1 0 0
    outer loop
      vertex 51.400000000000006 17.55 2.5
      vertex 51.400000000000006 10.95 0
      vertex 51.400000000000006 10.95 2.5
    endloop
  endfacet
  facet normal 0 1 0
    outer loop
      vertex 51.400000000000006 10.95 2.5
      vertex 36.400000000000006 10.95 0
      vertex 36.400000000000006 10.95 2.5
    endloop
  endfacet
  facet normal 0 -1 0
    outer loop
      vertex 51.400000000000006 17.55 0
      vertex 51.400000000000006 17.55 2.5
      vertex 36.400000000000006 17.55 2.5
    endloop
  endfacet
  facet normal 1 0 0
    outer loop
      vertex 36.400000000000006 16.083333333333332 0
      vertex 36.400000000000006 17.55 2.5
      vertex 36.400000000000006 10.95 2.5
    endloop
  endfacet
  facet normal 0 1 0
    outer loop
      vertex 36.400000000000006 19.45 0
      vertex 36.400000000000006 19.45 2.5
      vertex 51.400000000000006 19.45 0
    endloop
  endfacet
  facet normal 0 1 0
    outer loop
      vertex 36.400000000000006 19.45 2.5
      vertex 51.400000000000006 19.45 2.5
      vertex 51.400000000000006 19.45 0
    endloop
  endfacet
  facet normal -1 0 0
    outer loop
      vertex 51.400000000000006 19.45 0
      vertex 51.400000000000006 26.05 2.5
      vertex 51.400000000000006 26.05 0
    endloop
  endfacet
  facet normal 0 -1 0
    outer loop
      vertex 51.400000000000006 26.05 0
      vertex 36.400000000000006 26.05 2.5
      vertex 36.400000000000006 26.05 0
    endloop
  endfacet
  facet normal 1 0 0
    outer loop
      vertex 36.400000000000006 26.05 0
      vertex 36.400000000000006 19.45 2.5
      vertex 36.400000000000006 19.45 0
    endloop
  endfacet
  facet normal -1 0 0
    outer loop
      vertex 51.400000000000006 19.45 0
      vertex 51.400000000000006 19.45 2.5
      vertex 51.400000000000006 26.05 2.5
    endloop
  endfacet
  facet normal 0 -1 0
    outer loop
      vertex 51.400000000000006 26.05 0
      vertex 51.400000000000006 26.05 2.5
      vertex 36.400000000000006 26.05 2.5
    endloop
  endfacet
  facet normal 1 0 0
    outer loop
      vertex 36.400000000000006 26.05 0
      vertex 36.400000000000006 26.05 2.5
      vertex 36.400000000000006 19.45 2.5
    endloop
  endfacet
  facet normal 0 1 0
    outer loop
      vertex 51.400000000000006 27.95 0
      vertex 36.400000000000006 27.95 0
      vertex 51.400000000000006 27.95 2.5
    endloop
  endfacet
  facet normal -1 0 0
    outer loop
      vertex 51.400000000000006 27.95 0
      vertex 51.400000000000006 34.55 2.5
      vertex 51.400000000000006 34.55 0
    endloop
  endfacet
  facet normal 0 -1 0
    outer loop
      vertex 51.400000000000006 34.55 0
      vertex 36.400000000000006 34.55 2.5
      vertex 36.400000000000006 34.55 0
    endloop
  endfacet
  facet normal 1 0 0
    outer loop
      vertex 36.400000000000006 34.55 0
      vertex 36.400000000000006 27.95 2.5
      vertex 36.400000000000006 27.95 0
    endloop
  endfacet
  facet normal -1 0 0
    outer loop
      vertex 51.400000000000006 27.95 0
      vertex 51.400000000000006 27.95 2.5
      vertex 51.400000000000006 34.55 2.5
    endloop
  endfacet
  facet normal 0 1 0
    outer loop
      vertex 36.400000000000006 27.95 0
      vertex 36.400000000000006 27.95 2.5
      vertex 51.400000000000006 27.95 2.5
    endloop
  endfacet
  facet normal 0 -1 0
    outer loop
      vertex 51.400000000000006 34.55 0
      vertex 51.400000000000006 34.55 2.5
      vertex 36.400000000000006 34.55 2.5
    endloop
  endfacet
  facet normal 1 0 0
    outer loop
      vertex 36.400000000000006 34.55 0
      vertex 36.400000000000006 34.55 2.5
      vertex 36.400000000000006 27.95 2.5
    endloop
  endfacet
  facet normal -0.5141027441932147 0.8577286100002763 0
    outer loop
      vertex 31.905636281607826 4.876917132336004 2.5
      vertex 31.905636281607826 4.876917132336004 0
      vertex 31.44268205254299 4.59943304608405 0
    endloop
  endfacet
  facet normal -0.3368898533922202 0.9415440651830208 0
    outer loop
      vertex 30.954758878008008 4.368662571187926 2.5
      vertex 30.954758878008008 4.368662571187926 0
      vertex 30.446565724899557 4.186828153472854 0
    endloop
  endfacet
  facet normal -0.14673047445536172 0.9891765099647811 0
    outer loop
      vertex 29.92299677108872 4.0556809577822355 2.5
      vertex 29.92299677108872 4.0556809577822355 0
      vertex 29.389094271812596 3.97648400330292 0
    endloop
  endfacet
  facet normal -0.049067674327417446 0.9987954562051725 0
    outer loop
      vertex 29.389094271812596 3.97648400330292 2.5
      vertex 29.389094271812596 3.97648400330292 0
      vertex 28.85000000000001 3.950000000000003 0
    endloop
  endfacet
  facet normal -0.24298017990326395 0.970031253194544 0
    outer loop
      vertex 30.446565724899557 4.186828153472854 2.5
      vertex 30.446565724899557 4.186828153472854 0
      vertex 29.92299677108872 4.0556809577822355 0
    endloop
  endfacet
  facet normal -0.42755509343028775 0.9039892931234406 0
    outer loop
      vertex 31.44268205254299 4.59943304608405 2.5
      vertex 31.44268205254299 4.59943304608405 0
      vertex 30.954758878008008 4.368662571187926 0
    endloop
  endfacet
  facet normal 0.049067674327417446 0.9987954562051725 0
    outer loop
      vertex 28.85000000000001 3.950000000000003 2.5
      vertex 28.85000000000001 3.950000000000003 0
      vertex 28.31090572818742 3.97648400330292 0
    endloop
  endfacet
  facet normal 0.14673047445536172 0.9891765099647811 0
    outer loop
      vertex 28.31090572818742 3.97648400330292 2.5
      vertex 28.31090572818742 3.97648400330292 0
      vertex 27.777003228911298 4.0556809577822355 0
    endloop
  endfacet
  facet normal 0.24298017990326395 0.970031253194544 0
    outer loop
      vertex 27.777003228911298 4.0556809577822355 2.5
      vertex 27.777003228911298 4.0556809577822355 0
      vertex 27.25343427510046 4.186828153472854 0
    endloop
  endfacet
  facet normal 0.33688985339222854 0.9415440651830177 0
    outer loop
      vertex 27.25343427510046 4.186828153472854 2.5
      vertex 27.25343427510046 4.186828153472854 0
      vertex 26.745241121992024 4.368662571187926 0
    endloop
  endfacet
  facet normal 0.42755509343026743 0.9039892931234502 0
    outer loop
      vertex 26.745241121992024 4.368662571187926 2.5
      vertex 26.745241121992024 4.368662571187926 0
      vertex 26.25731794745701 4.59943304608405 0
    endloop
  endfacet
  facet normal 0.5141027441932263 0.8577286100002693 0
    outer loop
      vertex 26.25731794745701 4.59943304608405 2.5
      vertex 26.25731794745701 4.59943304608405 0
      vertex 25.79436371839219 4.876917132336004 0
    endloop
  endfacet
  facet normal 0.5956993044924275 0.8032075314806492 0
    outer loop
      vertex 25.79436371839219 4.876917132336004 2.5
      vertex 25.79436371839219 4.876917132336004 0
      vertex 25.360836937099947 5.198442506504949 0
    endloop
  endfacet
  facet normal -0.5956993044924401 0.80320753148064 0
    outer loop
      vertex 32.339163062900056 5.198442506504949 2.5
      vertex 32.339163062900056 5.198442506504949 0
      vertex 31.905636281607826 4.876917132336004 0
    endloop
  endfacet
  facet normal -0.6715589548470131 0.7409511253549638 0
    outer loop
      vertex 32.73908729652602 5.560912703473991 2.5
      vertex 32.73908729652602 5.560912703473991 0
      vertex 32.339163062900056 5.198442506504949 0
    endloop
  endfacet
  facet normal -0.7409511253549594 0.6715589548470181 0
    outer loop
      vertex 33.101557493495065 5.960836937099953 2.5
      vertex 33.101557493495065 5.960836937099953 0
      vertex 32.73908729652602 5.560912703473991 0
    endloop
  endfacet
  facet normal -0.8032075314806474 0.5956993044924298 0
    outer loop
      vertex 33.42308286766401 6.39436371839219 2.5
      vertex 33.42308286766401 6.39436371839219 0
      vertex 33.101557493495065 5.960836937099953 0
    endloop
  endfacet
  facet normal -0.8577286100002676 0.5141027441932292 0
    outer loop
      vertex 33.70056695391597 6.857317947457016 2.5
      vertex 33.70056695391597 6.857317947457016 0
      vertex 33.42308286766401 6.39436371839219 0
    endloop
  endfacet
  facet normal -0.9039892931234476 0.42755509343027337 0
    outer loop
      vertex 33.931337428812085 7.345241121992009 2.5
      vertex 33.931337428812085 7.345241121992009 0
      vertex 33.70056695391597 6.857317947457016 0
    endloop
  endfacet
  facet normal -0.9415440651830238 0.33688985339221145 0
    outer loop
      vertex 34.11317184652715 7.85343427510046 2.5
      vertex 34.11317184652715 7.85343427510046 0
      vertex 33.931337428812085 7.345241121992009 0
    endloop
  endfacet
  facet normal -0.9700312531945391 0.2429801799032841 0
    outer loop
      vertex 34.24431904221778 8.377003228911297 2.5
      vertex 34.24431904221778 8.377003228911297 0
      vertex 34.11317184652715 7.85343427510046 0
    endloop
  endfacet
  facet normal -0.9891765099647812 0.14673047445536058 0
    outer loop
      vertex 34.3235159966971 8.91090572818742 2.5
      vertex 34.3235159966971 8.91090572818742 0
      vertex 34.24431904221778 8.377003228911297 0
    endloop
  endfacet
  facet normal -0.998795456205173 0.049067674327407926 7.555403928831633e-20
    outer loop
      vertex 34.3235159966971 8.91090572818742 0
      vertex 34.35000000000001 9.450000000000003 2.5
      vertex 34.35000000000001 9.450000000000003 0
    endloop
  endfacet
  facet normal -0.998795456205173 -0.049067674327407926 -7.555403928831633e-20
    outer loop
      vertex 34.35000000000001 9.450000000000003 0
      vertex 34.3235159966971 9.989094271812586 2.5
      vertex 34.3235159966971 9.989094271812586 0
    endloop
  endfacet
  facet normal 0.6715589548470393 0.74095112535494 0
    outer loop
      vertex 25.360836937099947 5.198442506504949 2.5
      vertex 25.360836937099947 5.198442506504949 0
      vertex 24.96091270347401 5.560912703473991 0
    endloop
  endfacet
  facet normal 0.7409511253549594 0.6715589548470181 0
    outer loop
      vertex 24.96091270347401 5.560912703473991 2.5
      vertex 24.96091270347401 5.560912703473991 0
      vertex 24.598442506504966 5.960836937099953 0
    endloop
  endfacet
  facet normal 0.8032075314806223 0.5956993044924639 0
    outer loop
      vertex 24.598442506504966 5.960836937099953 2.5
      vertex 24.598442506504966 5.960836937099953 0
      vertex 24.276917132335996 6.39436371839219 0
    endloop
  endfacet
  facet normal 0.8577286100002791 0.5141027441932098 9.120847389406715e-18
    outer loop
      vertex 23.99943304608405 6.857317947457016 0
      vertex 24.276917132335996 6.39436371839219 2.5
      vertex 24.276917132335996 6.39436371839219 0
    endloop
  endfacet
  facet normal 0.9039892931234372 0.42755509343029485 -3.2252962145163713e-18
    outer loop
      vertex 23.768662571187917 7.345241121992009 0
      vertex 23.99943304608405 6.857317947457016 2.5
      vertex 23.99943304608405 6.857317947457016 0
    endloop
  endfacet
  facet normal 0.9415440651830238 0.33688985339221145 -1.684514044296909e-18
    outer loop
      vertex 23.58682815347285 7.85343427510046 0
      vertex 23.768662571187917 7.345241121992009 2.5
      vertex 23.768662571187917 7.345241121992009 0
    endloop
  endfacet
  facet normal 0.9700312531945513 0.24298017990323453 -1.810841100259367e-18
    outer loop
      vertex 23.45568095778225 8.377003228911297 0
      vertex 23.58682815347285 7.85343427510046 2.5
      vertex 23.58682815347285 7.85343427510046 0
    endloop
  endfacet
  facet normal 0.9891765099647772 0.1467304744553863 1.0367290228649877e-19
    outer loop
      vertex 23.37648400330292 8.91090572818742 0
      vertex 23.45568095778225 8.377003228911297 2.5
      vertex 23.45568095778225 8.377003228911297 0
    endloop
  endfacet
  facet normal 0.9987954562051741 0.04906767432738165 2.5905219131930996e-19
    outer loop
      vertex 23.350000000000023 9.450000000000003 0
      vertex 23.37648400330292 8.91090572818742 2.5
      vertex 23.37648400330292 8.91090572818742 0
    endloop
  endfacet
  facet normal 0.9987954562051741 -0.04906767432738165 -2.5905219131930996e-19
    outer loop
      vertex 23.37648400330292 9.989094271812586 0
      vertex 23.350000000000023 9.450000000000003 2.5
      vertex 23.350000000000023 9.450000000000003 0
    endloop
  endfacet
  facet normal -0.9891765099647812 -0.14673047445536058 2.3268083180771327e-18
    outer loop
      vertex 34.3235159966971 9.989094271812586 0
      vertex 34.24431904221778 10.522996771088708 2.5
      vertex 34.24431904221778 10.522996771088708 0
    endloop
  endfacet
  facet normal -0.9700312531945391 -0.2429801799032841 -4.579664190079029e-18
    outer loop
      vertex 34.24431904221778 10.522996771088708 0
      vertex 34.11317184652715 11.046565724899546 2.5
      vertex 34.11317184652715 11.046565724899546 0
    endloop
  endfacet
  facet normal -0.9415440651830238 -0.33688985339221145 -1.684514044296909e-18
    outer loop
      vertex 34.11317184652715 11.046565724899546 0
      vertex 33.931337428812085 11.554758878007997 2.5
      vertex 33.931337428812085 11.554758878007997 0
    endloop
  endfacet
  facet normal -0.9039892931234476 -0.42755509343027337 3.2883269826089835e-18
    outer loop
      vertex 33.931337428812085 11.554758878007997 0
      vertex 33.70056695391597 12.04268205254299 2.5
      vertex 33.70056695391597 12.04268205254299 0
    endloop
  endfacet
  facet normal -0.8577286100002676 -0.5141027441932292 8.450998405289354e-18
    outer loop
      vertex 33.70056695391597 12.04268205254299 0
      vertex 33.42308286766401 12.505636281607815 2.5
      vertex 33.42308286766401 12.505636281607815 0
    endloop
  endfacet
  facet normal -0.803207531480648 -0.595699304492429 1.406570632744353e-18
    outer loop
      vertex 33.42308286766401 12.505636281607815 0
      vertex 33.101557493495065 12.939163062900054 2.5
      vertex 33.101557493495065 12.939163062900054 0
    endloop
  endfacet
  facet normal -0.7409511253549579 -0.6715589548470198 5.4607370076539555e-18
    outer loop
      vertex 33.101557493495065 12.939163062900054 0
      vertex 32.73908729652602 13.339087296526014 2.5
      vertex 32.73908729652602 13.339087296526014 0
    endloop
  endfacet
  facet normal -0.6715589548470131 -0.7409511253549638 9.731557200842183e-18
    outer loop
      vertex 32.73908729652602 13.339087296526014 0
      vertex 32.339163062900056 13.701557493495056 2.5
      vertex 32.339163062900056 13.701557493495056 0
    endloop
  endfacet
  facet normal -0.5956993044924412 -0.8032075314806391 9.566289871517559e-18
    outer loop
      vertex 32.339163062900056 13.701557493495056 0
      vertex 31.905636281607826 14.023082867664002 2.5
      vertex 31.905636281607826 14.023082867664002 0
    endloop
  endfacet
  facet normal -0.5141027441932147 -0.8577286100002763 -1.0219775094360118e-17
    outer loop
      vertex 31.905636281607826 14.023082867664002 0
      vertex 31.44268205254299 14.300566953915956 2.5
      vertex 31.44268205254299 14.300566953915956 0
    endloop
  endfacet
  facet normal -0.42755509343028775 -0.9039892931234406 -3.596207761445898e-18
    outer loop
      vertex 31.44268205254299 14.300566953915956 0
      vertex 30.954758878008008 14.53133742881208 2.5
      vertex 30.954758878008008 14.53133742881208 0
    endloop
  endfacet
  facet normal -0.3368898533922202 -0.9415440651830208 -3.1878383524352224e-18
    outer loop
      vertex 30.954758878008008 14.53133742881208 0
      vertex 30.446565724899557 14.713171846527151 2.5
      vertex 30.446565724899557 14.713171846527151 0
    endloop
  endfacet
  facet normal -0.24298017990326243 -0.9700312531945445 -3.3683040882829358e-18
    outer loop
      vertex 30.446565724899557 14.713171846527151 0
      vertex 29.92299677108872 14.84431904221777 2.5
      vertex 29.92299677108872 14.84431904221777 0
    endloop
  endfacet
  facet normal -0.1467304744553633 -0.9891765099647808 2.5661327033770274e-18
    outer loop
      vertex 29.92299677108872 14.84431904221777 0
      vertex 29.389094271812596 14.923515996697086 2.5
      vertex 29.389094271812596 14.923515996697086 0
    endloop
  endfacet
  facet normal 0.803207531480623 -0.595699304492463 -2.8171383687728585e-18
    outer loop
      vertex 24.598442506504966 12.939163062900054 0
      vertex 24.276917132335996 12.505636281607815 2.5
      vertex 24.276917132335996 12.505636281607815 0
    endloop
  endfacet
  facet normal 0.9891765099647772 -0.1467304744553863 -1.0367290228649877e-19
    outer loop
      vertex 23.45568095778225 10.522996771088708 0
      vertex 23.37648400330292 9.989094271812586 2.5
      vertex 23.37648400330292 9.989094271812586 0
    endloop
  endfacet
  facet normal 0.9700312531945513 -0.24298017990323453 1.810841100259367e-18
    outer loop
      vertex 23.58682815347285 11.046565724899546 0
      vertex 23.45568095778225 10.522996771088708 2.5
      vertex 23.45568095778225 10.522996771088708 0
    endloop
  endfacet
  facet normal 0.9415440651830238 -0.33688985339221145 1.684514044296909e-18
    outer loop
      vertex 23.768662571187917 11.554758878007997 0
      vertex 23.58682815347285 11.046565724899546 2.5
      vertex 23.58682815347285 11.046565724899546 0
    endloop
  endfacet
  facet normal 0.9039892931234372 -0.42755509343029485 3.2252962145163713e-18
    outer loop
      vertex 23.99943304608405 12.04268205254299 0
      vertex 23.768662571187917 11.554758878007997 2.5
      vertex 23.768662571187917 11.554758878007997 0
    endloop
  endfacet
  facet normal 0.8577286100002791 -0.5141027441932098 -9.120847389406715e-18
    outer loop
      vertex 24.276917132335996 12.505636281607815 0
      vertex 23.99943304608405 12.04268205254299 2.5
      vertex 23.99943304608405 12.04268205254299 0
    endloop
  endfacet
  facet normal 0.7409511253549579 -0.6715589548470198 -5.4607370076539555e-18
    outer loop
      vertex 24.96091270347401 13.339087296526014 0
      vertex 24.598442506504966 12.939163062900054 2.5
      vertex 24.598442506504966 12.939163062900054 0
    endloop
  endfacet
  facet normal 0.5956993044924286 -0.8032075314806484 3.2071473633137597e-18
    outer loop
      vertex 25.79436371839219 14.023082867664002 0
      vertex 25.360836937099947 13.701557493495056 2.5
      vertex 25.360836937099947 13.701557493495056 0
    endloop
  endfacet
  facet normal 0.6715589548470393 -0.74095112535494 7.351723571911231e-18
    outer loop
      vertex 25.360836937099947 13.701557493495056 0
      vertex 24.96091270347401 13.339087296526014 2.5
      vertex 24.96091270347401 13.339087296526014 0
    endloop
  endfacet
  facet normal 0.1467304744553633 -0.9891765099647808 -2.5661327033770274e-18
    outer loop
      vertex 28.31090572818742 14.923515996697086 0
      vertex 27.777003228911298 14.84431904221777 2.5
      vertex 27.777003228911298 14.84431904221777 0
    endloop
  endfacet
  facet normal -0.049067674327417446 -0.9987954562051725 -5.085940572052487e-19
    outer loop
      vertex 29.389094271812596 14.923515996697086 0
      vertex 28.85000000000001 14.950000000000003 2.5
      vertex 28.85000000000001 14.950000000000003 0
    endloop
  endfacet
  facet normal 0.049067674327417446 -0.9987954562051725 5.085940572052487e-19
    outer loop
      vertex 28.85000000000001 14.950000000000003 0
      vertex 28.31090572818742 14.923515996697086 2.5
      vertex 28.31090572818742 14.923515996697086 0
    endloop
  endfacet
  facet normal 0.24298017990326243 -0.9700312531945445 3.3683040882829358e-18
    outer loop
      vertex 27.777003228911298 14.84431904221777 0
      vertex 27.25343427510046 14.713171846527151 2.5
      vertex 27.25343427510046 14.713171846527151 0
    endloop
  endfacet
  facet normal 0.33688985339222854 -0.9415440651830177 1.1469019173826365e-18
    outer loop
      vertex 27.25343427510046 14.713171846527151 0
      vertex 26.745241121992024 14.53133742881208 2.5
      vertex 26.745241121992024 14.53133742881208 0
    endloop
  endfacet
  facet normal 0.5141027441932263 -0.8577286100002693 8.741817733237075e-18
    outer loop
      vertex 26.25731794745701 14.300566953915956 0
      vertex 25.79436371839219 14.023082867664002 2.5
      vertex 25.79436371839219 14.023082867664002 0
    endloop
  endfacet
  facet normal 0.42755509343026743 -0.9039892931234502 -3.3324500126961325e-19
    outer loop
      vertex 26.745241121992024 14.53133742881208 0
      vertex 26.25731794745701 14.300566953915956 2.5
      vertex 26.25731794745701 14.300566953915956 0
    endloop
  endfacet
  facet normal -0.5141027441932147 0.8577286100002763 1.0219775094360118e-17
    outer loop
      vertex 31.905636281607826 4.876917132336004 2.5
      vertex 31.44268205254299 4.59943304608405 0
      vertex 31.44268205254299 4.59943304608405 2.5
    endloop
  endfacet
  facet normal -0.5956993044924401 0.80320753148064 -6.951031984333422e-18
    outer loop
      vertex 32.339163062900056 5.198442506504949 2.5
      vertex 31.905636281607826 4.876917132336004 0
      vertex 31.905636281607826 4.876917132336004 2.5
    endloop
  endfacet
  facet normal -0.3368898533922202 0.9415440651830208 3.1878383524352224e-18
    outer loop
      vertex 30.954758878008008 4.368662571187926 2.5
      vertex 30.446565724899557 4.186828153472854 0
      vertex 30.446565724899557 4.186828153472854 2.5
    endloop
  endfacet
  facet normal -0.24298017990326395 0.970031253194544 -1.6875254810149464e-18
    outer loop
      vertex 30.446565724899557 4.186828153472854 2.5
      vertex 29.92299677108872 4.0556809577822355 0
      vertex 29.92299677108872 4.0556809577822355 2.5
    endloop
  endfacet
  facet normal -0.14673047445536172 0.9891765099647811 8.302905955975147e-19
    outer loop
      vertex 29.92299677108872 4.0556809577822355 2.5
      vertex 29.389094271812596 3.97648400330292 0
      vertex 29.389094271812596 3.97648400330292 2.5
    endloop
  endfacet
  facet normal -0.42755509343028775 0.9039892931234406 3.596207761445898e-18
    outer loop
      vertex 31.44268205254299 4.59943304608405 2.5
      vertex 30.954758878008008 4.368662571187926 0
      vertex 30.954758878008008 4.368662571187926 2.5
    endloop
  endfacet
  facet normal -0.049067674327417446 0.9987954562051725 5.085940572052487e-19
    outer loop
      vertex 29.389094271812596 3.97648400330292 2.5
      vertex 28.85000000000001 3.950000000000003 0
      vertex 28.85000000000001 3.950000000000003 2.5
    endloop
  endfacet
  facet normal 0.049067674327417446 0.9987954562051725 -5.085940572052487e-19
    outer loop
      vertex 28.85000000000001 3.950000000000003 2.5
      vertex 28.31090572818742 3.97648400330292 0
      vertex 28.31090572818742 3.97648400330292 2.5
    endloop
  endfacet
  facet normal 0.14673047445536172 0.9891765099647811 -8.302905955975147e-19
    outer loop
      vertex 28.31090572818742 3.97648400330292 2.5
      vertex 27.777003228911298 4.0556809577822355 0
      vertex 27.777003228911298 4.0556809577822355 2.5
    endloop
  endfacet
  facet normal 0.24298017990326395 0.970031253194544 1.6875254810149464e-18
    outer loop
      vertex 27.777003228911298 4.0556809577822355 2.5
      vertex 27.25343427510046 4.186828153472854 0
      vertex 27.25343427510046 4.186828153472854 2.5
    endloop
  endfacet
  facet normal 0.33688985339222854 0.9415440651830177 -1.1469019173826365e-18
    outer loop
      vertex 27.25343427510046 4.186828153472854 2.5
      vertex 26.745241121992024 4.368662571187926 0
      vertex 26.745241121992024 4.368662571187926 2.5
    endloop
  endfacet
  facet normal 0.42755509343026743 0.9039892931234502 3.3324500126961325e-19
    outer loop
      vertex 26.745241121992024 4.368662571187926 2.5
      vertex 26.25731794745701 4.59943304608405 0
      vertex 26.25731794745701 4.59943304608405 2.5
    endloop
  endfacet
  facet normal 0.5141027441932263 0.8577286100002693 -8.741817733237075e-18
    outer loop
      vertex 26.25731794745701 4.59943304608405 2.5
      vertex 25.79436371839219 4.876917132336004 0
      vertex 25.79436371839219 4.876917132336004 2.5
    endloop
  endfacet
  facet normal -0.9415440651830238 0.33688985339221145 1.684514044296909e-18
    outer loop
      vertex 34.11317184652715 7.85343427510046 2.5
      vertex 33.931337428812085 7.345241121992009 0
      vertex 33.931337428812085 7.345241121992009 2.5
    endloop
  endfacet
  facet normal -0.7409511253549594 0.6715589548470181 -1.3860867650962796e-18
    outer loop
      vertex 33.101557493495065 5.960836937099953 2.5
      vertex 32.73908729652602 5.560912703473991 0
      vertex 32.73908729652602 5.560912703473991 2.5
    endloop
  endfacet
  facet normal -0.6715589548470131 0.7409511253549638 -9.731557200842183e-18
    outer loop
      vertex 32.73908729652602 5.560912703473991 2.5
      vertex 32.339163062900056 5.198442506504949 0
      vertex 32.339163062900056 5.198442506504949 2.5
    endloop
  endfacet
  facet normal -0.8032075314806474 0.5956993044924298 -7.347265750773737e-18
    outer loop
      vertex 33.42308286766401 6.39436371839219 2.5
      vertex 33.101557493495065 5.960836937099953 0
      vertex 33.101557493495065 5.960836937099953 2.5
    endloop
  endfacet
  facet normal -0.8577286100002676 0.5141027441932292 -8.450998405289354e-18
    outer loop
      vertex 33.70056695391597 6.857317947457016 2.5
      vertex 33.42308286766401 6.39436371839219 0
      vertex 33.42308286766401 6.39436371839219 2.5
    endloop
  endfacet
  facet normal -0.9039892931234476 0.42755509343027337 -3.2883269826089835e-18
    outer loop
      vertex 33.931337428812085 7.345241121992009 2.5
      vertex 33.70056695391597 6.857317947457016 0
      vertex 33.70056695391597 6.857317947457016 2.5
    endloop
  endfacet
  facet normal -0.9700312531945391 0.2429801799032841 4.579664190079029e-18
    outer loop
      vertex 34.24431904221778 8.377003228911297 2.5
      vertex 34.11317184652715 7.85343427510046 0
      vertex 34.11317184652715 7.85343427510046 2.5
    endloop
  endfacet
  facet normal -0.9891765099647812 0.14673047445536058 -2.3268083180771327e-18
    outer loop
      vertex 34.3235159966971 8.91090572818742 2.5
      vertex 34.24431904221778 8.377003228911297 0
      vertex 34.24431904221778 8.377003228911297 2.5
    endloop
  endfacet
  facet normal -0.998795456205173 0.049067674327407926 7.555403928831633e-20
    outer loop
      vertex 34.35000000000001 9.450000000000003 2.5
      vertex 34.3235159966971 8.91090572818742 0
      vertex 34.3235159966971 8.91090572818742 2.5
    endloop
  endfacet
  facet normal -0.998795456205173 -0.049067674327407926 0
    outer loop
      vertex 34.35000000000001 9.450000000000003 0
      vertex 34.35000000000001 9.450000000000003 2.5
      vertex 34.3235159966971 9.989094271812586 2.5
    endloop
  endfacet
  facet normal 0.5956993044924275 0.8032075314806492 -5.8224052504885e-18
    outer loop
      vertex 25.79436371839219 4.876917132336004 2.5
      vertex 25.360836937099947 5.198442506504949 0
      vertex 25.360836937099947 5.198442506504949 2.5
    endloop
  endfacet
  facet normal 0.6715589548470393 0.74095112535494 -7.351723571911231e-18
    outer loop
      vertex 25.360836937099947 5.198442506504949 2.5
      vertex 24.96091270347401 5.560912703473991 0
      vertex 24.96091270347401 5.560912703473991 2.5
    endloop
  endfacet
  facet normal 0.7409511253549594 0.6715589548470181 1.3860867650962796e-18
    outer loop
      vertex 24.96091270347401 5.560912703473991 2.5
      vertex 24.598442506504966 5.960836937099953 0
      vertex 24.598442506504966 5.960836937099953 2.5
    endloop
  endfacet
  facet normal 0.8032075314806223 0.5956993044924639 8.757833486820767e-18
    outer loop
      vertex 24.598442506504966 5.960836937099953 2.5
      vertex 24.276917132335996 6.39436371839219 0
      vertex 24.276917132335996 6.39436371839219 2.5
    endloop
  endfacet
  facet normal 0.8577286100002791 0.5141027441932098 0
    outer loop
      vertex 23.99943304608405 6.857317947457016 0
      vertex 23.99943304608405 6.857317947457016 2.5
      vertex 24.276917132335996 6.39436371839219 2.5
    endloop
  endfacet
  facet normal 0.9039892931234372 0.42755509343029485 0
    outer loop
      vertex 23.768662571187917 7.345241121992009 0
      vertex 23.768662571187917 7.345241121992009 2.5
      vertex 23.99943304608405 6.857317947457016 2.5
    endloop
  endfacet
  facet normal 0.9415440651830238 0.33688985339221145 0
    outer loop
      vertex 23.58682815347285 7.85343427510046 0
      vertex 23.58682815347285 7.85343427510046 2.5
      vertex 23.768662571187917 7.345241121992009 2.5
    endloop
  endfacet
  facet normal 0.9700312531945513 0.24298017990323453 0
    outer loop
      vertex 23.45568095778225 8.377003228911297 0
      vertex 23.45568095778225 8.377003228911297 2.5
      vertex 23.58682815347285 7.85343427510046 2.5
    endloop
  endfacet
  facet normal 0.9891765099647772 0.1467304744553863 0
    outer loop
      vertex 23.37648400330292 8.91090572818742 0
      vertex 23.37648400330292 8.91090572818742 2.5
      vertex 23.45568095778225 8.377003228911297 2.5
    endloop
  endfacet
  facet normal 0.9987954562051741 0.04906767432738165 0
    outer loop
      vertex 23.350000000000023 9.450000000000003 0
      vertex 23.350000000000023 9.450000000000003 2.5
      vertex 23.37648400330292 8.91090572818742 2.5
    endloop
  endfacet
  facet normal 0.9987954562051741 -0.04906767432738165 0
    outer loop
      vertex 23.37648400330292 9.989094271812586 0
      vertex 23.37648400330292 9.989094271812586 2.5
      vertex 23.350000000000023 9.450000000000003 2.5
    endloop
  endfacet
  facet normal -0.9891765099647812 -0.14673047445536058 0
    outer loop
      vertex 34.3235159966971 9.989094271812586 0
      vertex 34.3235159966971 9.989094271812586 2.5
      vertex 34.24431904221778 10.522996771088708 2.5
    endloop
  endfacet
  facet normal -0.9700312531945391 -0.2429801799032841 0
    outer loop
      vertex 34.24431904221778 10.522996771088708 0
      vertex 34.24431904221778 10.522996771088708 2.5
      vertex 34.11317184652715 11.046565724899546 2.5
    endloop
  endfacet
  facet normal -0.9415440651830238 -0.33688985339221145 0
    outer loop
      vertex 34.11317184652715 11.046565724899546 0
      vertex 34.11317184652715 11.046565724899546 2.5
      vertex 33.931337428812085 11.554758878007997 2.5
    endloop
  endfacet
  facet normal -0.9039892931234476 -0.42755509343027337 0
    outer loop
      vertex 33.931337428812085 11.554758878007997 0
      vertex 33.931337428812085 11.554758878007997 2.5
      vertex 33.70056695391597 12.04268205254299 2.5
    endloop
  endfacet
  facet normal -0.8577286100002676 -0.5141027441932292 0
    outer loop
      vertex 33.70056695391597 12.04268205254299 0
      vertex 33.70056695391597 12.04268205254299 2.5
      vertex 33.42308286766401 12.505636281607815 2.5
    endloop
  endfacet
  facet normal -0.803207531480648 -0.595699304492429 0
    outer loop
      vertex 33.42308286766401 12.505636281607815 0
      vertex 33.42308286766401 12.505636281607815 2.5
      vertex 33.101557493495065 12.939163062900054 2.5
    endloop
  endfacet
  facet normal -0.7409511253549579 -0.6715589548470198 0
    outer loop
      vertex 33.101557493495065 12.939163062900054 0
      vertex 33.101557493495065 12.939163062900054 2.5
      vertex 32.73908729652602 13.339087296526014 2.5
    endloop
  endfacet
  facet normal -0.6715589548470131 -0.7409511253549638 0
    outer loop
      vertex 32.73908729652602 13.339087296526014 0
      vertex 32.73908729652602 13.339087296526014 2.5
      vertex 32.339163062900056 13.701557493495056 2.5
    endloop
  endfacet
  facet normal -0.5956993044924412 -0.8032075314806391 0
    outer loop
      vertex 32.339163062900056 13.701557493495056 0
      vertex 32.339163062900056 13.701557493495056 2.5
      vertex 31.905636281607826 14.023082867664002 2.5
    endloop
  endfacet
  facet normal -0.5141027441932147 -0.8577286100002763 0
    outer loop
      vertex 31.905636281607826 14.023082867664002 0
      vertex 31.905636281607826 14.023082867664002 2.5
      vertex 31.44268205254299 14.300566953915956 2.5
    endloop
  endfacet
  facet normal -0.42755509343028775 -0.9039892931234406 0
    outer loop
      vertex 31.44268205254299 14.300566953915956 0
      vertex 31.44268205254299 14.300566953915956 2.5
      vertex 30.954758878008008 14.53133742881208 2.5
    endloop
  endfacet
  facet normal -0.3368898533922202 -0.9415440651830208 0
    outer loop
      vertex 30.954758878008008 14.53133742881208 0
      vertex 30.954758878008008 14.53133742881208 2.5
      vertex 30.446565724899557 14.713171846527151 2.5
    endloop
  endfacet
  facet normal -0.24298017990326243 -0.9700312531945445 0
    outer loop
      vertex 30.446565724899557 14.713171846527151 0
      vertex 30.446565724899557 14.713171846527151 2.5
      vertex 29.92299677108872 14.84431904221777 2.5
    endloop
  endfacet
  facet normal -0.1467304744553633 -0.9891765099647808 0
    outer loop
      vertex 29.92299677108872 14.84431904221777 0
      vertex 29.92299677108872 14.84431904221777 2.5
      vertex 29.389094271812596 14.923515996697086 2.5
    endloop
  endfacet
  facet normal -0.049067674327417446 -0.9987954562051725 0
    outer loop
      vertex 29.389094271812596 14.923515996697086 0
      vertex 29.389094271812596 14.923515996697086 2.5
      vertex 28.85000000000001 14.950000000000003 2.5
    endloop
  endfacet
  facet normal 0.9891765099647772 -0.1467304744553863 0
    outer loop
      vertex 23.45568095778225 10.522996771088708 0
      vertex 23.45568095778225 10.522996771088708 2.5
      vertex 23.37648400330292 9.989094271812586 2.5
    endloop
  endfacet
  facet normal 0.9700312531945513 -0.24298017990323453 0
    outer loop
      vertex 23.58682815347285 11.046565724899546 0
      vertex 23.58682815347285 11.046565724899546 2.5
      vertex 23.45568095778225 10.522996771088708 2.5
    endloop
  endfacet
  facet normal 0.9415440651830238 -0.33688985339221145 0
    outer loop
      vertex 23.768662571187917 11.554758878007997 0
      vertex 23.768662571187917 11.554758878007997 2.5
      vertex 23.58682815347285 11.046565724899546 2.5
    endloop
  endfacet
  facet normal 0.9039892931234372 -0.42755509343029485 0
    outer loop
      vertex 23.99943304608405 12.04268205254299 0
      vertex 23.99943304608405 12.04268205254299 2.5
      vertex 23.768662571187917 11.554758878007997 2.5
    endloop
  endfacet
  facet normal 0.8577286100002791 -0.5141027441932098 0
    outer loop
      vertex 24.276917132335996 12.505636281607815 0
      vertex 24.276917132335996 12.505636281607815 2.5
      vertex 23.99943304608405 12.04268205254299 2.5
    endloop
  endfacet
  facet normal 0.803207531480623 -0.595699304492463 0
    outer loop
      vertex 24.598442506504966 12.939163062900054 0
      vertex 24.598442506504966 12.939163062900054 2.5
      vertex 24.276917132335996 12.505636281607815 2.5
    endloop
  endfacet
  facet normal 0.7409511253549579 -0.6715589548470198 0
    outer loop
      vertex 24.96091270347401 13.339087296526014 0
      vertex 24.96091270347401 13.339087296526014 2.5
      vertex 24.598442506504966 12.939163062900054 2.5
    endloop
  endfacet
  facet normal 0.5956993044924286 -0.8032075314806484 0
    outer loop
      vertex 25.79436371839219 14.023082867664002 0
      vertex 25.79436371839219 14.023082867664002 2.5
      vertex 25.360836937099947 13.701557493495056 2.5
    endloop
  endfacet
  facet normal 0.6715589548470393 -0.74095112535494 0
    outer loop
      vertex 25.360836937099947 13.701557493495056 0
      vertex 25.360836937099947 13.701557493495056 2.5
      vertex 24.96091270347401 13.339087296526014 2.5
    endloop
  endfacet
  facet normal 0.049067674327417446 -0.9987954562051725 0
    outer loop
      vertex 28.85000000000001 14.950000000000003 0
      vertex 28.85000000000001 14.950000000000003 2.5
      vertex 28.31090572818742 14.923515996697086 2.5
    endloop
  endfacet
  facet normal 0.1467304744553633 -0.9891765099647808 0
    outer loop
      vertex 28.31090572818742 14.923515996697086 0
      vertex 28.31090572818742 14.923515996697086 2.5
      vertex 27.777003228911298 14.84431904221777 2.5
    endloop
  endfacet
  facet normal 0.24298017990326243 -0.9700312531945445 0
    outer loop
      vertex 27.777003228911298 14.84431904221777 0
      vertex 27.777003228911298 14.84431904221777 2.5
      vertex 27.25343427510046 14.713171846527151 2.5
    endloop
  endfacet
  facet normal 0.33688985339222854 -0.9415440651830177 0
    outer loop
      vertex 27.25343427510046 14.713171846527151 0
      vertex 27.25343427510046 14.713171846527151 2.5
      vertex 26.745241121992024 14.53133742881208 2.5
    endloop
  endfacet
  facet normal 0.5141027441932263 -0.8577286100002693 0
    outer loop
      vertex 26.25731794745701 14.300566953915956 0
      vertex 26.25731794745701 14.300566953915956 2.5
      vertex 25.79436371839219 14.023082867664002 2.5
    endloop
  endfacet
  facet normal 0.42755509343026743 -0.9039892931234502 0
    outer loop
      vertex 26.745241121992024 14.53133742881208 0
      vertex 26.745241121992024 14.53133742881208 2.5
      vertex 26.25731794745701 14.300566953915956 2.5
    endloop
  endfacet
  facet normal -0.5141027441932123 0.8577286100002779 -2.7198442558029e-18
    outer loop
      vertex 31.44268205254299 25.09943304608405 0
      vertex 31.905636281607826 25.376917132336004 2.5
      vertex 31.905636281607826 25.376917132336004 0
    endloop
  endfacet
  facet normal -0.2429801799032593 0.9700312531945451 3.1952526451692067e-18
    outer loop
      vertex 29.92299677108872 24.555680957782236 0
      vertex 30.446565724899557 24.686828153472852 2.5
      vertex 30.446565724899557 24.686828153472852 0
    endloop
  endfacet
  facet normal -0.14673047445536008 0.9891765099647812 -9.156413962826716e-19
    outer loop
      vertex 29.389094271812596 24.47648400330292 0
      vertex 29.92299677108872 24.555680957782236 2.5
      vertex 29.92299677108872 24.555680957782236 0
    endloop
  endfacet
  facet normal -0.049067674327420735 0.9987954562051723 5.504198360358784e-19
    outer loop
      vertex 28.85000000000001 24.450000000000003 0
      vertex 29.389094271812596 24.47648400330292 2.5
      vertex 29.389094271812596 24.47648400330292 0
    endloop
  endfacet
  facet normal -0.33688985339222316 0.9415440651830197 3.688946455147991e-18
    outer loop
      vertex 30.446565724899557 24.686828153472852 0
      vertex 30.954758878008008 24.868662571187926 2.5
      vertex 30.954758878008008 24.868662571187926 0
    endloop
  endfacet
  facet normal -0.42755509343029047 0.9039892931234395 -2.0175334524936423e-18
    outer loop
      vertex 30.954758878008008 24.868662571187926 0
      vertex 31.44268205254299 25.09943304608405 2.5
      vertex 31.44268205254299 25.09943304608405 0
    endloop
  endfacet
  facet normal 0.049067674327420735 0.9987954562051723 -5.504198360358784e-19
    outer loop
      vertex 28.31090572818742 24.47648400330292 0
      vertex 28.85000000000001 24.450000000000003 2.5
      vertex 28.85000000000001 24.450000000000003 0
    endloop
  endfacet
  facet normal 0.14673047445536008 0.9891765099647812 9.156413962826716e-19
    outer loop
      vertex 27.777003228911298 24.555680957782236 0
      vertex 28.31090572818742 24.47648400330292 2.5
      vertex 28.31090572818742 24.47648400330292 0
    endloop
  endfacet
  facet normal 0.2429801799032593 0.9700312531945451 -3.1952526451692067e-18
    outer loop
      vertex 27.25343427510046 24.686828153472852 0
      vertex 27.777003228911298 24.555680957782236 2.5
      vertex 27.777003228911298 24.555680957782236 0
    endloop
  endfacet
  facet normal 0.3368898533922315 0.9415440651830167 -1.6480100200767126e-18
    outer loop
      vertex 26.745241121992024 24.868662571187926 0
      vertex 27.25343427510046 24.686828153472852 2.5
      vertex 27.25343427510046 24.686828153472852 0
    endloop
  endfacet
  facet normal 0.4275550934302701 0.9039892931234489 -4.337724366537684e-18
    outer loop
      vertex 26.25731794745701 25.09943304608405 0
      vertex 26.745241121992024 24.868662571187926 2.5
      vertex 26.745241121992024 24.868662571187926 0
    endloop
  endfacet
  facet normal 0.5141027441932239 0.8577286100002709 4.1978016169075285e-18
    outer loop
      vertex 25.79436371839219 25.376917132336004 0
      vertex 26.25731794745701 25.09943304608405 2.5
      vertex 26.25731794745701 25.09943304608405 0
    endloop
  endfacet
  facet normal -0.5956993044924412 0.8032075314806391 -9.566289871517559e-18
    outer loop
      vertex 31.905636281607826 25.376917132336004 0
      vertex 32.339163062900056 25.69844250650495 2.5
      vertex 32.339163062900056 25.69844250650495 0
    endloop
  endfacet
  facet normal -0.6715589548470131 0.7409511253549638 -9.731557200842183e-18
    outer loop
      vertex 32.339163062900056 25.69844250650495 0
      vertex 32.73908729652602 26.060912703473992 2.5
      vertex 32.73908729652602 26.060912703473992 0
    endloop
  endfacet
  facet normal -0.7409511253549579 0.6715589548470198 -5.4607370076539555e-18
    outer loop
      vertex 32.73908729652602 26.060912703473992 0
      vertex 33.101557493495065 26.460836937099952 2.5
      vertex 33.101557493495065 26.460836937099952 0
    endloop
  endfacet
  facet normal -0.8032075314806492 0.5956993044924275 -1.0094601560104613e-17
    outer loop
      vertex 33.101557493495065 26.460836937099952 0
      vertex 33.42308286766401 26.894363718392192 2.5
      vertex 33.42308286766401 26.894363718392192 0
    endloop
  endfacet
  facet normal -0.8577286100002667 0.5141027441932307 -3.493387784582073e-18
    outer loop
      vertex 33.42308286766401 26.894363718392192 0
      vertex 33.70056695391597 27.357317947457016 2.5
      vertex 33.70056695391597 27.357317947457016 0
    endloop
  endfacet
  facet normal -0.903989293123448 0.42755509343027204 2.251231921925895e-18
    outer loop
      vertex 33.70056695391597 27.357317947457016 0
      vertex 33.931337428812085 27.84524112199201 2.5
      vertex 33.931337428812085 27.84524112199201 0
    endloop
  endfacet
  facet normal -0.9415440651830238 0.33688985339221145 1.684514044296909e-18
    outer loop
      vertex 33.931337428812085 27.84524112199201 0
      vertex 34.11317184652715 28.35343427510046 2.5
      vertex 34.11317184652715 28.35343427510046 0
    endloop
  endfacet
  facet normal -0.9700312531945391 0.2429801799032841 4.579664190079029e-18
    outer loop
      vertex 34.11317184652715 28.35343427510046 0
      vertex 34.24431904221778 28.8770032289113 2.5
      vertex 34.24431904221778 28.8770032289113 0
    endloop
  endfacet
  facet normal -0.9891765099647811 0.14673047445536105 1.4043800509831606e-18
    outer loop
      vertex 34.24431904221778 28.8770032289113 0
      vertex 34.3235159966971 29.41090572818742 2.5
      vertex 34.3235159966971 29.41090572818742 0
    endloop
  endfacet
  facet normal -0.998795456205173 0.049067674327407926 7.555403928831633e-20
    outer loop
      vertex 34.3235159966971 29.41090572818742 0
      vertex 34.35000000000001 29.950000000000003 2.5
      vertex 34.35000000000001 29.950000000000003 0
    endloop
  endfacet
  facet normal -0.998795456205173 -0.049067674327407926 -7.555403928831633e-20
    outer loop
      vertex 34.35000000000001 29.950000000000003 0
      vertex 34.3235159966971 30.489094271812586 2.5
      vertex 34.3235159966971 30.489094271812586 0
    endloop
  endfacet
  facet normal 0.5956993044924286 0.8032075314806484 -3.2071473633137597e-18
    outer loop
      vertex 25.360836937099947 25.69844250650495 0
      vertex 25.79436371839219 25.376917132336004 2.5
      vertex 25.79436371839219 25.376917132336004 0
    endloop
  endfacet
  facet normal 0.6715589548470393 0.74095112535494 -7.351723571911231e-18
    outer loop
      vertex 24.96091270347401 26.060912703473992 0
      vertex 25.360836937099947 25.69844250650495 2.5
      vertex 25.360836937099947 25.69844250650495 0
    endloop
  endfacet
  facet normal 0.7409511253549579 0.6715589548470198 5.4607370076539555e-18
    outer loop
      vertex 24.598442506504966 26.460836937099952 0
      vertex 24.96091270347401 26.060912703473992 2.5
      vertex 24.96091270347401 26.060912703473992 0
    endloop
  endfacet
  facet normal 0.803207531480624 0.5956993044924613 -9.064251867322909e-18
    outer loop
      vertex 24.276917132335996 26.894363718392192 0
      vertex 24.598442506504966 26.460836937099952 2.5
      vertex 24.598442506504966 26.460836937099952 0
    endloop
  endfacet
  facet normal 0.8577286100002782 0.5141027441932112 4.1632367686806604e-18
    outer loop
      vertex 23.99943304608405 27.357317947457016 0
      vertex 24.276917132335996 26.894363718392192 2.5
      vertex 24.276917132335996 26.894363718392192 0
    endloop
  endfacet
  facet normal 0.9039892931234379 0.4275550934302936 1.5198554626395218e-18
    outer loop
      vertex 23.768662571187917 27.84524112199201 0
      vertex 23.99943304608405 27.357317947457016 2.5
      vertex 23.99943304608405 27.357317947457016 0
    endloop
  endfacet
  facet normal 0.9415440651830238 0.33688985339221145 -1.684514044296909e-18
    outer loop
      vertex 23.58682815347285 28.35343427510046 0
      vertex 23.768662571187917 27.84524112199201 2.5
      vertex 23.768662571187917 27.84524112199201 0
    endloop
  endfacet
  facet normal 0.9700312531945513 0.24298017990323453 -1.810841100259367e-18
    outer loop
      vertex 23.45568095778225 28.8770032289113 0
      vertex 23.58682815347285 28.35343427510046 2.5
      vertex 23.58682815347285 28.35343427510046 0
    endloop
  endfacet
  facet normal 0.9891765099647772 0.1467304744553868 1.5148398240996641e-18
    outer loop
      vertex 23.37648400330292 29.41090572818742 0
      vertex 23.45568095778225 28.8770032289113 2.5
      vertex 23.45568095778225 28.8770032289113 0
    endloop
  endfacet
  facet normal 0.9987954562051741 0.04906767432738165 2.5905219131930996e-19
    outer loop
      vertex 23.350000000000023 29.950000000000003 0
      vertex 23.37648400330292 29.41090572818742 2.5
      vertex 23.37648400330292 29.41090572818742 0
    endloop
  endfacet
  facet normal 0.9987954562051741 -0.04906767432738165 -2.5905219131930996e-19
    outer loop
      vertex 23.37648400330292 30.489094271812586 0
      vertex 23.350000000000023 29.950000000000003 2.5
      vertex 23.350000000000023 29.950000000000003 0
    endloop
  endfacet
  facet normal -0.9891765099647811 -0.14673047445536105 -1.4043800509831606e-18
    outer loop
      vertex 34.3235159966971 30.489094271812586 0
      vertex 34.24431904221778 31.022996771088707 2.5
      vertex 34.24431904221778 31.022996771088707 0
    endloop
  endfacet
  facet normal -0.9700312531945391 -0.2429801799032841 -4.579664190079029e-18
    outer loop
      vertex 34.24431904221778 31.022996771088707 0
      vertex 34.11317184652715 31.546565724899544 2.5
      vertex 34.11317184652715 31.546565724899544 0
    endloop
  endfacet
  facet normal -0.9415440651830238 -0.33688985339221145 -1.684514044296909e-18
    outer loop
      vertex 34.11317184652715 31.546565724899544 0
      vertex 33.931337428812085 32.054758878007995 2.5
      vertex 33.931337428812085 32.054758878007995 0
    endloop
  endfacet
  facet normal -0.9039892931234493 -0.4275550934302696 -3.0456391492861016e-18
    outer loop
      vertex 33.931337428812085 32.054758878007995 0
      vertex 33.70056695391597 32.54268205254299 2.5
      vertex 33.70056695391597 32.54268205254299 0
    endloop
  endfacet
  facet normal -0.8577286100002649 -0.5141027441932335 -6.421833456832573e-18
    outer loop
      vertex 33.70056695391597 32.54268205254299 0
      vertex 33.42308286766401 33.00563628160781 2.5
      vertex 33.42308286766401 33.00563628160781 0
    endloop
  endfacet
  facet normal -0.8032075314806468 -0.5956993044924306 -7.281460294615952e-18
    outer loop
      vertex 33.42308286766401 33.00563628160781 0
      vertex 33.101557493495065 33.43916306290005 2.5
      vertex 33.101557493495065 33.43916306290005 0
    endloop
  endfacet
  facet normal -0.7409511253549638 -0.6715589548470131 9.731557200842183e-18
    outer loop
      vertex 33.101557493495065 33.43916306290005 0
      vertex 32.73908729652602 33.83908729652602 2.5
      vertex 32.73908729652602 33.83908729652602 0
    endloop
  endfacet
  facet normal -0.6715589548470131 -0.7409511253549638 9.731557200842183e-18
    outer loop
      vertex 32.73908729652602 33.83908729652602 0
      vertex 32.339163062900056 34.20155749349506 2.5
      vertex 32.339163062900056 34.20155749349506 0
    endloop
  endfacet
  facet normal -0.5956993044924369 -0.8032075314806423 -8.947416772190196e-19
    outer loop
      vertex 32.339163062900056 34.20155749349506 0
      vertex 31.905636281607826 34.523082867664 2.5
      vertex 31.905636281607826 34.523082867664 0
    endloop
  endfacet
  facet normal -0.5141027441932123 -0.8577286100002779 2.7198442558029e-18
    outer loop
      vertex 31.905636281607826 34.523082867664 0
      vertex 31.44268205254299 34.800566953915954 2.5
      vertex 31.44268205254299 34.800566953915954 0
    endloop
  endfacet
  facet normal -0.42755509343029047 -0.9039892931234395 2.0175334524936423e-18
    outer loop
      vertex 31.44268205254299 34.800566953915954 0
      vertex 30.954758878008008 35.03133742881208 2.5
      vertex 30.954758878008008 35.03133742881208 0
    endloop
  endfacet
  facet normal -0.33688985339222316 -0.9415440651830197 -3.688946455147991e-18
    outer loop
      vertex 30.954758878008008 35.03133742881208 0
      vertex 30.446565724899557 35.21317184652715 2.5
      vertex 30.446565724899557 35.21317184652715 0
    endloop
  endfacet
  facet normal -0.2429801799032593 -0.9700312531945451 -3.1952526451692067e-18
    outer loop
      vertex 30.446565724899557 35.21317184652715 0
      vertex 29.92299677108872 35.34431904221777 2.5
      vertex 29.92299677108872 35.34431904221777 0
    endloop
  endfacet
  facet normal -0.14673047445536008 -0.9891765099647812 9.156413962826716e-19
    outer loop
      vertex 29.92299677108872 35.34431904221777 0
      vertex 29.389094271812596 35.423515996697084 2.5
      vertex 29.389094271812596 35.423515996697084 0
    endloop
  endfacet
  facet normal 0.9891765099647772 -0.1467304744553868 -1.5148398240996641e-18
    outer loop
      vertex 23.45568095778225 31.022996771088707 0
      vertex 23.37648400330292 30.489094271812586 2.5
      vertex 23.37648400330292 30.489094271812586 0
    endloop
  endfacet
  facet normal 0.9700312531945513 -0.24298017990323453 1.810841100259367e-18
    outer loop
      vertex 23.58682815347285 31.546565724899544 0
      vertex 23.45568095778225 31.022996771088707 2.5
      vertex 23.45568095778225 31.022996771088707 0
    endloop
  endfacet
  facet normal 0.9415440651830238 -0.33688985339221145 1.684514044296909e-18
    outer loop
      vertex 23.768662571187917 32.054758878007995 0
      vertex 23.58682815347285 31.546565724899544 2.5
      vertex 23.58682815347285 31.546565724899544 0
    endloop
  endfacet
  facet normal 0.9039892931234391 -0.4275550934302911 -7.254482352418867e-19
    outer loop
      vertex 23.99943304608405 32.54268205254299 0
      vertex 23.768662571187917 32.054758878007995 2.5
      vertex 23.768662571187917 32.054758878007995 0
    endloop
  endfacet
  facet normal 0.8577286100002764 -0.5141027441932141 5.751984472771531e-18
    outer loop
      vertex 24.276917132335996 33.00563628160781 0
      vertex 23.99943304608405 32.54268205254299 2.5
      vertex 23.99943304608405 32.54268205254299 0
    endloop
  endfacet
  facet normal 0.8032075314806217 -0.5956993044924647 5.870892558549756e-18
    outer loop
      vertex 24.598442506504966 33.43916306290005 0
      vertex 24.276917132335996 33.00563628160781 2.5
      vertex 24.276917132335996 33.00563628160781 0
    endloop
  endfacet
  facet normal 0.7409511253549638 -0.6715589548470131 -9.731557200842183e-18
    outer loop
      vertex 24.96091270347401 33.83908729652602 0
      vertex 24.598442506504966 33.43916306290005 2.5
      vertex 24.598442506504966 33.43916306290005 0
    endloop
  endfacet
  facet normal 0.6715589548470393 -0.74095112535494 7.351723571911231e-18
    outer loop
      vertex 25.360836937099947 34.20155749349506 0
      vertex 24.96091270347401 33.83908729652602 2.5
      vertex 24.96091270347401 33.83908729652602 0
    endloop
  endfacet
  facet normal 0.049067674327420735 -0.9987954562051723 5.504198360358784e-19
    outer loop
      vertex 28.85000000000001 35.45 0
      vertex 28.31090572818742 35.423515996697084 2.5
      vertex 28.31090572818742 35.423515996697084 0
    endloop
  endfacet
  facet normal 0.14673047445536008 -0.9891765099647812 -9.156413962826716e-19
    outer loop
      vertex 28.31090572818742 35.423515996697084 0
      vertex 27.777003228911298 35.34431904221777 2.5
      vertex 27.777003228911298 35.34431904221777 0
    endloop
  endfacet
  facet normal 0.3368898533922315 -0.9415440651830167 1.6480100200767126e-18
    outer loop
      vertex 27.25343427510046 35.21317184652715 0
      vertex 26.745241121992024 35.03133742881208 2.5
      vertex 26.745241121992024 35.03133742881208 0
    endloop
  endfacet
  facet normal 0.2429801799032593 -0.9700312531945451 3.1952526451692067e-18
    outer loop
      vertex 27.777003228911298 35.34431904221777 0
      vertex 27.25343427510046 35.21317184652715 2.5
      vertex 27.25343427510046 35.21317184652715 0
    endloop
  endfacet
  facet normal 0.5956993044924244 -0.8032075314806516 -6.901242251406122e-18
    outer loop
      vertex 25.79436371839219 34.523082867664 0
      vertex 25.360836937099947 34.20155749349506 2.5
      vertex 25.360836937099947 34.20155749349506 0
    endloop
  endfacet
  facet normal 0.5141027441932239 -0.8577286100002709 -4.1978016169075285e-18
    outer loop
      vertex 26.25731794745701 34.800566953915954 0
      vertex 25.79436371839219 34.523082867664 2.5
      vertex 25.79436371839219 34.523082867664 0
    endloop
  endfacet
  facet normal 0.4275550934302701 -0.9039892931234489 4.337724366537684e-18
    outer loop
      vertex 26.745241121992024 35.03133742881208 0
      vertex 26.25731794745701 34.800566953915954 2.5
      vertex 26.25731794745701 34.800566953915954 0
    endloop
  endfacet
  facet normal -0.049067674327420735 -0.9987954562051723 -5.504198360358784e-19
    outer loop
      vertex 29.389094271812596 35.423515996697084 0
      vertex 28.85000000000001 35.45 2.5
      vertex 28.85000000000001 35.45 0
    endloop
  endfacet
  facet normal -0.5141027441932123 0.8577286100002779 0
    outer loop
      vertex 31.44268205254299 25.09943304608405 0
      vertex 31.44268205254299 25.09943304608405 2.5
      vertex 31.905636281607826 25.376917132336004 2.5
    endloop
  endfacet
  facet normal -0.2429801799032593 0.9700312531945451 0
    outer loop
      vertex 29.92299677108872 24.555680957782236 0
      vertex 29.92299677108872 24.555680957782236 2.5
      vertex 30.446565724899557 24.686828153472852 2.5
    endloop
  endfacet
  facet normal -0.14673047445536008 0.9891765099647812 0
    outer loop
      vertex 29.389094271812596 24.47648400330292 0
      vertex 29.389094271812596 24.47648400330292 2.5
      vertex 29.92299677108872 24.555680957782236 2.5
    endloop
  endfacet
  facet normal -0.42755509343029047 0.9039892931234395 0
    outer loop
      vertex 30.954758878008008 24.868662571187926 0
      vertex 30.954758878008008 24.868662571187926 2.5
      vertex 31.44268205254299 25.09943304608405 2.5
    endloop
  endfacet
  facet normal -0.33688985339222316 0.9415440651830197 0
    outer loop
      vertex 30.446565724899557 24.686828153472852 0
      vertex 30.446565724899557 24.686828153472852 2.5
      vertex 30.954758878008008 24.868662571187926 2.5
    endloop
  endfacet
  facet normal -0.049067674327420735 0.9987954562051723 0
    outer loop
      vertex 28.85000000000001 24.450000000000003 0
      vertex 28.85000000000001 24.450000000000003 2.5
      vertex 29.389094271812596 24.47648400330292 2.5
    endloop
  endfacet
  facet normal 0.049067674327420735 0.9987954562051723 0
    outer loop
      vertex 28.31090572818742 24.47648400330292 0
      vertex 28.31090572818742 24.47648400330292 2.5
      vertex 28.85000000000001 24.450000000000003 2.5
    endloop
  endfacet
  facet normal 0.14673047445536008 0.9891765099647812 0
    outer loop
      vertex 27.777003228911298 24.555680957782236 0
      vertex 27.777003228911298 24.555680957782236 2.5
      vertex 28.31090572818742 24.47648400330292 2.5
    endloop
  endfacet
  facet normal 0.2429801799032593 0.9700312531945451 0
    outer loop
      vertex 27.25343427510046 24.686828153472852 0
      vertex 27.25343427510046 24.686828153472852 2.5
      vertex 27.777003228911298 24.555680957782236 2.5
    endloop
  endfacet
  facet normal 0.3368898533922315 0.9415440651830167 0
    outer loop
      vertex 26.745241121992024 24.868662571187926 0
      vertex 26.745241121992024 24.868662571187926 2.5
      vertex 27.25343427510046 24.686828153472852 2.5
    endloop
  endfacet
  facet normal 0.4275550934302701 0.9039892931234489 0
    outer loop
      vertex 26.25731794745701 25.09943304608405 0
      vertex 26.25731794745701 25.09943304608405 2.5
      vertex 26.745241121992024 24.868662571187926 2.5
    endloop
  endfacet
  facet normal 0.5141027441932239 0.8577286100002709 0
    outer loop
      vertex 25.79436371839219 25.376917132336004 0
      vertex 25.79436371839219 25.376917132336004 2.5
      vertex 26.25731794745701 25.09943304608405 2.5
    endloop
  endfacet
  facet normal -0.5956993044924412 0.8032075314806391 0
    outer loop
      vertex 31.905636281607826 25.376917132336004 0
      vertex 31.905636281607826 25.376917132336004 2.5
      vertex 32.339163062900056 25.69844250650495 2.5
    endloop
  endfacet
  facet normal -0.6715589548470131 0.7409511253549638 0
    outer loop
      vertex 32.339163062900056 25.69844250650495 0
      vertex 32.339163062900056 25.69844250650495 2.5
      vertex 32.73908729652602 26.060912703473992 2.5
    endloop
  endfacet
  facet normal -0.7409511253549579 0.6715589548470198 0
    outer loop
      vertex 32.73908729652602 26.060912703473992 0
      vertex 32.73908729652602 26.060912703473992 2.5
      vertex 33.101557493495065 26.460836937099952 2.5
    endloop
  endfacet
  facet normal -0.8032075314806492 0.5956993044924275 0
    outer loop
      vertex 33.101557493495065 26.460836937099952 0
      vertex 33.101557493495065 26.460836937099952 2.5
      vertex 33.42308286766401 26.894363718392192 2.5
    endloop
  endfacet
  facet normal -0.8577286100002667 0.5141027441932307 0
    outer loop
      vertex 33.42308286766401 26.894363718392192 0
      vertex 33.42308286766401 26.894363718392192 2.5
      vertex 33.70056695391597 27.357317947457016 2.5
    endloop
  endfacet
  facet normal -0.903989293123448 0.42755509343027204 0
    outer loop
      vertex 33.70056695391597 27.357317947457016 0
      vertex 33.70056695391597 27.357317947457016 2.5
      vertex 33.931337428812085 27.84524112199201 2.5
    endloop
  endfacet
  facet normal -0.9415440651830238 0.33688985339221145 0
    outer loop
      vertex 33.931337428812085 27.84524112199201 0
      vertex 33.931337428812085 27.84524112199201 2.5
      vertex 34.11317184652715 28.35343427510046 2.5
    endloop
  endfacet
  facet normal -0.9700312531945391 0.2429801799032841 0
    outer loop
      vertex 34.11317184652715 28.35343427510046 0
      vertex 34.11317184652715 28.35343427510046 2.5
      vertex 34.24431904221778 28.8770032289113 2.5
    endloop
  endfacet
  facet normal -0.9891765099647811 0.14673047445536105 0
    outer loop
      vertex 34.24431904221778 28.8770032289113 0
      vertex 34.24431904221778 28.8770032289113 2.5
      vertex 34.3235159966971 29.41090572818742 2.5
    endloop
  endfacet
  facet normal -0.998795456205173 0.049067674327407926 0
    outer loop
      vertex 34.3235159966971 29.41090572818742 0
      vertex 34.3235159966971 29.41090572818742 2.5
      vertex 34.35000000000001 29.950000000000003 2.5
    endloop
  endfacet
  facet normal -0.998795456205173 -0.049067674327407926 0
    outer loop
      vertex 34.35000000000001 29.950000000000003 0
      vertex 34.35000000000001 29.950000000000003 2.5
      vertex 34.3235159966971 30.489094271812586 2.5
    endloop
  endfacet
  facet normal 0.5956993044924286 0.8032075314806484 0
    outer loop
      vertex 25.360836937099947 25.69844250650495 0
      vertex 25.360836937099947 25.69844250650495 2.5
      vertex 25.79436371839219 25.376917132336004 2.5
    endloop
  endfacet
  facet normal 0.6715589548470393 0.74095112535494 0
    outer loop
      vertex 24.96091270347401 26.060912703473992 0
      vertex 24.96091270347401 26.060912703473992 2.5
      vertex 25.360836937099947 25.69844250650495 2.5
    endloop
  endfacet
  facet normal 0.7409511253549579 0.6715589548470198 0
    outer loop
      vertex 24.598442506504966 26.460836937099952 0
      vertex 24.598442506504966 26.460836937099952 2.5
      vertex 24.96091270347401 26.060912703473992 2.5
    endloop
  endfacet
  facet normal 0.803207531480624 0.5956993044924613 0
    outer loop
      vertex 24.276917132335996 26.894363718392192 0
      vertex 24.276917132335996 26.894363718392192 2.5
      vertex 24.598442506504966 26.460836937099952 2.5
    endloop
  endfacet
  facet normal 0.8577286100002782 0.5141027441932112 0
    outer loop
      vertex 23.99943304608405 27.357317947457016 0
      vertex 23.99943304608405 27.357317947457016 2.5
      vertex 24.276917132335996 26.894363718392192 2.5
    endloop
  endfacet
  facet normal 0.9039892931234379 0.4275550934302936 0
    outer loop
      vertex 23.768662571187917 27.84524112199201 0
      vertex 23.768662571187917 27.84524112199201 2.5
      vertex 23.99943304608405 27.357317947457016 2.5
    endloop
  endfacet
  facet normal 0.9415440651830238 0.33688985339221145 0
    outer loop
      vertex 23.58682815347285 28.35343427510046 0
      vertex 23.58682815347285 28.35343427510046 2.5
      vertex 23.768662571187917 27.84524112199201 2.5
    endloop
  endfacet
  facet normal 0.9700312531945513 0.24298017990323453 0
    outer loop
      vertex 23.45568095778225 28.8770032289113 0
      vertex 23.45568095778225 28.8770032289113 2.5
      vertex 23.58682815347285 28.35343427510046 2.5
    endloop
  endfacet
  facet normal 0.9891765099647772 0.1467304744553868 0
    outer loop
      vertex 23.37648400330292 29.41090572818742 0
      vertex 23.37648400330292 29.41090572818742 2.5
      vertex 23.45568095778225 28.8770032289113 2.5
    endloop
  endfacet
  facet normal 0.9987954562051741 0.04906767432738165 0
    outer loop
      vertex 23.350000000000023 29.950000000000003 0
      vertex 23.350000000000023 29.950000000000003 2.5
      vertex 23.37648400330292 29.41090572818742 2.5
    endloop
  endfacet
  facet normal 0.9987954562051741 -0.04906767432738165 0
    outer loop
      vertex 23.37648400330292 30.489094271812586 0
      vertex 23.37648400330292 30.489094271812586 2.5
      vertex 23.350000000000023 29.950000000000003 2.5
    endloop
  endfacet
  facet normal -0.9891765099647811 -0.14673047445536105 0
    outer loop
      vertex 34.3235159966971 30.489094271812586 0
      vertex 34.3235159966971 30.489094271812586 2.5
      vertex 34.24431904221778 31.022996771088707 2.5
    endloop
  endfacet
  facet normal -0.9700312531945391 -0.2429801799032841 0
    outer loop
      vertex 34.24431904221778 31.022996771088707 0
      vertex 34.24431904221778 31.022996771088707 2.5
      vertex 34.11317184652715 31.546565724899544 2.5
    endloop
  endfacet
  facet normal -0.9415440651830238 -0.33688985339221145 0
    outer loop
      vertex 34.11317184652715 31.546565724899544 0
      vertex 34.11317184652715 31.546565724899544 2.5
      vertex 33.931337428812085 32.054758878007995 2.5
    endloop
  endfacet
  facet normal -0.9039892931234493 -0.4275550934302696 0
    outer loop
      vertex 33.931337428812085 32.054758878007995 0
      vertex 33.931337428812085 32.054758878007995 2.5
      vertex 33.70056695391597 32.54268205254299 2.5
    endloop
  endfacet
  facet normal -0.8577286100002649 -0.5141027441932335 0
    outer loop
      vertex 33.70056695391597 32.54268205254299 0
      vertex 33.70056695391597 32.54268205254299 2.5
      vertex 33.42308286766401 33.00563628160781 2.5
    endloop
  endfacet
  facet normal -0.8032075314806468 -0.5956993044924306 0
    outer loop
      vertex 33.42308286766401 33.00563628160781 0
      vertex 33.42308286766401 33.00563628160781 2.5
      vertex 33.101557493495065 33.43916306290005 2.5
    endloop
  endfacet
  facet normal -0.7409511253549638 -0.6715589548470131 0
    outer loop
      vertex 33.101557493495065 33.43916306290005 0
      vertex 33.101557493495065 33.43916306290005 2.5
      vertex 32.73908729652602 33.83908729652602 2.5
    endloop
  endfacet
  facet normal -0.6715589548470131 -0.7409511253549638 0
    outer loop
      vertex 32.73908729652602 33.83908729652602 0
      vertex 32.73908729652602 33.83908729652602 2.5
      vertex 32.339163062900056 34.20155749349506 2.5
    endloop
  endfacet
  facet normal -0.5956993044924369 -0.8032075314806423 0
    outer loop
      vertex 32.339163062900056 34.20155749349506 0
      vertex 32.339163062900056 34.20155749349506 2.5
      vertex 31.905636281607826 34.523082867664 2.5
    endloop
  endfacet
  facet normal -0.5141027441932123 -0.8577286100002779 0
    outer loop
      vertex 31.905636281607826 34.523082867664 0
      vertex 31.905636281607826 34.523082867664 2.5
      vertex 31.44268205254299 34.800566953915954 2.5
    endloop
  endfacet
  facet normal -0.42755509343029047 -0.9039892931234395 0
    outer loop
      vertex 31.44268205254299 34.800566953915954 0
      vertex 31.44268205254299 34.800566953915954 2.5
      vertex 30.954758878008008 35.03133742881208 2.5
    endloop
  endfacet
  facet normal -0.33688985339222316 -0.9415440651830197 0
    outer loop
      vertex 30.954758878008008 35.03133742881208 0
      vertex 30.954758878008008 35.03133742881208 2.5
      vertex 30.446565724899557 35.21317184652715 2.5
    endloop
  endfacet
  facet normal -0.2429801799032593 -0.9700312531945451 0
    outer loop
      vertex 30.446565724899557 35.21317184652715 0
      vertex 30.446565724899557 35.21317184652715 2.5
      vertex 29.92299677108872 35.34431904221777 2.5
    endloop
  endfacet
  facet normal -0.14673047445536008 -0.9891765099647812 0
    outer loop
      vertex 29.92299677108872 35.34431904221777 0
      vertex 29.92299677108872 35.34431904221777 2.5
      vertex 29.389094271812596 35.423515996697084 2.5
    endloop
  endfacet
  facet normal -0.049067674327420735 -0.9987954562051723 0
    outer loop
      vertex 29.389094271812596 35.423515996697084 0
      vertex 29.389094271812596 35.423515996697084 2.5
      vertex 28.85000000000001 35.45 2.5
    endloop
  endfacet
  facet normal 0.9891765099647772 -0.1467304744553868 0
    outer loop
      vertex 23.45568095778225 31.022996771088707 0
      vertex 23.45568095778225 31.022996771088707 2.5
      vertex 23.37648400330292 30.489094271812586 2.5
    endloop
  endfacet
  facet normal 0.9700312531945513 -0.24298017990323453 0
    outer loop
      vertex 23.58682815347285 31.546565724899544 0
      vertex 23.58682815347285 31.546565724899544 2.5
      vertex 23.45568095778225 31.022996771088707 2.5
    endloop
  endfacet
  facet normal 0.9415440651830238 -0.33688985339221145 0
    outer loop
      vertex 23.768662571187917 32.054758878007995 0
      vertex 23.768662571187917 32.054758878007995 2.5
      vertex 23.58682815347285 31.546565724899544 2.5
    endloop
  endfacet
  facet normal 0.9039892931234391 -0.4275550934302911 0
    outer loop
      vertex 23.99943304608405 32.54268205254299 0
      vertex 23.99943304608405 32.54268205254299 2.5
      vertex 23.768662571187917 32.054758878007995 2.5
    endloop
  endfacet
  facet normal 0.8577286100002764 -0.5141027441932141 0
    outer loop
      vertex 24.276917132335996 33.00563628160781 0
      vertex 24.276917132335996 33.00563628160781 2.5
      vertex 23.99943304608405 32.54268205254299 2.5
    endloop
  endfacet
  facet normal 0.8032075314806217 -0.5956993044924647 0
    outer loop
      vertex 24.598442506504966 33.43916306290005 0
      vertex 24.598442506504966 33.43916306290005 2.5
      vertex 24.276917132335996 33.00563628160781 2.5
    endloop
  endfacet
  facet normal 0.7409511253549638 -0.6715589548470131 0
    outer loop
      vertex 24.96091270347401 33.83908729652602 0
      vertex 24.96091270347401 33.83908729652602 2.5
      vertex 24.598442506504966 33.43916306290005 2.5
    endloop
  endfacet
  facet normal 0.6715589548470393 -0.74095112535494 0
    outer loop
      vertex 25.360836937099947 34.20155749349506 0
      vertex 25.360836937099947 34.20155749349506 2.5
      vertex 24.96091270347401 33.83908729652602 2.5
    endloop
  endfacet
  facet normal 0.14673047445536008 -0.9891765099647812 0
    outer loop
      vertex 28.31090572818742 35.423515996697084 0
      vertex 28.31090572818742 35.423515996697084 2.5
      vertex 27.777003228911298 35.34431904221777 2.5
    endloop
  endfacet
  facet normal 0.2429801799032593 -0.9700312531945451 0
    outer loop
      vertex 27.777003228911298 35.34431904221777 0
      vertex 27.777003228911298 35.34431904221777 2.5
      vertex 27.25343427510046 35.21317184652715 2.5
    endloop
  endfacet
  facet normal 0.3368898533922315 -0.9415440651830167 0
    outer loop
      vertex 27.25343427510046 35.21317184652715 0
      vertex 27.25343427510046 35.21317184652715 2.5
      vertex 26.745241121992024 35.03133742881208 2.5
    endloop
  endfacet
  facet normal 0.5956993044924244 -0.8032075314806516 0
    outer loop
      vertex 25.79436371839219 34.523082867664 0
      vertex 25.79436371839219 34.523082867664 2.5
      vertex 25.360836937099947 34.20155749349506 2.5
    endloop
  endfacet
  facet normal 0.5141027441932239 -0.8577286100002709 0
    outer loop
      vertex 26.25731794745701 34.800566953915954 0
      vertex 26.25731794745701 34.800566953915954 2.5
      vertex 25.79436371839219 34.523082867664 2.5
    endloop
  endfacet
  facet normal 0.4275550934302701 -0.9039892931234489 0
    outer loop
      vertex 26.745241121992024 35.03133742881208 0
      vertex 26.745241121992024 35.03133742881208 2.5
      vertex 26.25731794745701 34.800566953915954 2.5
    endloop
  endfacet
  facet normal 0.049067674327420735 -0.9987954562051723 0
    outer loop
      vertex 28.85000000000001 35.45 0
      vertex 28.85000000000001 35.45 2.5
      vertex 28.31090572818742 35.423515996697084 2.5
    endloop
  endfacet
  facet normal -0.24298017990326415 0.9700312531945439 0
    outer loop
      vertex 15.561138709017854 3.7222386570711636 2.5
      vertex 15.561138709017854 3.7222386570711636 0
      vertex 15.180361288064518 3.626858878387077 0
    endloop
  endfacet
  facet normal -0.1467304744553619 0.9891765099647809 0
    outer loop
      vertex 15.180361288064518 3.626858878387077 2.5
      vertex 15.180361288064518 3.626858878387077 0
      vertex 14.792068561318246 3.569261093311211 0
    endloop
  endfacet
  facet normal -0.04906767432741788 0.9987954562051724 0
    outer loop
      vertex 14.792068561318246 3.569261093311211 2.5
      vertex 14.792068561318246 3.569261093311211 0
      vertex 14.400000000000006 3.549999999999999 0
    endloop
  endfacet
  facet normal -0.671558954847013 0.7409511253549641 5.483593096544728e-18
    outer loop
      vertex 16.937573136654578 4.457958186549051 0
      vertex 17.22842712474619 4.721572875253809 2.5
      vertex 17.22842712474619 4.721572875253809 0
    endloop
  endfacet
  facet normal -0.7409511253549522 0.671558954847026 -3.9737877795438445e-18
    outer loop
      vertex 17.22842712474619 4.721572875253809 0
      vertex 17.492041813450953 5.012426863345417 2.5
      vertex 17.492041813450953 5.012426863345417 0
    endloop
  endfacet
  facet normal -0.3368898533922136 0.9415440651830231 0
    outer loop
      vertex 15.930733729460371 3.854481869954852 2.5
      vertex 15.930733729460371 3.854481869954852 0
      vertex 15.561138709017854 3.7222386570711636 0
    endloop
  endfacet
  facet normal -0.427555093430302 0.9039892931234339 0
    outer loop
      vertex 16.285586947303983 4.022314942606579 2.5
      vertex 16.285586947303983 4.022314942606579 0
      vertex 15.930733729460371 3.854481869954852 0
    endloop
  endfacet
  facet normal -0.5141027441932097 0.8577286100002792 0
    outer loop
      vertex 16.62228093207841 4.2241215507898175 2.5
      vertex 16.62228093207841 4.2241215507898175 0
      vertex 16.285586947303983 4.022314942606579 0
    endloop
  endfacet
  facet normal -0.595699304492442 0.8032075314806385 0
    outer loop
      vertex 16.937573136654578 4.457958186549051 2.5
      vertex 16.937573136654578 4.457958186549051 0
      vertex 16.62228093207841 4.2241215507898175 0
    endloop
  endfacet
  facet normal 0.04906767432741788 0.9987954562051724 0
    outer loop
      vertex 14.400000000000006 3.549999999999999 2.5
      vertex 14.400000000000006 3.549999999999999 0
      vertex 14.007931438681766 3.569261093311211 0
    endloop
  endfacet
  facet normal 0.1467304744553619 0.9891765099647809 0
    outer loop
      vertex 14.007931438681766 3.569261093311211 2.5
      vertex 14.007931438681766 3.569261093311211 0
      vertex 13.619638711935494 3.626858878387077 0
    endloop
  endfacet
  facet normal 0.24298017990326415 0.9700312531945439 -1.5854957835059792e-18
    outer loop
      vertex 13.238861290982157 3.7222386570711636 0
      vertex 13.619638711935494 3.626858878387077 2.5
      vertex 13.619638711935494 3.626858878387077 0
    endloop
  endfacet
  facet normal 0.3368898533922136 0.9415440651830231 -1.137027537352201e-19
    outer loop
      vertex 12.86926627053964 3.854481869954852 0
      vertex 13.238861290982157 3.7222386570711636 2.5
      vertex 13.238861290982157 3.7222386570711636 0
    endloop
  endfacet
  facet normal 0.427555093430302 0.9039892931234339 1.1673996903338648e-18
    outer loop
      vertex 12.514413052696028 4.022314942606579 0
      vertex 12.86926627053964 3.854481869954852 2.5
      vertex 12.86926627053964 3.854481869954852 0
    endloop
  endfacet
  facet normal 0.5141027441932097 0.8577286100002792 -1.9212859366309547e-18
    outer loop
      vertex 12.1777190679216 4.2241215507898175 0
      vertex 12.514413052696028 4.022314942606579 2.5
      vertex 12.514413052696028 4.022314942606579 0
    endloop
  endfacet
  facet normal 0.595699304492442 0.8032075314806385 4.293296136387794e-18
    outer loop
      vertex 11.862426863345434 4.457958186549051 0
      vertex 12.1777190679216 4.2241215507898175 2.5
      vertex 12.1777190679216 4.2241215507898175 0
    endloop
  endfacet
  facet normal 0.671558954847013 0.7409511253549641 -5.483593096544728e-18
    outer loop
      vertex 11.571572875253821 4.721572875253809 0
      vertex 11.862426863345434 4.457958186549051 2.5
      vertex 11.862426863345434 4.457958186549051 0
    endloop
  endfacet
  facet normal 0.7409511253549522 0.671558954847026 3.9737877795438445e-18
    outer loop
      vertex 11.307958186549058 5.012426863345417 0
      vertex 11.571572875253821 4.721572875253809 2.5
      vertex 11.571572875253821 4.721572875253809 0
    endloop
  endfacet
  facet normal -0.803207531480629 0.5956993044924549 -6.076295533752631e-19
    outer loop
      vertex 17.492041813450953 5.012426863345417 0
      vertex 17.7258784492102 5.32771906792159 2.5
      vertex 17.7258784492102 5.32771906792159 0
    endloop
  endfacet
  facet normal -0.8577286100002788 0.5141027441932107 -3.202769586311103e-18
    outer loop
      vertex 17.7258784492102 5.32771906792159 0
      vertex 17.927685057393433 5.664413052696008 2.5
      vertex 17.927685057393433 5.664413052696008 0
    endloop
  endfacet
  facet normal -0.9415440651830282 0.3368898533921993 -3.4123059773596482e-18
    outer loop
      vertex 18.09551813004515 6.01926627053964 0
      vertex 18.22776134292883 6.38886129098215 2.5
      vertex 18.22776134292883 6.38886129098215 0
    endloop
  endfacet
  facet normal -0.9039892931234527 0.42755509343026243 -1.2762758877862548e-18
    outer loop
      vertex 17.927685057393433 5.664413052696008 0
      vertex 18.09551813004515 6.01926627053964 2.5
      vertex 18.09551813004515 6.01926627053964 0
    endloop
  endfacet
  facet normal -0.9700312531945328 0.24298017990330886 -1.739819354654569e-18
    outer loop
      vertex 18.22776134292883 6.38886129098215 0
      vertex 18.323141121612935 6.769638711935486 2.5
      vertex 18.323141121612935 6.769638711935486 0
    endloop
  endfacet
  facet normal -0.9891765099647792 0.14673047445537363 -5.090089362933633e-19
    outer loop
      vertex 18.323141121612935 6.769638711935486 0
      vertex 18.380738906688805 7.157931438681756 2.5
      vertex 18.380738906688805 7.157931438681756 0
    endloop
  endfacet
  facet normal -0.9987954562051738 0.04906767432738821 -3.616219405306328e-19
    outer loop
      vertex 18.380738906688805 7.157931438681756 0
      vertex 18.400000000000006 7.549999999999999 2.5
      vertex 18.400000000000006 7.549999999999999 0
    endloop
  endfacet
  facet normal 0.803207531480629 0.5956993044924549 6.076295533752631e-19
    outer loop
      vertex 11.074121550789812 5.32771906792159 0
      vertex 11.307958186549058 5.012426863345417 2.5
      vertex 11.307958186549058 5.012426863345417 0
    endloop
  endfacet
  facet normal 0.8577286100002788 0.5141027441932107 3.202769586311103e-18
    outer loop
      vertex 10.872314942606579 5.664413052696008 0
      vertex 11.074121550789812 5.32771906792159 2.5
      vertex 11.074121550789812 5.32771906792159 0
    endloop
  endfacet
  facet normal 0.9039892931234527 0.42755509343026243 1.2762758877862548e-18
    outer loop
      vertex 10.704481869954861 6.01926627053964 0
      vertex 10.872314942606579 5.664413052696008 2.5
      vertex 10.872314942606579 5.664413052696008 0
    endloop
  endfacet
  facet normal 0.9415440651830282 0.3368898533921993 3.4123059773596482e-18
    outer loop
      vertex 10.572238657071182 6.38886129098215 0
      vertex 10.704481869954861 6.01926627053964 2.5
      vertex 10.704481869954861 6.01926627053964 0
    endloop
  endfacet
  facet normal 0.9700312531945328 0.24298017990330886 1.739819354654569e-18
    outer loop
      vertex 10.476858878387077 6.769638711935486 0
      vertex 10.572238657071182 6.38886129098215 2.5
      vertex 10.572238657071182 6.38886129098215 0
    endloop
  endfacet
  facet normal 0.9891765099647792 0.14673047445537363 5.090089362933633e-19
    outer loop
      vertex 10.419261093311206 7.157931438681756 0
      vertex 10.476858878387077 6.769638711935486 2.5
      vertex 10.476858878387077 6.769638711935486 0
    endloop
  endfacet
  facet normal 0.9987954562051738 0.04906767432738821 3.616219405306328e-19
    outer loop
      vertex 10.400000000000006 7.549999999999999 0
      vertex 10.419261093311206 7.157931438681756 2.5
      vertex 10.419261093311206 7.157931438681756 0
    endloop
  endfacet
  facet normal -1 0 0
    outer loop
      vertex 18.400000000000006 7.549999999999999 0
      vertex 18.400000000000006 8.549999999999999 2.5
      vertex 18.400000000000006 8.549999999999999 0
    endloop
  endfacet
  facet normal -0.9987954562051738 -0.04906767432738832 1.1711540520145717e-19
    outer loop
      vertex 18.400000000000006 8.549999999999999 0
      vertex 18.380738906688805 8.94206856131824 2.5
      vertex 18.380738906688805 8.94206856131824 0
    endloop
  endfacet
  facet normal -0.9891765099647793 -0.14673047445537296 -1.2235551911888636e-18
    outer loop
      vertex 18.380738906688805 8.94206856131824 0
      vertex 18.323141121612935 9.330361288064513 2.5
      vertex 18.323141121612935 9.330361288064513 0
    endloop
  endfacet
  facet normal -0.9700312531945328 -0.24298017990330886 1.739819354654569e-18
    outer loop
      vertex 18.323141121612935 9.330361288064513 0
      vertex 18.22776134292883 9.711138709017849 2.5
      vertex 18.22776134292883 9.711138709017849 0
    endloop
  endfacet
  facet normal -0.9415440651830282 -0.3368898533921993 3.4123059773596482e-18
    outer loop
      vertex 18.22776134292883 9.711138709017849 0
      vertex 18.09551813004515 10.08073372946036 2.5
      vertex 18.09551813004515 10.08073372946036 0
    endloop
  endfacet
  facet normal 1 0 0
    outer loop
      vertex 10.400000000000006 8.549999999999999 0
      vertex 10.400000000000006 7.549999999999999 2.5
      vertex 10.400000000000006 7.549999999999999 0
    endloop
  endfacet
  facet normal 0.9987954562051738 -0.04906767432738832 -1.1711540520145717e-19
    outer loop
      vertex 10.419261093311206 8.94206856131824 0
      vertex 10.400000000000006 8.549999999999999 2.5
      vertex 10.400000000000006 8.549999999999999 0
    endloop
  endfacet
  facet normal 0.9891765099647793 -0.14673047445537296 1.2235551911888636e-18
    outer loop
      vertex 10.476858878387077 9.330361288064513 0
      vertex 10.419261093311206 8.94206856131824 2.5
      vertex 10.419261093311206 8.94206856131824 0
    endloop
  endfacet
  facet normal 0.9700312531945328 -0.24298017990330886 -1.739819354654569e-18
    outer loop
      vertex 10.572238657071182 9.711138709017849 0
      vertex 10.476858878387077 9.330361288064513 2.5
      vertex 10.476858878387077 9.330361288064513 0
    endloop
  endfacet
  facet normal 0.9415440651830282 -0.3368898533921993 -3.4123059773596482e-18
    outer loop
      vertex 10.704481869954861 10.08073372946036 0
      vertex 10.572238657071182 9.711138709017849 2.5
      vertex 10.572238657071182 9.711138709017849 0
    endloop
  endfacet
  facet normal -0.9039892931234518 -0.4275550934302642 1.0306850901001707e-18
    outer loop
      vertex 18.09551813004515 10.08073372946036 0
      vertex 17.927685057393433 10.435586947303989 2.5
      vertex 17.927685057393433 10.435586947303989 0
    endloop
  endfacet
  facet normal -0.8577286100002793 -0.5141027441932097 4.395986073960434e-18
    outer loop
      vertex 17.927685057393433 10.435586947303989 0
      vertex 17.7258784492102 10.772280932078408 2.5
      vertex 17.7258784492102 10.772280932078408 0
    endloop
  endfacet
  facet normal -0.8032075314806281 -0.5956993044924559 1.2038055785023134e-19
    outer loop
      vertex 17.7258784492102 10.772280932078408 0
      vertex 17.492041813450953 11.08757313665458 2.5
      vertex 17.492041813450953 11.08757313665458 0
    endloop
  endfacet
  facet normal -0.7409511253549532 -0.6715589548470249 5.793229126401368e-18
    outer loop
      vertex 17.492041813450953 11.08757313665458 0
      vertex 17.22842712474619 11.378427124746189 2.5
      vertex 17.22842712474619 11.378427124746189 0
    endloop
  endfacet
  facet normal -0.671558954847013 -0.7409511253549641 -5.483593096544728e-18
    outer loop
      vertex 17.22842712474619 11.378427124746189 0
      vertex 16.937573136654578 11.642041813450946 2.5
      vertex 16.937573136654578 11.642041813450946 0
    endloop
  endfacet
  facet normal -0.595699304492442 -0.8032075314806385 4.293296136387794e-18
    outer loop
      vertex 16.937573136654578 11.642041813450946 0
      vertex 16.62228093207841 11.87587844921018 2.5
      vertex 16.62228093207841 11.87587844921018 0
    endloop
  endfacet
  facet normal -0.5141027441932097 -0.8577286100002792 -1.9212859366309547e-18
    outer loop
      vertex 16.62228093207841 11.87587844921018 0
      vertex 16.285586947303983 12.077685057393419 2.5
      vertex 16.285586947303983 12.077685057393419 0
    endloop
  endfacet
  facet normal -0.4275550934303002 -0.9039892931234348 -2.925059739361427e-18
    outer loop
      vertex 16.285586947303983 12.077685057393419 0
      vertex 15.930733729460371 12.245518130045145 2.5
      vertex 15.930733729460371 12.245518130045145 0
    endloop
  endfacet
  facet normal -0.3368898533922176 -0.9415440651830216 2.5991612003221374e-18
    outer loop
      vertex 15.930733729460371 12.245518130045145 0
      vertex 15.561138709017854 12.377761342928835 2.5
      vertex 15.561138709017854 12.377761342928835 0
    endloop
  endfacet
  facet normal -0.242980179903262 -0.9700312531945444 -3.427353296019645e-18
    outer loop
      vertex 15.561138709017854 12.377761342928835 0
      vertex 15.180361288064518 12.47314112161292 2.5
      vertex 15.180361288064518 12.47314112161292 0
    endloop
  endfacet
  facet normal -0.14673047445535967 -0.9891765099647812 2.529150010964755e-19
    outer loop
      vertex 15.180361288064518 12.47314112161292 0
      vertex 14.792068561318246 12.530738906688786 2.5
      vertex 14.792068561318246 12.530738906688786 0
    endloop
  endfacet
  facet normal 0.8577286100002793 -0.5141027441932097 -4.395986073960434e-18
    outer loop
      vertex 11.074121550789812 10.772280932078408 0
      vertex 10.872314942606579 10.435586947303989 2.5
      vertex 10.872314942606579 10.435586947303989 0
    endloop
  endfacet
  facet normal 0.9039892931234518 -0.4275550934302642 -1.0306850901001707e-18
    outer loop
      vertex 10.872314942606579 10.435586947303989 0
      vertex 10.704481869954861 10.08073372946036 2.5
      vertex 10.704481869954861 10.08073372946036 0
    endloop
  endfacet
  facet normal 0.8032075314806281 -0.5956993044924559 -1.2038055785023134e-19
    outer loop
      vertex 11.307958186549058 11.08757313665458 0
      vertex 11.074121550789812 10.772280932078408 2.5
      vertex 11.074121550789812 10.772280932078408 0
    endloop
  endfacet
  facet normal 0.7409511253549532 -0.6715589548470249 -5.793229126401368e-18
    outer loop
      vertex 11.571572875253821 11.378427124746189 0
      vertex 11.307958186549058 11.08757313665458 2.5
      vertex 11.307958186549058 11.08757313665458 0
    endloop
  endfacet
  facet normal 0.5141027441932097 -0.8577286100002792 1.9212859366309547e-18
    outer loop
      vertex 12.514413052696028 12.077685057393419 0
      vertex 12.1777190679216 11.87587844921018 2.5
      vertex 12.1777190679216 11.87587844921018 0
    endloop
  endfacet
  facet normal -0.049067674327420145 -0.9987954562051723 -1.0223300726859149e-19
    outer loop
      vertex 14.792068561318246 12.530738906688786 0
      vertex 14.400000000000006 12.549999999999999 2.5
      vertex 14.400000000000006 12.549999999999999 0
    endloop
  endfacet
  facet normal 0.049067674327420145 -0.9987954562051723 1.0223300726859149e-19
    outer loop
      vertex 14.400000000000006 12.549999999999999 0
      vertex 14.007931438681766 12.530738906688786 2.5
      vertex 14.007931438681766 12.530738906688786 0
    endloop
  endfacet
  facet normal 0.14673047445535967 -0.9891765099647812 -2.529150010964755e-19
    outer loop
      vertex 14.007931438681766 12.530738906688786 0
      vertex 13.619638711935494 12.47314112161292 2.5
      vertex 13.619638711935494 12.47314112161292 0
    endloop
  endfacet
  facet normal 0.242980179903262 -0.9700312531945444 3.427353296019645e-18
    outer loop
      vertex 13.619638711935494 12.47314112161292 0
      vertex 13.238861290982157 12.377761342928835 2.5
      vertex 13.238861290982157 12.377761342928835 0
    endloop
  endfacet
  facet normal 0.3368898533922176 -0.9415440651830216 -2.5991612003221374e-18
    outer loop
      vertex 13.238861290982157 12.377761342928835 0
      vertex 12.86926627053964 12.245518130045145 2.5
      vertex 12.86926627053964 12.245518130045145 0
    endloop
  endfacet
  facet normal 0.4275550934303002 -0.9039892931234348 2.925059739361427e-18
    outer loop
      vertex 12.86926627053964 12.245518130045145 0
      vertex 12.514413052696028 12.077685057393419 2.5
      vertex 12.514413052696028 12.077685057393419 0
    endloop
  endfacet
  facet normal 0.671558954847013 -0.7409511253549641 5.483593096544728e-18
    outer loop
      vertex 11.862426863345434 11.642041813450946 0
      vertex 11.571572875253821 11.378427124746189 2.5
      vertex 11.571572875253821 11.378427124746189 0
    endloop
  endfacet
  facet normal 0.595699304492442 -0.8032075314806385 -4.293296136387794e-18
    outer loop
      vertex 12.1777190679216 11.87587844921018 0
      vertex 11.862426863345434 11.642041813450946 2.5
      vertex 11.862426863345434 11.642041813450946 0
    endloop
  endfacet
  facet normal -0.3368898533922136 0.9415440651830231 1.137027537352201e-19
    outer loop
      vertex 15.930733729460371 3.854481869954852 2.5
      vertex 15.561138709017854 3.7222386570711636 0
      vertex 15.561138709017854 3.7222386570711636 2.5
    endloop
  endfacet
  facet normal -0.24298017990326415 0.9700312531945439 1.5854957835059792e-18
    outer loop
      vertex 15.561138709017854 3.7222386570711636 2.5
      vertex 15.180361288064518 3.626858878387077 0
      vertex 15.180361288064518 3.626858878387077 2.5
    endloop
  endfacet
  facet normal -0.1467304744553619 0.9891765099647809 1.17161978510529e-18
    outer loop
      vertex 15.180361288064518 3.626858878387077 2.5
      vertex 14.792068561318246 3.569261093311211 0
      vertex 14.792068561318246 3.569261093311211 2.5
    endloop
  endfacet
  facet normal -0.671558954847013 0.7409511253549641 0
    outer loop
      vertex 16.937573136654578 4.457958186549051 0
      vertex 16.937573136654578 4.457958186549051 2.5
      vertex 17.22842712474619 4.721572875253809 2.5
    endloop
  endfacet
  facet normal -0.7409511253549522 0.671558954847026 0
    outer loop
      vertex 17.22842712474619 4.721572875253809 0
      vertex 17.22842712474619 4.721572875253809 2.5
      vertex 17.492041813450953 5.012426863345417 2.5
    endloop
  endfacet
  facet normal -0.5141027441932097 0.8577286100002792 1.9212859366309547e-18
    outer loop
      vertex 16.62228093207841 4.2241215507898175 2.5
      vertex 16.285586947303983 4.022314942606579 0
      vertex 16.285586947303983 4.022314942606579 2.5
    endloop
  endfacet
  facet normal -0.427555093430302 0.9039892931234339 -1.1673996903338648e-18
    outer loop
      vertex 16.285586947303983 4.022314942606579 2.5
      vertex 15.930733729460371 3.854481869954852 0
      vertex 15.930733729460371 3.854481869954852 2.5
    endloop
  endfacet
  facet normal -0.595699304492442 0.8032075314806385 -4.293296136387794e-18
    outer loop
      vertex 16.937573136654578 4.457958186549051 2.5
      vertex 16.62228093207841 4.2241215507898175 0
      vertex 16.62228093207841 4.2241215507898175 2.5
    endloop
  endfacet
  facet normal -0.04906767432741788 0.9987954562051724 -3.2042638924007624e-19
    outer loop
      vertex 14.792068561318246 3.569261093311211 2.5
      vertex 14.400000000000006 3.549999999999999 0
      vertex 14.400000000000006 3.549999999999999 2.5
    endloop
  endfacet
  facet normal 0.04906767432741788 0.9987954562051724 3.2042638924007624e-19
    outer loop
      vertex 14.400000000000006 3.549999999999999 2.5
      vertex 14.007931438681766 3.569261093311211 0
      vertex 14.007931438681766 3.569261093311211 2.5
    endloop
  endfacet
  facet normal 0.1467304744553619 0.9891765099647809 -1.17161978510529e-18
    outer loop
      vertex 14.007931438681766 3.569261093311211 2.5
      vertex 13.619638711935494 3.626858878387077 0
      vertex 13.619638711935494 3.626858878387077 2.5
    endloop
  endfacet
  facet normal 0.24298017990326415 0.9700312531945439 0
    outer loop
      vertex 13.238861290982157 3.7222386570711636 0
      vertex 13.238861290982157 3.7222386570711636 2.5
      vertex 13.619638711935494 3.626858878387077 2.5
    endloop
  endfacet
  facet normal 0.3368898533922136 0.9415440651830231 0
    outer loop
      vertex 12.86926627053964 3.854481869954852 0
      vertex 12.86926627053964 3.854481869954852 2.5
      vertex 13.238861290982157 3.7222386570711636 2.5
    endloop
  endfacet
  facet normal 0.427555093430302 0.9039892931234339 0
    outer loop
      vertex 12.514413052696028 4.022314942606579 0
      vertex 12.514413052696028 4.022314942606579 2.5
      vertex 12.86926627053964 3.854481869954852 2.5
    endloop
  endfacet
  facet normal 0.5141027441932097 0.8577286100002792 0
    outer loop
      vertex 12.1777190679216 4.2241215507898175 0
      vertex 12.1777190679216 4.2241215507898175 2.5
      vertex 12.514413052696028 4.022314942606579 2.5
    endloop
  endfacet
  facet normal 0.595699304492442 0.8032075314806385 0
    outer loop
      vertex 11.862426863345434 4.457958186549051 0
      vertex 11.862426863345434 4.457958186549051 2.5
      vertex 12.1777190679216 4.2241215507898175 2.5
    endloop
  endfacet
  facet normal 0.671558954847013 0.7409511253549641 0
    outer loop
      vertex 11.571572875253821 4.721572875253809 0
      vertex 11.571572875253821 4.721572875253809 2.5
      vertex 11.862426863345434 4.457958186549051 2.5
    endloop
  endfacet
  facet normal 0.7409511253549522 0.671558954847026 0
    outer loop
      vertex 11.307958186549058 5.012426863345417 0
      vertex 11.307958186549058 5.012426863345417 2.5
      vertex 11.571572875253821 4.721572875253809 2.5
    endloop
  endfacet
  facet normal -0.803207531480629 0.5956993044924549 0
    outer loop
      vertex 17.492041813450953 5.012426863345417 0
      vertex 17.492041813450953 5.012426863345417 2.5
      vertex 17.7258784492102 5.32771906792159 2.5
    endloop
  endfacet
  facet normal -0.8577286100002788 0.5141027441932107 0
    outer loop
      vertex 17.7258784492102 5.32771906792159 0
      vertex 17.7258784492102 5.32771906792159 2.5
      vertex 17.927685057393433 5.664413052696008 2.5
    endloop
  endfacet
  facet normal -0.9039892931234527 0.42755509343026243 0
    outer loop
      vertex 17.927685057393433 5.664413052696008 0
      vertex 17.927685057393433 5.664413052696008 2.5
      vertex 18.09551813004515 6.01926627053964 2.5
    endloop
  endfacet
  facet normal -0.9415440651830282 0.3368898533921993 0
    outer loop
      vertex 18.09551813004515 6.01926627053964 0
      vertex 18.09551813004515 6.01926627053964 2.5
      vertex 18.22776134292883 6.38886129098215 2.5
    endloop
  endfacet
  facet normal -0.9700312531945328 0.24298017990330886 0
    outer loop
      vertex 18.22776134292883 6.38886129098215 0
      vertex 18.22776134292883 6.38886129098215 2.5
      vertex 18.323141121612935 6.769638711935486 2.5
    endloop
  endfacet
  facet normal -0.9891765099647792 0.14673047445537363 0
    outer loop
      vertex 18.323141121612935 6.769638711935486 0
      vertex 18.323141121612935 6.769638711935486 2.5
      vertex 18.380738906688805 7.157931438681756 2.5
    endloop
  endfacet
  facet normal -0.9987954562051738 0.04906767432738821 0
    outer loop
      vertex 18.380738906688805 7.157931438681756 0
      vertex 18.380738906688805 7.157931438681756 2.5
      vertex 18.400000000000006 7.549999999999999 2.5
    endloop
  endfacet
  facet normal 0.803207531480629 0.5956993044924549 0
    outer loop
      vertex 11.074121550789812 5.32771906792159 0
      vertex 11.074121550789812 5.32771906792159 2.5
      vertex 11.307958186549058 5.012426863345417 2.5
    endloop
  endfacet
  facet normal 0.8577286100002788 0.5141027441932107 0
    outer loop
      vertex 10.872314942606579 5.664413052696008 0
      vertex 10.872314942606579 5.664413052696008 2.5
      vertex 11.074121550789812 5.32771906792159 2.5
    endloop
  endfacet
  facet normal 0.9039892931234527 0.42755509343026243 0
    outer loop
      vertex 10.704481869954861 6.01926627053964 0
      vertex 10.704481869954861 6.01926627053964 2.5
      vertex 10.872314942606579 5.664413052696008 2.5
    endloop
  endfacet
  facet normal 0.9415440651830282 0.3368898533921993 0
    outer loop
      vertex 10.572238657071182 6.38886129098215 0
      vertex 10.572238657071182 6.38886129098215 2.5
      vertex 10.704481869954861 6.01926627053964 2.5
    endloop
  endfacet
  facet normal 0.9700312531945328 0.24298017990330886 0
    outer loop
      vertex 10.476858878387077 6.769638711935486 0
      vertex 10.476858878387077 6.769638711935486 2.5
      vertex 10.572238657071182 6.38886129098215 2.5
    endloop
  endfacet
  facet normal 0.9891765099647792 0.14673047445537363 0
    outer loop
      vertex 10.419261093311206 7.157931438681756 0
      vertex 10.419261093311206 7.157931438681756 2.5
      vertex 10.476858878387077 6.769638711935486 2.5
    endloop
  endfacet
  facet normal 0.9987954562051738 0.04906767432738821 0
    outer loop
      vertex 10.400000000000006 7.549999999999999 0
      vertex 10.400000000000006 7.549999999999999 2.5
      vertex 10.419261093311206 7.157931438681756 2.5
    endloop
  endfacet
  facet normal -1 0 0
    outer loop
      vertex 18.400000000000006 7.549999999999999 0
      vertex 18.400000000000006 7.549999999999999 2.5
      vertex 18.400000000000006 8.549999999999999 2.5
    endloop
  endfacet
  facet normal -0.9987954562051738 -0.04906767432738832 0
    outer loop
      vertex 18.400000000000006 8.549999999999999 0
      vertex 18.400000000000006 8.549999999999999 2.5
      vertex 18.380738906688805 8.94206856131824 2.5
    endloop
  endfacet
  facet normal -0.9891765099647793 -0.14673047445537296 0
    outer loop
      vertex 18.380738906688805 8.94206856131824 0
      vertex 18.380738906688805 8.94206856131824 2.5
      vertex 18.323141121612935 9.330361288064513 2.5
    endloop
  endfacet
  facet normal -0.9700312531945328 -0.24298017990330886 0
    outer loop
      vertex 18.323141121612935 9.330361288064513 0
      vertex 18.323141121612935 9.330361288064513 2.5
      vertex 18.22776134292883 9.711138709017849 2.5
    endloop
  endfacet
  facet normal -0.9415440651830282 -0.3368898533921993 0
    outer loop
      vertex 18.22776134292883 9.711138709017849 0
      vertex 18.22776134292883 9.711138709017849 2.5
      vertex 18.09551813004515 10.08073372946036 2.5
    endloop
  endfacet
  facet normal 1 0 0
    outer loop
      vertex 10.400000000000006 8.549999999999999 0
      vertex 10.400000000000006 8.549999999999999 2.5
      vertex 10.400000000000006 7.549999999999999 2.5
    endloop
  endfacet
  facet normal 0.9987954562051738 -0.04906767432738832 0
    outer loop
      vertex 10.419261093311206 8.94206856131824 0
      vertex 10.419261093311206 8.94206856131824 2.5
      vertex 10.400000000000006 8.549999999999999 2.5
    endloop
  endfacet
  facet normal 0.9891765099647793 -0.14673047445537296 0
    outer loop
      vertex 10.476858878387077 9.330361288064513 0
      vertex 10.476858878387077 9.330361288064513 2.5
      vertex 10.419261093311206 8.94206856131824 2.5
    endloop
  endfacet
  facet normal 0.9700312531945328 -0.24298017990330886 0
    outer loop
      vertex 10.572238657071182 9.711138709017849 0
      vertex 10.572238657071182 9.711138709017849 2.5
      vertex 10.476858878387077 9.330361288064513 2.5
    endloop
  endfacet
  facet normal 0.9415440651830282 -0.3368898533921993 0
    outer loop
      vertex 10.704481869954861 10.08073372946036 0
      vertex 10.704481869954861 10.08073372946036 2.5
      vertex 10.572238657071182 9.711138709017849 2.5
    endloop
  endfacet
  facet normal -0.9039892931234518 -0.4275550934302642 0
    outer loop
      vertex 18.09551813004515 10.08073372946036 0
      vertex 18.09551813004515 10.08073372946036 2.5
      vertex 17.927685057393433 10.435586947303989 2.5
    endloop
  endfacet
  facet normal -0.8577286100002793 -0.5141027441932097 0
    outer loop
      vertex 17.927685057393433 10.435586947303989 0
      vertex 17.927685057393433 10.435586947303989 2.5
      vertex 17.7258784492102 10.772280932078408 2.5
    endloop
  endfacet
  facet normal -0.8032075314806281 -0.5956993044924559 0
    outer loop
      vertex 17.7258784492102 10.772280932078408 0
      vertex 17.7258784492102 10.772280932078408 2.5
      vertex 17.492041813450953 11.08757313665458 2.5
    endloop
  endfacet
  facet normal -0.7409511253549532 -0.6715589548470249 0
    outer loop
      vertex 17.492041813450953 11.08757313665458 0
      vertex 17.492041813450953 11.08757313665458 2.5
      vertex 17.22842712474619 11.378427124746189 2.5
    endloop
  endfacet
  facet normal -0.671558954847013 -0.7409511253549641 0
    outer loop
      vertex 17.22842712474619 11.378427124746189 0
      vertex 17.22842712474619 11.378427124746189 2.5
      vertex 16.937573136654578 11.642041813450946 2.5
    endloop
  endfacet
  facet normal -0.595699304492442 -0.8032075314806385 0
    outer loop
      vertex 16.937573136654578 11.642041813450946 0
      vertex 16.937573136654578 11.642041813450946 2.5
      vertex 16.62228093207841 11.87587844921018 2.5
    endloop
  endfacet
  facet normal -0.5141027441932097 -0.8577286100002792 0
    outer loop
      vertex 16.62228093207841 11.87587844921018 0
      vertex 16.62228093207841 11.87587844921018 2.5
      vertex 16.285586947303983 12.077685057393419 2.5
    endloop
  endfacet
  facet normal -0.4275550934303002 -0.9039892931234348 0
    outer loop
      vertex 16.285586947303983 12.077685057393419 0
      vertex 16.285586947303983 12.077685057393419 2.5
      vertex 15.930733729460371 12.245518130045145 2.5
    endloop
  endfacet
  facet normal -0.3368898533922176 -0.9415440651830216 0
    outer loop
      vertex 15.930733729460371 12.245518130045145 0
      vertex 15.930733729460371 12.245518130045145 2.5
      vertex 15.561138709017854 12.377761342928835 2.5
    endloop
  endfacet
  facet normal -0.242980179903262 -0.9700312531945444 0
    outer loop
      vertex 15.561138709017854 12.377761342928835 0
      vertex 15.561138709017854 12.377761342928835 2.5
      vertex 15.180361288064518 12.47314112161292 2.5
    endloop
  endfacet
  facet normal -0.14673047445535967 -0.9891765099647812 0
    outer loop
      vertex 15.180361288064518 12.47314112161292 0
      vertex 15.180361288064518 12.47314112161292 2.5
      vertex 14.792068561318246 12.530738906688786 2.5
    endloop
  endfacet
  facet normal -0.049067674327420145 -0.9987954562051723 0
    outer loop
      vertex 14.792068561318246 12.530738906688786 0
      vertex 14.792068561318246 12.530738906688786 2.5
      vertex 14.400000000000006 12.549999999999999 2.5
    endloop
  endfacet
  facet normal 0.8577286100002793 -0.5141027441932097 0
    outer loop
      vertex 11.074121550789812 10.772280932078408 0
      vertex 11.074121550789812 10.772280932078408 2.5
      vertex 10.872314942606579 10.435586947303989 2.5
    endloop
  endfacet
  facet normal 0.9039892931234518 -0.4275550934302642 0
    outer loop
      vertex 10.872314942606579 10.435586947303989 0
      vertex 10.872314942606579 10.435586947303989 2.5
      vertex 10.704481869954861 10.08073372946036 2.5
    endloop
  endfacet
  facet normal 0.8032075314806281 -0.5956993044924559 0
    outer loop
      vertex 11.307958186549058 11.08757313665458 0
      vertex 11.307958186549058 11.08757313665458 2.5
      vertex 11.074121550789812 10.772280932078408 2.5
    endloop
  endfacet
  facet normal 0.7409511253549532 -0.6715589548470249 0
    outer loop
      vertex 11.571572875253821 11.378427124746189 0
      vertex 11.571572875253821 11.378427124746189 2.5
      vertex 11.307958186549058 11.08757313665458 2.5
    endloop
  endfacet
  facet normal 0.5141027441932097 -0.8577286100002792 0
    outer loop
      vertex 12.514413052696028 12.077685057393419 0
      vertex 12.514413052696028 12.077685057393419 2.5
      vertex 12.1777190679216 11.87587844921018 2.5
    endloop
  endfacet
  facet normal 0.049067674327420145 -0.9987954562051723 0
    outer loop
      vertex 14.400000000000006 12.549999999999999 0
      vertex 14.400000000000006 12.549999999999999 2.5
      vertex 14.007931438681766 12.530738906688786 2.5
    endloop
  endfacet
  facet normal 0.242980179903262 -0.9700312531945444 0
    outer loop
      vertex 13.619638711935494 12.47314112161292 0
      vertex 13.619638711935494 12.47314112161292 2.5
      vertex 13.238861290982157 12.377761342928835 2.5
    endloop
  endfacet
  facet normal 0.14673047445535967 -0.9891765099647812 0
    outer loop
      vertex 14.007931438681766 12.530738906688786 0
      vertex 14.007931438681766 12.530738906688786 2.5
      vertex 13.619638711935494 12.47314112161292 2.5
    endloop
  endfacet
  facet normal 0.3368898533922176 -0.9415440651830216 0
    outer loop
      vertex 13.238861290982157 12.377761342928835 0
      vertex 13.238861290982157 12.377761342928835 2.5
      vertex 12.86926627053964 12.245518130045145 2.5
    endloop
  endfacet
  facet normal 0.4275550934303002 -0.9039892931234348 0
    outer loop
      vertex 12.86926627053964 12.245518130045145 0
      vertex 12.86926627053964 12.245518130045145 2.5
      vertex 12.514413052696028 12.077685057393419 2.5
    endloop
  endfacet
  facet normal 0.671558954847013 -0.7409511253549641 0
    outer loop
      vertex 11.862426863345434 11.642041813450946 0
      vertex 11.862426863345434 11.642041813450946 2.5
      vertex 11.571572875253821 11.378427124746189 2.5
    endloop
  endfacet
  facet normal 0.595699304492442 -0.8032075314806385 0
    outer loop
      vertex 12.1777190679216 11.87587844921018 0
      vertex 12.1777190679216 11.87587844921018 2.5
      vertex 11.862426863345434 11.642041813450946 2.5
    endloop
  endfacet
  facet normal -0.33688985339220956 0.9415440651830245 2.826566707792586e-18
    outer loop
      vertex 15.561138709017854 14.322238657071164 0
      vertex 15.930733729460371 14.45448186995485 2.5
      vertex 15.930733729460371 14.45448186995485 0
    endloop
  endfacet
  facet normal -0.1467304744553641 0.9891765099647807 -9.392146911555701e-19
    outer loop
      vertex 14.792068561318246 14.16926109331121 0
      vertex 15.180361288064518 14.226858878387077 2.5
      vertex 15.180361288064518 14.226858878387077 0
    endloop
  endfacet
  facet normal -0.04906767432741563 0.9987954562051725 1.4075652986692087e-19
    outer loop
      vertex 14.400000000000006 14.149999999999999 0
      vertex 14.792068561318246 14.16926109331121 2.5
      vertex 14.792068561318246 14.16926109331121 0
    endloop
  endfacet
  facet normal -0.24298017990326626 0.9700312531945434 -2.563617290076848e-19
    outer loop
      vertex 15.180361288064518 14.226858878387077 0
      vertex 15.561138709017854 14.322238657071164 2.5
      vertex 15.561138709017854 14.322238657071164 0
    endloop
  endfacet
  facet normal -0.5141027441932097 0.8577286100002792 1.9212859366309547e-18
    outer loop
      vertex 16.285586947303983 14.622314942606579 0
      vertex 16.62228093207841 14.824121550789817 2.5
      vertex 16.62228093207841 14.824121550789817 0
    endloop
  endfacet
  facet normal -0.42755509343030385 0.903989293123433 1.810879404896436e-18
    outer loop
      vertex 15.930733729460371 14.45448186995485 0
      vertex 16.285586947303983 14.622314942606579 2.5
      vertex 16.285586947303983 14.622314942606579 0
    endloop
  endfacet
  facet normal -0.595699304492442 0.8032075314806385 -4.293296136387794e-18
    outer loop
      vertex 16.62228093207841 14.824121550789817 0
      vertex 16.937573136654578 15.057958186549051 2.5
      vertex 16.937573136654578 15.057958186549051 0
    endloop
  endfacet
  facet normal 0.04906767432741563 0.9987954562051725 0
    outer loop
      vertex 14.007931438681766 14.16926109331121 0
      vertex 14.007931438681766 14.16926109331121 2.5
      vertex 14.400000000000006 14.149999999999999 0
    endloop
  endfacet
  facet normal 0.1467304744553641 0.9891765099647807 9.392146911555701e-19
    outer loop
      vertex 13.619638711935494 14.226858878387077 0
      vertex 14.007931438681766 14.16926109331121 2.5
      vertex 14.007931438681766 14.16926109331121 0
    endloop
  endfacet
  facet normal 0.24298017990326626 0.9700312531945434 2.563617290076848e-19
    outer loop
      vertex 13.238861290982157 14.322238657071164 0
      vertex 13.619638711935494 14.226858878387077 2.5
      vertex 13.619638711935494 14.226858878387077 0
    endloop
  endfacet
  facet normal 0.33688985339220956 0.9415440651830245 -2.826566707792586e-18
    outer loop
      vertex 12.86926627053964 14.45448186995485 0
      vertex 13.238861290982157 14.322238657071164 2.5
      vertex 13.238861290982157 14.322238657071164 0
    endloop
  endfacet
  facet normal 0.42755509343030385 0.903989293123433 -1.810879404896436e-18
    outer loop
      vertex 12.514413052696028 14.622314942606579 0
      vertex 12.86926627053964 14.45448186995485 2.5
      vertex 12.86926627053964 14.45448186995485 0
    endloop
  endfacet
  facet normal 0.5141027441932097 0.8577286100002792 -1.9212859366309547e-18
    outer loop
      vertex 12.1777190679216 14.824121550789817 0
      vertex 12.514413052696028 14.622314942606579 2.5
      vertex 12.514413052696028 14.622314942606579 0
    endloop
  endfacet
  facet normal 0.595699304492442 0.8032075314806385 4.293296136387794e-18
    outer loop
      vertex 11.862426863345434 15.057958186549051 0
      vertex 12.1777190679216 14.824121550789817 2.5
      vertex 12.1777190679216 14.824121550789817 0
    endloop
  endfacet
  facet normal 0.671558954847013 0.7409511253549641 -5.483593096544728e-18
    outer loop
      vertex 11.571572875253821 15.321572875253809 0
      vertex 11.862426863345434 15.057958186549051 2.5
      vertex 11.862426863345434 15.057958186549051 0
    endloop
  endfacet
  facet normal -0.671558954847013 0.7409511253549641 5.483593096544728e-18
    outer loop
      vertex 16.937573136654578 15.057958186549051 0
      vertex 17.22842712474619 15.321572875253809 2.5
      vertex 17.22842712474619 15.321572875253809 0
    endloop
  endfacet
  facet normal -0.7409511253549512 0.6715589548470272 -2.154346432686315e-18
    outer loop
      vertex 17.22842712474619 15.321572875253809 0
      vertex 17.492041813450953 15.612426863345416 2.5
      vertex 17.492041813450953 15.612426863345416 0
    endloop
  endfacet
  facet normal -0.8032075314806297 0.5956993044924537 -1.094878548900293e-18
    outer loop
      vertex 17.492041813450953 15.612426863345416 0
      vertex 17.7258784492102 15.92771906792159 2.5
      vertex 17.7258784492102 15.92771906792159 0
    endloop
  endfacet
  facet normal -0.8577286100002781 0.5141027441932117 -2.009553098661768e-18
    outer loop
      vertex 17.7258784492102 15.92771906792159 0
      vertex 17.927685057393433 16.264413052696007 2.5
      vertex 17.927685057393433 16.264413052696007 0
    endloop
  endfacet
  facet normal -0.9415440651830282 0.3368898533921993 -3.4123059773596482e-18
    outer loop
      vertex 18.09551813004515 16.61926627053964 0
      vertex 18.22776134292883 16.98886129098215 2.5
      vertex 18.22776134292883 16.98886129098215 0
    endloop
  endfacet
  facet normal -0.9039892931234534 0.42755509343026066 -1.521866685472337e-18
    outer loop
      vertex 17.927685057393433 16.264413052696007 0
      vertex 18.09551813004515 16.61926627053964 2.5
      vertex 18.09551813004515 16.61926627053964 0
    endloop
  endfacet
  facet normal -0.9700312531945328 0.24298017990330886 -1.739819354654569e-18
    outer loop
      vertex 18.22776134292883 16.98886129098215 0
      vertex 18.323141121612935 17.369638711935487 2.5
      vertex 18.323141121612935 17.369638711935487 0
    endloop
  endfacet
  facet normal -0.9891765099647791 0.1467304744553743 1.293796198687046e-18
    outer loop
      vertex 18.323141121612935 17.369638711935487 0
      vertex 18.380738906688805 17.757931438681755 2.5
      vertex 18.380738906688805 17.757931438681755 0
    endloop
  endfacet
  facet normal 0.7409511253549512 0.6715589548470272 2.154346432686315e-18
    outer loop
      vertex 11.307958186549058 15.612426863345416 0
      vertex 11.571572875253821 15.321572875253809 2.5
      vertex 11.571572875253821 15.321572875253809 0
    endloop
  endfacet
  facet normal 0.8032075314806297 0.5956993044924537 1.094878548900293e-18
    outer loop
      vertex 11.074121550789812 15.92771906792159 0
      vertex 11.307958186549058 15.612426863345416 2.5
      vertex 11.307958186549058 15.612426863345416 0
    endloop
  endfacet
  facet normal 0.8577286100002781 0.5141027441932117 2.009553098661768e-18
    outer loop
      vertex 10.872314942606579 16.264413052696007 0
      vertex 11.074121550789812 15.92771906792159 2.5
      vertex 11.074121550789812 15.92771906792159 0
    endloop
  endfacet
  facet normal 0.9039892931234534 0.42755509343026066 1.521866685472337e-18
    outer loop
      vertex 10.704481869954861 16.61926627053964 0
      vertex 10.872314942606579 16.264413052696007 2.5
      vertex 10.872314942606579 16.264413052696007 0
    endloop
  endfacet
  facet normal 0.9415440651830282 0.3368898533921993 3.4123059773596482e-18
    outer loop
      vertex 10.572238657071182 16.98886129098215 0
      vertex 10.704481869954861 16.61926627053964 2.5
      vertex 10.704481869954861 16.61926627053964 0
    endloop
  endfacet
  facet normal 0.9700312531945328 0.24298017990330886 1.739819354654569e-18
    outer loop
      vertex 10.476858878387077 17.369638711935487 0
      vertex 10.572238657071182 16.98886129098215 2.5
      vertex 10.572238657071182 16.98886129098215 0
    endloop
  endfacet
  facet normal 0.9891765099647791 0.1467304744553743 -1.293796198687046e-18
    outer loop
      vertex 10.419261093311206 17.757931438681755 0
      vertex 10.476858878387077 17.369638711935487 2.5
      vertex 10.476858878387077 17.369638711935487 0
    endloop
  endfacet
  facet normal -0.9987954562051738 0.0490676743273881 2.777138397558508e-19
    outer loop
      vertex 18.380738906688805 17.757931438681755 0
      vertex 18.400000000000006 18.15 2.5
      vertex 18.400000000000006 18.15 0
    endloop
  endfacet
  facet normal -1 0 0
    outer loop
      vertex 18.400000000000006 18.15 0
      vertex 18.400000000000006 19.65 2.5
      vertex 18.400000000000006 19.65 0
    endloop
  endfacet
  facet normal -0.9987954562051738 -0.0490676743273881 -2.777138397558508e-19
    outer loop
      vertex 18.400000000000006 19.65 0
      vertex 18.380738906688805 20.042068561318242 2.5
      vertex 18.380738906688805 20.042068561318242 0
    endloop
  endfacet
  facet normal 0.9987954562051738 0.0490676743273881 -2.777138397558508e-19
    outer loop
      vertex 10.400000000000006 18.15 0
      vertex 10.419261093311206 17.757931438681755 2.5
      vertex 10.419261093311206 17.757931438681755 0
    endloop
  endfacet
  facet normal 1 0 0
    outer loop
      vertex 10.400000000000006 18.15 0
      vertex 10.400000000000006 19.65 0
      vertex 10.400000000000006 18.15 2.5
    endloop
  endfacet
  facet normal 0.9987954562051738 -0.0490676743273881 2.777138397558508e-19
    outer loop
      vertex 10.419261093311206 20.042068561318242 0
      vertex 10.400000000000006 19.65 2.5
      vertex 10.400000000000006 19.65 0
    endloop
  endfacet
  facet normal 0.9891765099647791 -0.1467304744553743 1.293796198687046e-18
    outer loop
      vertex 10.476858878387077 20.43036128806451 0
      vertex 10.419261093311206 20.042068561318242 2.5
      vertex 10.419261093311206 20.042068561318242 0
    endloop
  endfacet
  facet normal -0.671558954847013 0.7409511253549641 0
    outer loop
      vertex 16.937573136654578 15.057958186549051 0
      vertex 16.937573136654578 15.057958186549051 2.5
      vertex 17.22842712474619 15.321572875253809 2.5
    endloop
  endfacet
  facet normal -0.42755509343030385 0.903989293123433 0
    outer loop
      vertex 15.930733729460371 14.45448186995485 0
      vertex 15.930733729460371 14.45448186995485 2.5
      vertex 16.285586947303983 14.622314942606579 2.5
    endloop
  endfacet
  facet normal -0.1467304744553641 0.9891765099647807 0
    outer loop
      vertex 14.792068561318246 14.16926109331121 0
      vertex 14.792068561318246 14.16926109331121 2.5
      vertex 15.180361288064518 14.226858878387077 2.5
    endloop
  endfacet
  facet normal -0.33688985339220956 0.9415440651830245 0
    outer loop
      vertex 15.561138709017854 14.322238657071164 0
      vertex 15.561138709017854 14.322238657071164 2.5
      vertex 15.930733729460371 14.45448186995485 2.5
    endloop
  endfacet
  facet normal -0.24298017990326626 0.9700312531945434 0
    outer loop
      vertex 15.180361288064518 14.226858878387077 0
      vertex 15.180361288064518 14.226858878387077 2.5
      vertex 15.561138709017854 14.322238657071164 2.5
    endloop
  endfacet
  facet normal -0.5141027441932097 0.8577286100002792 0
    outer loop
      vertex 16.285586947303983 14.622314942606579 0
      vertex 16.285586947303983 14.622314942606579 2.5
      vertex 16.62228093207841 14.824121550789817 2.5
    endloop
  endfacet
  facet normal -0.595699304492442 0.8032075314806385 0
    outer loop
      vertex 16.62228093207841 14.824121550789817 0
      vertex 16.62228093207841 14.824121550789817 2.5
      vertex 16.937573136654578 15.057958186549051 2.5
    endloop
  endfacet
  facet normal -0.04906767432741563 0.9987954562051725 0
    outer loop
      vertex 14.400000000000006 14.149999999999999 0
      vertex 14.400000000000006 14.149999999999999 2.5
      vertex 14.792068561318246 14.16926109331121 2.5
    endloop
  endfacet
  facet normal 0.04906767432741563 0.9987954562051725 -1.4075652986692087e-19
    outer loop
      vertex 14.007931438681766 14.16926109331121 2.5
      vertex 14.400000000000006 14.149999999999999 2.5
      vertex 14.400000000000006 14.149999999999999 0
    endloop
  endfacet
  facet normal 0.1467304744553641 0.9891765099647807 0
    outer loop
      vertex 13.619638711935494 14.226858878387077 0
      vertex 13.619638711935494 14.226858878387077 2.5
      vertex 14.007931438681766 14.16926109331121 2.5
    endloop
  endfacet
  facet normal 0.24298017990326626 0.9700312531945434 0
    outer loop
      vertex 13.238861290982157 14.322238657071164 0
      vertex 13.238861290982157 14.322238657071164 2.5
      vertex 13.619638711935494 14.226858878387077 2.5
    endloop
  endfacet
  facet normal 0.33688985339220956 0.9415440651830245 0
    outer loop
      vertex 12.86926627053964 14.45448186995485 0
      vertex 12.86926627053964 14.45448186995485 2.5
      vertex 13.238861290982157 14.322238657071164 2.5
    endloop
  endfacet
  facet normal 0.42755509343030385 0.903989293123433 0
    outer loop
      vertex 12.514413052696028 14.622314942606579 0
      vertex 12.514413052696028 14.622314942606579 2.5
      vertex 12.86926627053964 14.45448186995485 2.5
    endloop
  endfacet
  facet normal 0.5141027441932097 0.8577286100002792 0
    outer loop
      vertex 12.1777190679216 14.824121550789817 0
      vertex 12.1777190679216 14.824121550789817 2.5
      vertex 12.514413052696028 14.622314942606579 2.5
    endloop
  endfacet
  facet normal 0.595699304492442 0.8032075314806385 0
    outer loop
      vertex 11.862426863345434 15.057958186549051 0
      vertex 11.862426863345434 15.057958186549051 2.5
      vertex 12.1777190679216 14.824121550789817 2.5
    endloop
  endfacet
  facet normal -0.7409511253549512 0.6715589548470272 0
    outer loop
      vertex 17.22842712474619 15.321572875253809 0
      vertex 17.22842712474619 15.321572875253809 2.5
      vertex 17.492041813450953 15.612426863345416 2.5
    endloop
  endfacet
  facet normal -0.8032075314806297 0.5956993044924537 0
    outer loop
      vertex 17.492041813450953 15.612426863345416 0
      vertex 17.492041813450953 15.612426863345416 2.5
      vertex 17.7258784492102 15.92771906792159 2.5
    endloop
  endfacet
  facet normal -0.8577286100002781 0.5141027441932117 0
    outer loop
      vertex 17.7258784492102 15.92771906792159 0
      vertex 17.7258784492102 15.92771906792159 2.5
      vertex 17.927685057393433 16.264413052696007 2.5
    endloop
  endfacet
  facet normal -0.9039892931234534 0.42755509343026066 0
    outer loop
      vertex 17.927685057393433 16.264413052696007 0
      vertex 17.927685057393433 16.264413052696007 2.5
      vertex 18.09551813004515 16.61926627053964 2.5
    endloop
  endfacet
  facet normal -0.9415440651830282 0.3368898533921993 0
    outer loop
      vertex 18.09551813004515 16.61926627053964 0
      vertex 18.09551813004515 16.61926627053964 2.5
      vertex 18.22776134292883 16.98886129098215 2.5
    endloop
  endfacet
  facet normal -0.9700312531945328 0.24298017990330886 0
    outer loop
      vertex 18.22776134292883 16.98886129098215 0
      vertex 18.22776134292883 16.98886129098215 2.5
      vertex 18.323141121612935 17.369638711935487 2.5
    endloop
  endfacet
  facet normal -0.9891765099647791 0.1467304744553743 0
    outer loop
      vertex 18.323141121612935 17.369638711935487 0
      vertex 18.323141121612935 17.369638711935487 2.5
      vertex 18.380738906688805 17.757931438681755 2.5
    endloop
  endfacet
  facet normal 0.671558954847013 0.7409511253549641 0
    outer loop
      vertex 11.571572875253821 15.321572875253809 0
      vertex 11.571572875253821 15.321572875253809 2.5
      vertex 11.862426863345434 15.057958186549051 2.5
    endloop
  endfacet
  facet normal 0.7409511253549512 0.6715589548470272 0
    outer loop
      vertex 11.307958186549058 15.612426863345416 0
      vertex 11.307958186549058 15.612426863345416 2.5
      vertex 11.571572875253821 15.321572875253809 2.5
    endloop
  endfacet
  facet normal 0.8032075314806297 0.5956993044924537 0
    outer loop
      vertex 11.074121550789812 15.92771906792159 0
      vertex 11.074121550789812 15.92771906792159 2.5
      vertex 11.307958186549058 15.612426863345416 2.5
    endloop
  endfacet
  facet normal 0.8577286100002781 0.5141027441932117 0
    outer loop
      vertex 10.872314942606579 16.264413052696007 0
      vertex 10.872314942606579 16.264413052696007 2.5
      vertex 11.074121550789812 15.92771906792159 2.5
    endloop
  endfacet
  facet normal 0.9039892931234534 0.42755509343026066 0
    outer loop
      vertex 10.704481869954861 16.61926627053964 0
      vertex 10.704481869954861 16.61926627053964 2.5
      vertex 10.872314942606579 16.264413052696007 2.5
    endloop
  endfacet
  facet normal 0.9415440651830282 0.3368898533921993 0
    outer loop
      vertex 10.572238657071182 16.98886129098215 0
      vertex 10.572238657071182 16.98886129098215 2.5
      vertex 10.704481869954861 16.61926627053964 2.5
    endloop
  endfacet
  facet normal 0.9700312531945328 0.24298017990330886 0
    outer loop
      vertex 10.476858878387077 17.369638711935487 0
      vertex 10.476858878387077 17.369638711935487 2.5
      vertex 10.572238657071182 16.98886129098215 2.5
    endloop
  endfacet
  facet normal 0.9891765099647791 0.1467304744553743 0
    outer loop
      vertex 10.419261093311206 17.757931438681755 0
      vertex 10.419261093311206 17.757931438681755 2.5
      vertex 10.476858878387077 17.369638711935487 2.5
    endloop
  endfacet
  facet normal -0.9987954562051738 0.0490676743273881 0
    outer loop
      vertex 18.380738906688805 17.757931438681755 0
      vertex 18.380738906688805 17.757931438681755 2.5
      vertex 18.400000000000006 18.15 2.5
    endloop
  endfacet
  facet normal -1 0 0
    outer loop
      vertex 18.400000000000006 18.15 2.5
      vertex 18.400000000000006 19.65 2.5
      vertex 18.400000000000006 18.15 0
    endloop
  endfacet
  facet normal -0.9987954562051738 -0.0490676743273881 0
    outer loop
      vertex 18.400000000000006 19.65 0
      vertex 18.400000000000006 19.65 2.5
      vertex 18.380738906688805 20.042068561318242 2.5
    endloop
  endfacet
  facet normal -0.9891765099647791 -0.1467304744553743 0
    outer loop
      vertex 18.380738906688805 20.042068561318242 0
      vertex 18.380738906688805 20.042068561318242 2.5
      vertex 18.323141121612935 20.43036128806451 2.5
    endloop
  endfacet
  facet normal 0.9987954562051738 0.0490676743273881 0
    outer loop
      vertex 10.400000000000006 18.15 0
      vertex 10.400000000000006 18.15 2.5
      vertex 10.419261093311206 17.757931438681755 2.5
    endloop
  endfacet
  facet normal 1 0 0
    outer loop
      vertex 10.400000000000006 19.65 2.5
      vertex 10.400000000000006 18.15 2.5
      vertex 10.400000000000006 19.65 0
    endloop
  endfacet
  facet normal 0.9987954562051738 -0.0490676743273881 0
    outer loop
      vertex 10.419261093311206 20.042068561318242 0
      vertex 10.419261093311206 20.042068561318242 2.5
      vertex 10.400000000000006 19.65 2.5
    endloop
  endfacet
  facet normal -0.9891765099647791 -0.1467304744553743 -1.293796198687046e-18
    outer loop
      vertex 18.380738906688805 20.042068561318242 0
      vertex 18.323141121612935 20.43036128806451 2.5
      vertex 18.323141121612935 20.43036128806451 0
    endloop
  endfacet
  facet normal -0.9700312531945328 -0.24298017990330886 1.739819354654569e-18
    outer loop
      vertex 18.323141121612935 20.43036128806451 0
      vertex 18.22776134292883 20.811138709017847 2.5
      vertex 18.22776134292883 20.811138709017847 0
    endloop
  endfacet
  facet normal -0.9415440651830282 -0.3368898533921993 3.4123059773596482e-18
    outer loop
      vertex 18.22776134292883 20.811138709017847 0
      vertex 18.09551813004515 21.180733729460357 2.5
      vertex 18.09551813004515 21.180733729460357 0
    endloop
  endfacet
  facet normal -0.9039892931234534 -0.42755509343026066 1.521866685472337e-18
    outer loop
      vertex 18.09551813004515 21.180733729460357 0
      vertex 17.927685057393433 21.53558694730399 2.5
      vertex 17.927685057393433 21.53558694730399 0
    endloop
  endfacet
  facet normal -0.8577286100002781 -0.5141027441932117 2.009553098661768e-18
    outer loop
      vertex 17.927685057393433 21.53558694730399 0
      vertex 17.7258784492102 21.872280932078407 2.5
      vertex 17.7258784492102 21.872280932078407 0
    endloop
  endfacet
  facet normal -0.8032075314806297 -0.5956993044924537 1.094878548900293e-18
    outer loop
      vertex 17.7258784492102 21.872280932078407 0
      vertex 17.492041813450953 22.18757313665458 2.5
      vertex 17.492041813450953 22.18757313665458 0
    endloop
  endfacet
  facet normal -0.7409511253549532 -0.6715589548470249 5.793229126401368e-18
    outer loop
      vertex 17.492041813450953 22.18757313665458 0
      vertex 17.22842712474619 22.47842712474619 2.5
      vertex 17.22842712474619 22.47842712474619 0
    endloop
  endfacet
  facet normal -0.6715589548470106 -0.7409511253549663 -2.2408042667698592e-18
    outer loop
      vertex 17.22842712474619 22.47842712474619 0
      vertex 16.937573136654578 22.742041813450946 2.5
      vertex 16.937573136654578 22.742041813450946 0
    endloop
  endfacet
  facet normal 0.9700312531945328 -0.24298017990330886 -1.739819354654569e-18
    outer loop
      vertex 10.572238657071182 20.811138709017847 0
      vertex 10.476858878387077 20.43036128806451 2.5
      vertex 10.476858878387077 20.43036128806451 0
    endloop
  endfacet
  facet normal 0.9415440651830282 -0.3368898533921993 -3.4123059773596482e-18
    outer loop
      vertex 10.704481869954861 21.180733729460357 0
      vertex 10.572238657071182 20.811138709017847 2.5
      vertex 10.572238657071182 20.811138709017847 0
    endloop
  endfacet
  facet normal 0.9039892931234534 -0.42755509343026066 -1.521866685472337e-18
    outer loop
      vertex 10.872314942606579 21.53558694730399 0
      vertex 10.704481869954861 21.180733729460357 2.5
      vertex 10.704481869954861 21.180733729460357 0
    endloop
  endfacet
  facet normal 0.8577286100002781 -0.5141027441932117 -2.009553098661768e-18
    outer loop
      vertex 11.074121550789812 21.872280932078407 0
      vertex 10.872314942606579 21.53558694730399 2.5
      vertex 10.872314942606579 21.53558694730399 0
    endloop
  endfacet
  facet normal 0.8032075314806297 -0.5956993044924537 -1.094878548900293e-18
    outer loop
      vertex 11.307958186549058 22.18757313665458 0
      vertex 11.074121550789812 21.872280932078407 2.5
      vertex 11.074121550789812 21.872280932078407 0
    endloop
  endfacet
  facet normal 0.7409511253549532 -0.6715589548470249 -5.793229126401368e-18
    outer loop
      vertex 11.571572875253821 22.47842712474619 0
      vertex 11.307958186549058 22.18757313665458 2.5
      vertex 11.307958186549058 22.18757313665458 0
    endloop
  endfacet
  facet normal 0.6715589548470106 -0.7409511253549663 2.2408042667698592e-18
    outer loop
      vertex 11.862426863345434 22.742041813450946 0
      vertex 11.571572875253821 22.47842712474619 2.5
      vertex 11.571572875253821 22.47842712474619 0
    endloop
  endfacet
  facet normal -0.5956993044924391 -0.8032075314806407 -4.793986106121605e-18
    outer loop
      vertex 16.937573136654578 22.742041813450946 0
      vertex 16.62228093207841 22.975878449210178 2.5
      vertex 16.62228093207841 22.975878449210178 0
    endloop
  endfacet
  facet normal -0.514102744193213 -0.8577286100002773 -3.2906058823756315e-18
    outer loop
      vertex 16.62228093207841 22.975878449210178 0
      vertex 16.285586947303983 23.17768505739342 2.5
      vertex 16.285586947303983 23.17768505739342 0
    endloop
  endfacet
  facet normal -0.42755509343030385 -0.903989293123433 -1.810879404896436e-18
    outer loop
      vertex 16.285586947303983 23.17768505739342 0
      vertex 15.930733729460371 23.345518130045146 2.5
      vertex 15.930733729460371 23.345518130045146 0
    endloop
  endfacet
  facet normal -0.33688985339220956 -0.9415440651830245 -2.826566707792586e-18
    outer loop
      vertex 15.930733729460371 23.345518130045146 0
      vertex 15.561138709017854 23.477761342928833 2.5
      vertex 15.561138709017854 23.477761342928833 0
    endloop
  endfacet
  facet normal -0.24298017990326626 -0.9700312531945434 2.563617290076848e-19
    outer loop
      vertex 15.561138709017854 23.477761342928833 0
      vertex 15.180361288064518 23.57314112161292 2.5
      vertex 15.180361288064518 23.57314112161292 0
    endloop
  endfacet
  facet normal -0.1467304744553641 -0.9891765099647807 9.392146911555701e-19
    outer loop
      vertex 15.180361288064518 23.57314112161292 0
      vertex 14.792068561318246 23.630738906688787 2.5
      vertex 14.792068561318246 23.630738906688787 0
    endloop
  endfacet
  facet normal 0.514102744193213 -0.8577286100002773 3.2906058823756315e-18
    outer loop
      vertex 12.514413052696028 23.17768505739342 0
      vertex 12.1777190679216 22.975878449210178 2.5
      vertex 12.1777190679216 22.975878449210178 0
    endloop
  endfacet
  facet normal 0.33688985339220956 -0.9415440651830245 2.826566707792586e-18
    outer loop
      vertex 13.238861290982157 23.477761342928833 0
      vertex 12.86926627053964 23.345518130045146 2.5
      vertex 12.86926627053964 23.345518130045146 0
    endloop
  endfacet
  facet normal 0.42755509343030385 -0.903989293123433 1.810879404896436e-18
    outer loop
      vertex 12.86926627053964 23.345518130045146 0
      vertex 12.514413052696028 23.17768505739342 2.5
      vertex 12.514413052696028 23.17768505739342 0
    endloop
  endfacet
  facet normal -0.04906767432741563 -0.9987954562051725 -1.4075652986692087e-19
    outer loop
      vertex 14.792068561318246 23.630738906688787 0
      vertex 14.400000000000006 23.65 2.5
      vertex 14.400000000000006 23.65 0
    endloop
  endfacet
  facet normal 0.04906767432741563 -0.9987954562051725 1.4075652986692087e-19
    outer loop
      vertex 14.400000000000006 23.65 0
      vertex 14.007931438681766 23.630738906688787 2.5
      vertex 14.007931438681766 23.630738906688787 0
    endloop
  endfacet
  facet normal 0.24298017990326626 -0.9700312531945434 -2.563617290076848e-19
    outer loop
      vertex 13.619638711935494 23.57314112161292 0
      vertex 13.238861290982157 23.477761342928833 2.5
      vertex 13.238861290982157 23.477761342928833 0
    endloop
  endfacet
  facet normal 0.1467304744553641 -0.9891765099647807 -9.392146911555701e-19
    outer loop
      vertex 14.007931438681766 23.630738906688787 0
      vertex 13.619638711935494 23.57314112161292 2.5
      vertex 13.619638711935494 23.57314112161292 0
    endloop
  endfacet
  facet normal 0.5956993044924391 -0.8032075314806407 4.793986106121605e-18
    outer loop
      vertex 12.1777190679216 22.975878449210178 0
      vertex 11.862426863345434 22.742041813450946 2.5
      vertex 11.862426863345434 22.742041813450946 0
    endloop
  endfacet
  facet normal -0.9700312531945328 -0.24298017990330886 0
    outer loop
      vertex 18.323141121612935 20.43036128806451 0
      vertex 18.323141121612935 20.43036128806451 2.5
      vertex 18.22776134292883 20.811138709017847 2.5
    endloop
  endfacet
  facet normal -0.9415440651830282 -0.3368898533921993 0
    outer loop
      vertex 18.22776134292883 20.811138709017847 0
      vertex 18.22776134292883 20.811138709017847 2.5
      vertex 18.09551813004515 21.180733729460357 2.5
    endloop
  endfacet
  facet normal -0.9039892931234534 -0.42755509343026066 0
    outer loop
      vertex 18.09551813004515 21.180733729460357 0
      vertex 18.09551813004515 21.180733729460357 2.5
      vertex 17.927685057393433 21.53558694730399 2.5
    endloop
  endfacet
  facet normal -0.8577286100002781 -0.5141027441932117 0
    outer loop
      vertex 17.927685057393433 21.53558694730399 0
      vertex 17.927685057393433 21.53558694730399 2.5
      vertex 17.7258784492102 21.872280932078407 2.5
    endloop
  endfacet
  facet normal -0.8032075314806297 -0.5956993044924537 0
    outer loop
      vertex 17.7258784492102 21.872280932078407 0
      vertex 17.7258784492102 21.872280932078407 2.5
      vertex 17.492041813450953 22.18757313665458 2.5
    endloop
  endfacet
  facet normal -0.7409511253549532 -0.6715589548470249 0
    outer loop
      vertex 17.492041813450953 22.18757313665458 0
      vertex 17.492041813450953 22.18757313665458 2.5
      vertex 17.22842712474619 22.47842712474619 2.5
    endloop
  endfacet
  facet normal -0.6715589548470106 -0.7409511253549663 0
    outer loop
      vertex 17.22842712474619 22.47842712474619 0
      vertex 17.22842712474619 22.47842712474619 2.5
      vertex 16.937573136654578 22.742041813450946 2.5
    endloop
  endfacet
  facet normal 0.9891765099647791 -0.1467304744553743 0
    outer loop
      vertex 10.476858878387077 20.43036128806451 0
      vertex 10.476858878387077 20.43036128806451 2.5
      vertex 10.419261093311206 20.042068561318242 2.5
    endloop
  endfacet
  facet normal 0.9700312531945328 -0.24298017990330886 0
    outer loop
      vertex 10.572238657071182 20.811138709017847 0
      vertex 10.572238657071182 20.811138709017847 2.5
      vertex 10.476858878387077 20.43036128806451 2.5
    endloop
  endfacet
  facet normal 0.9415440651830282 -0.3368898533921993 0
    outer loop
      vertex 10.704481869954861 21.180733729460357 0
      vertex 10.704481869954861 21.180733729460357 2.5
      vertex 10.572238657071182 20.811138709017847 2.5
    endloop
  endfacet
  facet normal 0.9039892931234534 -0.42755509343026066 0
    outer loop
      vertex 10.872314942606579 21.53558694730399 0
      vertex 10.872314942606579 21.53558694730399 2.5
      vertex 10.704481869954861 21.180733729460357 2.5
    endloop
  endfacet
  facet normal 0.8577286100002781 -0.5141027441932117 0
    outer loop
      vertex 11.074121550789812 21.872280932078407 0
      vertex 11.074121550789812 21.872280932078407 2.5
      vertex 10.872314942606579 21.53558694730399 2.5
    endloop
  endfacet
  facet normal 0.8032075314806297 -0.5956993044924537 0
    outer loop
      vertex 11.307958186549058 22.18757313665458 0
      vertex 11.307958186549058 22.18757313665458 2.5
      vertex 11.074121550789812 21.872280932078407 2.5
    endloop
  endfacet
  facet normal 0.7409511253549532 -0.6715589548470249 0
    outer loop
      vertex 11.571572875253821 22.47842712474619 0
      vertex 11.571572875253821 22.47842712474619 2.5
      vertex 11.307958186549058 22.18757313665458 2.5
    endloop
  endfacet
  facet normal 0.6715589548470106 -0.7409511253549663 0
    outer loop
      vertex 11.862426863345434 22.742041813450946 0
      vertex 11.862426863345434 22.742041813450946 2.5
      vertex 11.571572875253821 22.47842712474619 2.5
    endloop
  endfacet
  facet normal -0.5956993044924391 -0.8032075314806407 0
    outer loop
      vertex 16.937573136654578 22.742041813450946 0
      vertex 16.937573136654578 22.742041813450946 2.5
      vertex 16.62228093207841 22.975878449210178 2.5
    endloop
  endfacet
  facet normal -0.514102744193213 -0.8577286100002773 0
    outer loop
      vertex 16.62228093207841 22.975878449210178 0
      vertex 16.62228093207841 22.975878449210178 2.5
      vertex 16.285586947303983 23.17768505739342 2.5
    endloop
  endfacet
  facet normal -0.42755509343030385 -0.903989293123433 0
    outer loop
      vertex 16.285586947303983 23.17768505739342 0
      vertex 16.285586947303983 23.17768505739342 2.5
      vertex 15.930733729460371 23.345518130045146 2.5
    endloop
  endfacet
  facet normal -0.33688985339220956 -0.9415440651830245 0
    outer loop
      vertex 15.930733729460371 23.345518130045146 0
      vertex 15.930733729460371 23.345518130045146 2.5
      vertex 15.561138709017854 23.477761342928833 2.5
    endloop
  endfacet
  facet normal -0.24298017990326626 -0.9700312531945434 0
    outer loop
      vertex 15.561138709017854 23.477761342928833 0
      vertex 15.561138709017854 23.477761342928833 2.5
      vertex 15.180361288064518 23.57314112161292 2.5
    endloop
  endfacet
  facet normal -0.1467304744553641 -0.9891765099647807 0
    outer loop
      vertex 15.180361288064518 23.57314112161292 0
      vertex 15.180361288064518 23.57314112161292 2.5
      vertex 14.792068561318246 23.630738906688787 2.5
    endloop
  endfacet
  facet normal -0.04906767432741563 -0.9987954562051725 0
    outer loop
      vertex 14.792068561318246 23.630738906688787 0
      vertex 14.792068561318246 23.630738906688787 2.5
      vertex 14.400000000000006 23.65 2.5
    endloop
  endfacet
  facet normal 0.42755509343030385 -0.903989293123433 0
    outer loop
      vertex 12.86926627053964 23.345518130045146 0
      vertex 12.86926627053964 23.345518130045146 2.5
      vertex 12.514413052696028 23.17768505739342 2.5
    endloop
  endfacet
  facet normal 0.514102744193213 -0.8577286100002773 0
    outer loop
      vertex 12.514413052696028 23.17768505739342 0
      vertex 12.514413052696028 23.17768505739342 2.5
      vertex 12.1777190679216 22.975878449210178 2.5
    endloop
  endfacet
  facet normal 0.04906767432741563 -0.9987954562051725 0
    outer loop
      vertex 14.400000000000006 23.65 0
      vertex 14.400000000000006 23.65 2.5
      vertex 14.007931438681766 23.630738906688787 2.5
    endloop
  endfacet
  facet normal 0.24298017990326626 -0.9700312531945434 0
    outer loop
      vertex 13.619638711935494 23.57314112161292 0
      vertex 13.619638711935494 23.57314112161292 2.5
      vertex 13.238861290982157 23.477761342928833 2.5
    endloop
  endfacet
  facet normal 0.1467304744553641 -0.9891765099647807 0
    outer loop
      vertex 14.007931438681766 23.630738906688787 0
      vertex 14.007931438681766 23.630738906688787 2.5
      vertex 13.619638711935494 23.57314112161292 2.5
    endloop
  endfacet
  facet normal 0.33688985339220956 -0.9415440651830245 0
    outer loop
      vertex 13.238861290982157 23.477761342928833 0
      vertex 13.238861290982157 23.477761342928833 2.5
      vertex 12.86926627053964 23.345518130045146 2.5
    endloop
  endfacet
  facet normal 0.5956993044924391 -0.8032075314806407 0
    outer loop
      vertex 12.1777190679216 22.975878449210178 0
      vertex 12.1777190679216 22.975878449210178 2.5
      vertex 11.862426863345434 22.742041813450946 2.5
    endloop
  endfacet
  facet normal -0.1467304744553641 0.9891765099647807 -9.392146911555701e-19
    outer loop
      vertex 14.792068561318246 25.26926109331121 0
      vertex 15.180361288064518 25.32685887838708 2.5
      vertex 15.180361288064518 25.32685887838708 0
    endloop
  endfacet
  facet normal -0.04906767432741563 0.9987954562051725 1.4075652986692087e-19
    outer loop
      vertex 14.400000000000006 25.25 0
      vertex 14.792068561318246 25.26926109331121 2.5
      vertex 14.792068561318246 25.26926109331121 0
    endloop
  endfacet
  facet normal 0.04906767432741563 0.9987954562051725 -1.4075652986692087e-19
    outer loop
      vertex 14.007931438681766 25.26926109331121 0
      vertex 14.400000000000006 25.25 2.5
      vertex 14.400000000000006 25.25 0
    endloop
  endfacet
  facet normal 0.1467304744553641 0.9891765099647807 9.392146911555701e-19
    outer loop
      vertex 13.619638711935494 25.32685887838708 0
      vertex 14.007931438681766 25.26926109331121 2.5
      vertex 14.007931438681766 25.26926109331121 0
    endloop
  endfacet
  facet normal -0.6715589548470106 0.7409511253549663 2.2408042667698592e-18
    outer loop
      vertex 16.937573136654578 26.157958186549052 0
      vertex 17.22842712474619 26.42157287525381 2.5
      vertex 17.22842712474619 26.42157287525381 0
    endloop
  endfacet
  facet normal -0.33688985339220956 0.9415440651830245 2.826566707792586e-18
    outer loop
      vertex 15.561138709017854 25.422238657071166 0
      vertex 15.930733729460371 25.554481869954852 2.5
      vertex 15.930733729460371 25.554481869954852 0
    endloop
  endfacet
  facet normal -0.514102744193213 0.8577286100002773 3.2906058823756315e-18
    outer loop
      vertex 16.285586947303983 25.72231494260658 0
      vertex 16.62228093207841 25.92412155078982 2.5
      vertex 16.62228093207841 25.92412155078982 0
    endloop
  endfacet
  facet normal -0.42755509343030385 0.903989293123433 1.810879404896436e-18
    outer loop
      vertex 15.930733729460371 25.554481869954852 0
      vertex 16.285586947303983 25.72231494260658 2.5
      vertex 16.285586947303983 25.72231494260658 0
    endloop
  endfacet
  facet normal -0.24298017990326626 0.9700312531945434 -2.563617290076848e-19
    outer loop
      vertex 15.180361288064518 25.32685887838708 0
      vertex 15.561138709017854 25.422238657071166 2.5
      vertex 15.561138709017854 25.422238657071166 0
    endloop
  endfacet
  facet normal -0.5956993044924391 0.8032075314806407 4.793986106121605e-18
    outer loop
      vertex 16.62228093207841 25.92412155078982 0
      vertex 16.937573136654578 26.157958186549052 2.5
      vertex 16.937573136654578 26.157958186549052 0
    endloop
  endfacet
  facet normal -0.7409511253549532 0.6715589548470249 -5.793229126401368e-18
    outer loop
      vertex 17.22842712474619 26.42157287525381 0
      vertex 17.492041813450953 26.712426863345417 2.5
      vertex 17.492041813450953 26.712426863345417 0
    endloop
  endfacet
  facet normal -0.8032075314806297 0.5956993044924537 -1.094878548900293e-18
    outer loop
      vertex 17.492041813450953 26.712426863345417 0
      vertex 17.7258784492102 27.02771906792159 2.5
      vertex 17.7258784492102 27.02771906792159 0
    endloop
  endfacet
  facet normal -0.8577286100002781 0.5141027441932117 -2.009553098661768e-18
    outer loop
      vertex 17.7258784492102 27.02771906792159 0
      vertex 17.927685057393433 27.36441305269601 2.5
      vertex 17.927685057393433 27.36441305269601 0
    endloop
  endfacet
  facet normal -0.9039892931234534 0.42755509343026066 -1.521866685472337e-18
    outer loop
      vertex 17.927685057393433 27.36441305269601 0
      vertex 18.09551813004515 27.71926627053964 2.5
      vertex 18.09551813004515 27.71926627053964 0
    endloop
  endfacet
  facet normal 0.24298017990326626 0.9700312531945434 2.563617290076848e-19
    outer loop
      vertex 13.238861290982157 25.422238657071166 0
      vertex 13.619638711935494 25.32685887838708 2.5
      vertex 13.619638711935494 25.32685887838708 0
    endloop
  endfacet
  facet normal 0.33688985339220956 0.9415440651830245 -2.826566707792586e-18
    outer loop
      vertex 12.86926627053964 25.554481869954852 0
      vertex 13.238861290982157 25.422238657071166 2.5
      vertex 13.238861290982157 25.422238657071166 0
    endloop
  endfacet
  facet normal 0.42755509343030385 0.903989293123433 -1.810879404896436e-18
    outer loop
      vertex 12.514413052696028 25.72231494260658 0
      vertex 12.86926627053964 25.554481869954852 2.5
      vertex 12.86926627053964 25.554481869954852 0
    endloop
  endfacet
  facet normal 0.514102744193213 0.8577286100002773 -3.2906058823756315e-18
    outer loop
      vertex 12.1777190679216 25.92412155078982 0
      vertex 12.514413052696028 25.72231494260658 2.5
      vertex 12.514413052696028 25.72231494260658 0
    endloop
  endfacet
  facet normal 0.5956993044924391 0.8032075314806407 -4.793986106121605e-18
    outer loop
      vertex 11.862426863345434 26.157958186549052 0
      vertex 12.1777190679216 25.92412155078982 2.5
      vertex 12.1777190679216 25.92412155078982 0
    endloop
  endfacet
  facet normal 0.6715589548470106 0.7409511253549663 -2.2408042667698592e-18
    outer loop
      vertex 11.571572875253821 26.42157287525381 0
      vertex 11.862426863345434 26.157958186549052 2.5
      vertex 11.862426863345434 26.157958186549052 0
    endloop
  endfacet
  facet normal 0.7409511253549532 0.6715589548470249 5.793229126401368e-18
    outer loop
      vertex 11.307958186549058 26.712426863345417 0
      vertex 11.571572875253821 26.42157287525381 2.5
      vertex 11.571572875253821 26.42157287525381 0
    endloop
  endfacet
  facet normal 0.8032075314806297 0.5956993044924537 1.094878548900293e-18
    outer loop
      vertex 11.074121550789812 27.02771906792159 0
      vertex 11.307958186549058 26.712426863345417 2.5
      vertex 11.307958186549058 26.712426863345417 0
    endloop
  endfacet
  facet normal 0.8577286100002781 0.5141027441932117 2.009553098661768e-18
    outer loop
      vertex 10.872314942606579 27.36441305269601 0
      vertex 11.074121550789812 27.02771906792159 2.5
      vertex 11.074121550789812 27.02771906792159 0
    endloop
  endfacet
  facet normal 0.9039892931234534 0.42755509343026066 1.521866685472337e-18
    outer loop
      vertex 10.704481869954861 27.71926627053964 0
      vertex 10.872314942606579 27.36441305269601 2.5
      vertex 10.872314942606579 27.36441305269601 0
    endloop
  endfacet
  facet normal 0.9415440651830282 0.3368898533921993 3.4123059773596482e-18
    outer loop
      vertex 10.572238657071182 28.088861290982152 0
      vertex 10.704481869954861 27.71926627053964 2.5
      vertex 10.704481869954861 27.71926627053964 0
    endloop
  endfacet
  facet normal -0.9415440651830282 0.3368898533921993 -3.4123059773596482e-18
    outer loop
      vertex 18.09551813004515 27.71926627053964 0
      vertex 18.22776134292883 28.088861290982152 2.5
      vertex 18.22776134292883 28.088861290982152 0
    endloop
  endfacet
  facet normal -0.9700312531945328 0.24298017990330886 -1.739819354654569e-18
    outer loop
      vertex 18.22776134292883 28.088861290982152 0
      vertex 18.323141121612935 28.469638711935488 2.5
      vertex 18.323141121612935 28.469638711935488 0
    endloop
  endfacet
  facet normal -0.9891765099647791 0.1467304744553743 1.293796198687046e-18
    outer loop
      vertex 18.323141121612935 28.469638711935488 0
      vertex 18.380738906688805 28.857931438681756 2.5
      vertex 18.380738906688805 28.857931438681756 0
    endloop
  endfacet
  facet normal -0.9987954562051738 0.0490676743273881 2.777138397558508e-19
    outer loop
      vertex 18.380738906688805 28.857931438681756 0
      vertex 18.400000000000006 29.25 2.5
      vertex 18.400000000000006 29.25 0
    endloop
  endfacet
  facet normal -1 0 0
    outer loop
      vertex 18.400000000000006 29.25 0
      vertex 18.400000000000006 30.75 2.5
      vertex 18.400000000000006 30.75 0
    endloop
  endfacet
  facet normal 0.9700312531945328 0.24298017990330886 1.739819354654569e-18
    outer loop
      vertex 10.476858878387077 28.469638711935488 0
      vertex 10.572238657071182 28.088861290982152 2.5
      vertex 10.572238657071182 28.088861290982152 0
    endloop
  endfacet
  facet normal 0.9891765099647791 0.1467304744553743 -1.293796198687046e-18
    outer loop
      vertex 10.419261093311206 28.857931438681756 0
      vertex 10.476858878387077 28.469638711935488 2.5
      vertex 10.476858878387077 28.469638711935488 0
    endloop
  endfacet
  facet normal 0.9987954562051738 0.0490676743273881 -2.777138397558508e-19
    outer loop
      vertex 10.400000000000006 29.25 0
      vertex 10.419261093311206 28.857931438681756 2.5
      vertex 10.419261093311206 28.857931438681756 0
    endloop
  endfacet
  facet normal 1 0 0
    outer loop
      vertex 10.400000000000006 30.75 0
      vertex 10.400000000000006 29.25 2.5
      vertex 10.400000000000006 29.25 0
    endloop
  endfacet
  facet normal -0.9987954562051738 -0.0490676743273881 -2.777138397558508e-19
    outer loop
      vertex 18.400000000000006 30.75 0
      vertex 18.380738906688805 31.142068561318244 2.5
      vertex 18.380738906688805 31.142068561318244 0
    endloop
  endfacet
  facet normal -0.9891765099647791 -0.1467304744553743 -1.293796198687046e-18
    outer loop
      vertex 18.380738906688805 31.142068561318244 0
      vertex 18.323141121612935 31.530361288064512 2.5
      vertex 18.323141121612935 31.530361288064512 0
    endloop
  endfacet
  facet normal -0.9700312531945328 -0.24298017990330886 1.739819354654569e-18
    outer loop
      vertex 18.323141121612935 31.530361288064512 0
      vertex 18.22776134292883 31.911138709017848 2.5
      vertex 18.22776134292883 31.911138709017848 0
    endloop
  endfacet
  facet normal -0.9415440651830282 -0.3368898533921993 3.4123059773596482e-18
    outer loop
      vertex 18.22776134292883 31.911138709017848 0
      vertex 18.09551813004515 32.28073372946036 2.5
      vertex 18.09551813004515 32.28073372946036 0
    endloop
  endfacet
  facet normal -0.9039892931234534 -0.42755509343026066 1.521866685472337e-18
    outer loop
      vertex 18.09551813004515 32.28073372946036 0
      vertex 17.927685057393433 32.63558694730399 2.5
      vertex 17.927685057393433 32.63558694730399 0
    endloop
  endfacet
  facet normal -0.8577286100002757 -0.5141027441932157 -2.7633128519356198e-18
    outer loop
      vertex 17.927685057393433 32.63558694730399 0
      vertex 17.7258784492102 32.972280932078405 2.5
      vertex 17.7258784492102 32.972280932078405 0
    endloop
  endfacet
  facet normal 0.9987954562051738 -0.0490676743273881 2.777138397558508e-19
    outer loop
      vertex 10.419261093311206 31.142068561318244 0
      vertex 10.400000000000006 30.75 2.5
      vertex 10.400000000000006 30.75 0
    endloop
  endfacet
  facet normal 0.9891765099647791 -0.1467304744553743 1.293796198687046e-18
    outer loop
      vertex 10.476858878387077 31.530361288064512 0
      vertex 10.419261093311206 31.142068561318244 2.5
      vertex 10.419261093311206 31.142068561318244 0
    endloop
  endfacet
  facet normal 0.9700312531945328 -0.24298017990330886 -1.739819354654569e-18
    outer loop
      vertex 10.572238657071182 31.911138709017848 0
      vertex 10.476858878387077 31.530361288064512 2.5
      vertex 10.476858878387077 31.530361288064512 0
    endloop
  endfacet
  facet normal 0.9415440651830282 -0.3368898533921993 -3.4123059773596482e-18
    outer loop
      vertex 10.704481869954861 32.28073372946036 0
      vertex 10.572238657071182 31.911138709017848 2.5
      vertex 10.572238657071182 31.911138709017848 0
    endloop
  endfacet
  facet normal 0.8577286100002757 -0.5141027441932157 2.7633128519356198e-18
    outer loop
      vertex 11.074121550789812 32.972280932078405 0
      vertex 10.872314942606579 32.63558694730399 2.5
      vertex 10.872314942606579 32.63558694730399 0
    endloop
  endfacet
  facet normal 0.9039892931234534 -0.42755509343026066 -1.521866685472337e-18
    outer loop
      vertex 10.872314942606579 32.63558694730399 0
      vertex 10.704481869954861 32.28073372946036 2.5
      vertex 10.704481869954861 32.28073372946036 0
    endloop
  endfacet
  facet normal -0.8032075314806297 -0.5956993044924537 1.094878548900293e-18
    outer loop
      vertex 17.7258784492102 32.972280932078405 0
      vertex 17.492041813450953 33.28757313665458 2.5
      vertex 17.492041813450953 33.28757313665458 0
    endloop
  endfacet
  facet normal -0.7409511253549573 -0.6715589548470204 -1.0704825360189073e-18
    outer loop
      vertex 17.492041813450953 33.28757313665458 0
      vertex 17.22842712474619 33.57842712474619 2.5
      vertex 17.22842712474619 33.57842712474619 0
    endloop
  endfacet
  facet normal -0.6715589548470106 -0.7409511253549663 -2.2408042667698592e-18
    outer loop
      vertex 17.22842712474619 33.57842712474619 0
      vertex 16.937573136654578 33.84204181345095 2.5
      vertex 16.937573136654578 33.84204181345095 0
    endloop
  endfacet
  facet normal -0.5956993044924391 -0.8032075314806407 -4.793986106121605e-18
    outer loop
      vertex 16.937573136654578 33.84204181345095 0
      vertex 16.62228093207841 34.07587844921018 2.5
      vertex 16.62228093207841 34.07587844921018 0
    endloop
  endfacet
  facet normal -0.514102744193213 -0.8577286100002773 -3.2906058823756315e-18
    outer loop
      vertex 16.62228093207841 34.07587844921018 0
      vertex 16.285586947303983 34.27768505739342 2.5
      vertex 16.285586947303983 34.27768505739342 0
    endloop
  endfacet
  facet normal -0.42755509343029646 -0.9039892931234366 3.0314984510991892e-18
    outer loop
      vertex 16.285586947303983 34.27768505739342 0
      vertex 15.930733729460371 34.445518130045144 2.5
      vertex 15.930733729460371 34.445518130045144 0
    endloop
  endfacet
  facet normal -0.33688985339222566 -0.9415440651830188 9.541505835117168e-19
    outer loop
      vertex 15.930733729460371 34.445518130045144 0
      vertex 15.561138709017854 34.57776134292884 2.5
      vertex 15.561138709017854 34.57776134292884 0
    endloop
  endfacet
  facet normal -0.24298017990325776 -0.9700312531945455 -4.0329796121695964e-20
    outer loop
      vertex 15.561138709017854 34.57776134292884 0
      vertex 15.180361288064518 34.67314112161292 2.5
      vertex 15.180361288064518 34.67314112161292 0
    endloop
  endfacet
  facet normal -0.14673047445535528 -0.989176509964782 -4.3338468896261996e-19
    outer loop
      vertex 15.180361288064518 34.67314112161292 0
      vertex 14.792068561318246 34.730738906688785 2.5
      vertex 14.792068561318246 34.730738906688785 0
    endloop
  endfacet
  facet normal 0.514102744193213 -0.8577286100002773 3.2906058823756315e-18
    outer loop
      vertex 12.514413052696028 34.27768505739342 0
      vertex 12.1777190679216 34.07587844921018 2.5
      vertex 12.1777190679216 34.07587844921018 0
    endloop
  endfacet
  facet normal 0.8032075314806297 -0.5956993044924537 -1.094878548900293e-18
    outer loop
      vertex 11.307958186549058 33.28757313665458 0
      vertex 11.074121550789812 32.972280932078405 2.5
      vertex 11.074121550789812 32.972280932078405 0
    endloop
  endfacet
  facet normal 0.7409511253549573 -0.6715589548470204 1.0704825360189073e-18
    outer loop
      vertex 11.571572875253821 33.57842712474619 0
      vertex 11.307958186549058 33.28757313665458 2.5
      vertex 11.307958186549058 33.28757313665458 0
    endloop
  endfacet
  facet normal 0.6715589548470106 -0.7409511253549663 2.2408042667698592e-18
    outer loop
      vertex 11.862426863345434 33.84204181345095 0
      vertex 11.571572875253821 33.57842712474619 2.5
      vertex 11.571572875253821 33.57842712474619 0
    endloop
  endfacet
  facet normal 0.5956993044924391 -0.8032075314806407 4.793986106121605e-18
    outer loop
      vertex 12.1777190679216 34.07587844921018 0
      vertex 11.862426863345434 33.84204181345095 2.5
      vertex 11.862426863345434 33.84204181345095 0
    endloop
  endfacet
  facet normal -0.049067674327424655 -0.9987954562051721 -6.370948467026215e-20
    outer loop
      vertex 14.792068561318246 34.730738906688785 0
      vertex 14.400000000000006 34.75 2.5
      vertex 14.400000000000006 34.75 0
    endloop
  endfacet
  facet normal 0.049067674327424655 -0.9987954562051721 6.370948467026215e-20
    outer loop
      vertex 14.400000000000006 34.75 0
      vertex 14.007931438681766 34.730738906688785 2.5
      vertex 14.007931438681766 34.730738906688785 0
    endloop
  endfacet
  facet normal 0.24298017990325776 -0.9700312531945455 4.0329796121695964e-20
    outer loop
      vertex 13.619638711935494 34.67314112161292 0
      vertex 13.238861290982157 34.57776134292884 2.5
      vertex 13.238861290982157 34.57776134292884 0
    endloop
  endfacet
  facet normal 0.14673047445535528 -0.989176509964782 4.3338468896261996e-19
    outer loop
      vertex 14.007931438681766 34.730738906688785 0
      vertex 13.619638711935494 34.67314112161292 2.5
      vertex 13.619638711935494 34.67314112161292 0
    endloop
  endfacet
  facet normal 0.42755509343029646 -0.9039892931234366 -3.0314984510991892e-18
    outer loop
      vertex 12.86926627053964 34.445518130045144 0
      vertex 12.514413052696028 34.27768505739342 2.5
      vertex 12.514413052696028 34.27768505739342 0
    endloop
  endfacet
  facet normal 0.33688985339222566 -0.9415440651830188 -9.541505835117168e-19
    outer loop
      vertex 13.238861290982157 34.57776134292884 0
      vertex 12.86926627053964 34.445518130045144 2.5
      vertex 12.86926627053964 34.445518130045144 0
    endloop
  endfacet
  facet normal -0.1467304744553641 0.9891765099647807 0
    outer loop
      vertex 14.792068561318246 25.26926109331121 0
      vertex 14.792068561318246 25.26926109331121 2.5
      vertex 15.180361288064518 25.32685887838708 2.5
    endloop
  endfacet
  facet normal -0.04906767432741563 0.9987954562051725 0
    outer loop
      vertex 14.400000000000006 25.25 0
      vertex 14.400000000000006 25.25 2.5
      vertex 14.792068561318246 25.26926109331121 2.5
    endloop
  endfacet
  facet normal 0.04906767432741563 0.9987954562051725 0
    outer loop
      vertex 14.007931438681766 25.26926109331121 0
      vertex 14.007931438681766 25.26926109331121 2.5
      vertex 14.400000000000006 25.25 2.5
    endloop
  endfacet
  facet normal 0.1467304744553641 0.9891765099647807 0
    outer loop
      vertex 13.619638711935494 25.32685887838708 0
      vertex 13.619638711935494 25.32685887838708 2.5
      vertex 14.007931438681766 25.26926109331121 2.5
    endloop
  endfacet
  facet normal -0.6715589548470106 0.7409511253549663 0
    outer loop
      vertex 16.937573136654578 26.157958186549052 0
      vertex 16.937573136654578 26.157958186549052 2.5
      vertex 17.22842712474619 26.42157287525381 2.5
    endloop
  endfacet
  facet normal -0.7409511253549532 0.6715589548470249 0
    outer loop
      vertex 17.22842712474619 26.42157287525381 0
      vertex 17.22842712474619 26.42157287525381 2.5
      vertex 17.492041813450953 26.712426863345417 2.5
    endloop
  endfacet
  facet normal -0.42755509343030385 0.903989293123433 0
    outer loop
      vertex 15.930733729460371 25.554481869954852 0
      vertex 15.930733729460371 25.554481869954852 2.5
      vertex 16.285586947303983 25.72231494260658 2.5
    endloop
  endfacet
  facet normal -0.514102744193213 0.8577286100002773 0
    outer loop
      vertex 16.285586947303983 25.72231494260658 0
      vertex 16.285586947303983 25.72231494260658 2.5
      vertex 16.62228093207841 25.92412155078982 2.5
    endloop
  endfacet
  facet normal -0.33688985339220956 0.9415440651830245 0
    outer loop
      vertex 15.561138709017854 25.422238657071166 0
      vertex 15.561138709017854 25.422238657071166 2.5
      vertex 15.930733729460371 25.554481869954852 2.5
    endloop
  endfacet
  facet normal -0.24298017990326626 0.9700312531945434 0
    outer loop
      vertex 15.180361288064518 25.32685887838708 0
      vertex 15.180361288064518 25.32685887838708 2.5
      vertex 15.561138709017854 25.422238657071166 2.5
    endloop
  endfacet
  facet normal -0.5956993044924391 0.8032075314806407 0
    outer loop
      vertex 16.62228093207841 25.92412155078982 0
      vertex 16.62228093207841 25.92412155078982 2.5
      vertex 16.937573136654578 26.157958186549052 2.5
    endloop
  endfacet
  facet normal -0.8032075314806297 0.5956993044924537 0
    outer loop
      vertex 17.492041813450953 26.712426863345417 0
      vertex 17.492041813450953 26.712426863345417 2.5
      vertex 17.7258784492102 27.02771906792159 2.5
    endloop
  endfacet
  facet normal -0.8577286100002781 0.5141027441932117 0
    outer loop
      vertex 17.7258784492102 27.02771906792159 0
      vertex 17.7258784492102 27.02771906792159 2.5
      vertex 17.927685057393433 27.36441305269601 2.5
    endloop
  endfacet
  facet normal -0.9039892931234534 0.42755509343026066 0
    outer loop
      vertex 17.927685057393433 27.36441305269601 0
      vertex 17.927685057393433 27.36441305269601 2.5
      vertex 18.09551813004515 27.71926627053964 2.5
    endloop
  endfacet
  facet normal -0.9415440651830282 0.3368898533921993 0
    outer loop
      vertex 18.09551813004515 27.71926627053964 0
      vertex 18.09551813004515 27.71926627053964 2.5
      vertex 18.22776134292883 28.088861290982152 2.5
    endloop
  endfacet
  facet normal 0.24298017990326626 0.9700312531945434 0
    outer loop
      vertex 13.238861290982157 25.422238657071166 0
      vertex 13.238861290982157 25.422238657071166 2.5
      vertex 13.619638711935494 25.32685887838708 2.5
    endloop
  endfacet
  facet normal 0.33688985339220956 0.9415440651830245 0
    outer loop
      vertex 12.86926627053964 25.554481869954852 0
      vertex 12.86926627053964 25.554481869954852 2.5
      vertex 13.238861290982157 25.422238657071166 2.5
    endloop
  endfacet
  facet normal 0.42755509343030385 0.903989293123433 0
    outer loop
      vertex 12.514413052696028 25.72231494260658 0
      vertex 12.514413052696028 25.72231494260658 2.5
      vertex 12.86926627053964 25.554481869954852 2.5
    endloop
  endfacet
  facet normal 0.514102744193213 0.8577286100002773 0
    outer loop
      vertex 12.1777190679216 25.92412155078982 0
      vertex 12.1777190679216 25.92412155078982 2.5
      vertex 12.514413052696028 25.72231494260658 2.5
    endloop
  endfacet
  facet normal 0.5956993044924391 0.8032075314806407 0
    outer loop
      vertex 11.862426863345434 26.157958186549052 0
      vertex 11.862426863345434 26.157958186549052 2.5
      vertex 12.1777190679216 25.92412155078982 2.5
    endloop
  endfacet
  facet normal 0.6715589548470106 0.7409511253549663 0
    outer loop
      vertex 11.571572875253821 26.42157287525381 0
      vertex 11.571572875253821 26.42157287525381 2.5
      vertex 11.862426863345434 26.157958186549052 2.5
    endloop
  endfacet
  facet normal 0.7409511253549532 0.6715589548470249 0
    outer loop
      vertex 11.307958186549058 26.712426863345417 0
      vertex 11.307958186549058 26.712426863345417 2.5
      vertex 11.571572875253821 26.42157287525381 2.5
    endloop
  endfacet
  facet normal 0.8032075314806297 0.5956993044924537 0
    outer loop
      vertex 11.074121550789812 27.02771906792159 0
      vertex 11.074121550789812 27.02771906792159 2.5
      vertex 11.307958186549058 26.712426863345417 2.5
    endloop
  endfacet
  facet normal 0.8577286100002781 0.5141027441932117 0
    outer loop
      vertex 10.872314942606579 27.36441305269601 0
      vertex 10.872314942606579 27.36441305269601 2.5
      vertex 11.074121550789812 27.02771906792159 2.5
    endloop
  endfacet
  facet normal 0.9039892931234534 0.42755509343026066 0
    outer loop
      vertex 10.704481869954861 27.71926627053964 0
      vertex 10.704481869954861 27.71926627053964 2.5
      vertex 10.872314942606579 27.36441305269601 2.5
    endloop
  endfacet
  facet normal -0.9700312531945328 0.24298017990330886 0
    outer loop
      vertex 18.22776134292883 28.088861290982152 0
      vertex 18.22776134292883 28.088861290982152 2.5
      vertex 18.323141121612935 28.469638711935488 2.5
    endloop
  endfacet
  facet normal -0.9891765099647791 0.1467304744553743 0
    outer loop
      vertex 18.323141121612935 28.469638711935488 0
      vertex 18.323141121612935 28.469638711935488 2.5
      vertex 18.380738906688805 28.857931438681756 2.5
    endloop
  endfacet
  facet normal -0.9987954562051738 0.0490676743273881 0
    outer loop
      vertex 18.380738906688805 28.857931438681756 0
      vertex 18.380738906688805 28.857931438681756 2.5
      vertex 18.400000000000006 29.25 2.5
    endloop
  endfacet
  facet normal -1 0 0
    outer loop
      vertex 18.400000000000006 29.25 0
      vertex 18.400000000000006 29.25 2.5
      vertex 18.400000000000006 30.75 2.5
    endloop
  endfacet
  facet normal 0.9415440651830282 0.3368898533921993 0
    outer loop
      vertex 10.572238657071182 28.088861290982152 0
      vertex 10.572238657071182 28.088861290982152 2.5
      vertex 10.704481869954861 27.71926627053964 2.5
    endloop
  endfacet
  facet normal 0.9700312531945328 0.24298017990330886 0
    outer loop
      vertex 10.476858878387077 28.469638711935488 0
      vertex 10.476858878387077 28.469638711935488 2.5
      vertex 10.572238657071182 28.088861290982152 2.5
    endloop
  endfacet
  facet normal 0.9891765099647791 0.1467304744553743 0
    outer loop
      vertex 10.419261093311206 28.857931438681756 0
      vertex 10.419261093311206 28.857931438681756 2.5
      vertex 10.476858878387077 28.469638711935488 2.5
    endloop
  endfacet
  facet normal 0.9987954562051738 0.0490676743273881 0
    outer loop
      vertex 10.400000000000006 29.25 0
      vertex 10.400000000000006 29.25 2.5
      vertex 10.419261093311206 28.857931438681756 2.5
    endloop
  endfacet
  facet normal 1 0 0
    outer loop
      vertex 10.400000000000006 30.75 0
      vertex 10.400000000000006 30.75 2.5
      vertex 10.400000000000006 29.25 2.5
    endloop
  endfacet
  facet normal -0.9987954562051738 -0.0490676743273881 0
    outer loop
      vertex 18.400000000000006 30.75 0
      vertex 18.400000000000006 30.75 2.5
      vertex 18.380738906688805 31.142068561318244 2.5
    endloop
  endfacet
  facet normal -0.9891765099647791 -0.1467304744553743 0
    outer loop
      vertex 18.380738906688805 31.142068561318244 0
      vertex 18.380738906688805 31.142068561318244 2.5
      vertex 18.323141121612935 31.530361288064512 2.5
    endloop
  endfacet
  facet normal -0.9700312531945328 -0.24298017990330886 0
    outer loop
      vertex 18.323141121612935 31.530361288064512 0
      vertex 18.323141121612935 31.530361288064512 2.5
      vertex 18.22776134292883 31.911138709017848 2.5
    endloop
  endfacet
  facet normal -0.9415440651830282 -0.3368898533921993 0
    outer loop
      vertex 18.22776134292883 31.911138709017848 0
      vertex 18.22776134292883 31.911138709017848 2.5
      vertex 18.09551813004515 32.28073372946036 2.5
    endloop
  endfacet
  facet normal -0.9039892931234534 -0.42755509343026066 0
    outer loop
      vertex 18.09551813004515 32.28073372946036 0
      vertex 18.09551813004515 32.28073372946036 2.5
      vertex 17.927685057393433 32.63558694730399 2.5
    endloop
  endfacet
  facet normal -0.8577286100002757 -0.5141027441932157 0
    outer loop
      vertex 17.927685057393433 32.63558694730399 0
      vertex 17.927685057393433 32.63558694730399 2.5
      vertex 17.7258784492102 32.972280932078405 2.5
    endloop
  endfacet
  facet normal 0.9987954562051738 -0.0490676743273881 0
    outer loop
      vertex 10.419261093311206 31.142068561318244 0
      vertex 10.419261093311206 31.142068561318244 2.5
      vertex 10.400000000000006 30.75 2.5
    endloop
  endfacet
  facet normal 0.9891765099647791 -0.1467304744553743 0
    outer loop
      vertex 10.476858878387077 31.530361288064512 0
      vertex 10.476858878387077 31.530361288064512 2.5
      vertex 10.419261093311206 31.142068561318244 2.5
    endloop
  endfacet
  facet normal 0.9700312531945328 -0.24298017990330886 0
    outer loop
      vertex 10.572238657071182 31.911138709017848 0
      vertex 10.572238657071182 31.911138709017848 2.5
      vertex 10.476858878387077 31.530361288064512 2.5
    endloop
  endfacet
  facet normal 0.9415440651830282 -0.3368898533921993 0
    outer loop
      vertex 10.704481869954861 32.28073372946036 0
      vertex 10.704481869954861 32.28073372946036 2.5
      vertex 10.572238657071182 31.911138709017848 2.5
    endloop
  endfacet
  facet normal 0.8577286100002757 -0.5141027441932157 0
    outer loop
      vertex 11.074121550789812 32.972280932078405 0
      vertex 11.074121550789812 32.972280932078405 2.5
      vertex 10.872314942606579 32.63558694730399 2.5
    endloop
  endfacet
  facet normal 0.9039892931234534 -0.42755509343026066 0
    outer loop
      vertex 10.872314942606579 32.63558694730399 0
      vertex 10.872314942606579 32.63558694730399 2.5
      vertex 10.704481869954861 32.28073372946036 2.5
    endloop
  endfacet
  facet normal -0.8032075314806297 -0.5956993044924537 0
    outer loop
      vertex 17.7258784492102 32.972280932078405 0
      vertex 17.7258784492102 32.972280932078405 2.5
      vertex 17.492041813450953 33.28757313665458 2.5
    endloop
  endfacet
  facet normal -0.7409511253549573 -0.6715589548470204 0
    outer loop
      vertex 17.492041813450953 33.28757313665458 0
      vertex 17.492041813450953 33.28757313665458 2.5
      vertex 17.22842712474619 33.57842712474619 2.5
    endloop
  endfacet
  facet normal -0.6715589548470106 -0.7409511253549663 0
    outer loop
      vertex 17.22842712474619 33.57842712474619 0
      vertex 17.22842712474619 33.57842712474619 2.5
      vertex 16.937573136654578 33.84204181345095 2.5
    endloop
  endfacet
  facet normal -0.5956993044924391 -0.8032075314806407 0
    outer loop
      vertex 16.937573136654578 33.84204181345095 0
      vertex 16.937573136654578 33.84204181345095 2.5
      vertex 16.62228093207841 34.07587844921018 2.5
    endloop
  endfacet
  facet normal -0.514102744193213 -0.8577286100002773 0
    outer loop
      vertex 16.62228093207841 34.07587844921018 0
      vertex 16.62228093207841 34.07587844921018 2.5
      vertex 16.285586947303983 34.27768505739342 2.5
    endloop
  endfacet
  facet normal -0.42755509343029646 -0.9039892931234366 0
    outer loop
      vertex 16.285586947303983 34.27768505739342 0
      vertex 16.285586947303983 34.27768505739342 2.5
      vertex 15.930733729460371 34.445518130045144 2.5
    endloop
  endfacet
  facet normal -0.33688985339222566 -0.9415440651830188 0
    outer loop
      vertex 15.930733729460371 34.445518130045144 0
      vertex 15.930733729460371 34.445518130045144 2.5
      vertex 15.561138709017854 34.57776134292884 2.5
    endloop
  endfacet
  facet normal -0.24298017990325776 -0.9700312531945455 0
    outer loop
      vertex 15.561138709017854 34.57776134292884 0
      vertex 15.561138709017854 34.57776134292884 2.5
      vertex 15.180361288064518 34.67314112161292 2.5
    endloop
  endfacet
  facet normal -0.14673047445535528 -0.989176509964782 0
    outer loop
      vertex 15.180361288064518 34.67314112161292 0
      vertex 15.180361288064518 34.67314112161292 2.5
      vertex 14.792068561318246 34.730738906688785 2.5
    endloop
  endfacet
  facet normal -0.049067674327424655 -0.9987954562051721 0
    outer loop
      vertex 14.792068561318246 34.730738906688785 0
      vertex 14.792068561318246 34.730738906688785 2.5
      vertex 14.400000000000006 34.75 2.5
    endloop
  endfacet
  facet normal 0.8032075314806297 -0.5956993044924537 0
    outer loop
      vertex 11.307958186549058 33.28757313665458 0
      vertex 11.307958186549058 33.28757313665458 2.5
      vertex 11.074121550789812 32.972280932078405 2.5
    endloop
  endfacet
  facet normal 0.7409511253549573 -0.6715589548470204 0
    outer loop
      vertex 11.571572875253821 33.57842712474619 0
      vertex 11.571572875253821 33.57842712474619 2.5
      vertex 11.307958186549058 33.28757313665458 2.5
    endloop
  endfacet
  facet normal 0.6715589548470106 -0.7409511253549663 0
    outer loop
      vertex 11.862426863345434 33.84204181345095 0
      vertex 11.862426863345434 33.84204181345095 2.5
      vertex 11.571572875253821 33.57842712474619 2.5
    endloop
  endfacet
  facet normal 0.5956993044924391 -0.8032075314806407 0
    outer loop
      vertex 12.1777190679216 34.07587844921018 0
      vertex 12.1777190679216 34.07587844921018 2.5
      vertex 11.862426863345434 33.84204181345095 2.5
    endloop
  endfacet
  facet normal 0.049067674327424655 -0.9987954562051721 0
    outer loop
      vertex 14.400000000000006 34.75 0
      vertex 14.400000000000006 34.75 2.5
      vertex 14.007931438681766 34.730738906688785 2.5
    endloop
  endfacet
  facet normal 0.24298017990325776 -0.9700312531945455 0
    outer loop
      vertex 13.619638711935494 34.67314112161292 0
      vertex 13.619638711935494 34.67314112161292 2.5
      vertex 13.238861290982157 34.57776134292884 2.5
    endloop
  endfacet
  facet normal 0.14673047445535528 -0.989176509964782 0
    outer loop
      vertex 14.007931438681766 34.730738906688785 0
      vertex 14.007931438681766 34.730738906688785 2.5
      vertex 13.619638711935494 34.67314112161292 2.5
    endloop
  endfacet
  facet normal 0.42755509343029646 -0.9039892931234366 0
    outer loop
      vertex 12.86926627053964 34.445518130045144 0
      vertex 12.86926627053964 34.445518130045144 2.5
      vertex 12.514413052696028 34.27768505739342 2.5
    endloop
  endfacet
  facet normal 0.514102744193213 -0.8577286100002773 0
    outer loop
      vertex 12.514413052696028 34.27768505739342 0
      vertex 12.514413052696028 34.27768505739342 2.5
      vertex 12.1777190679216 34.07587844921018 2.5
    endloop
  endfacet
  facet normal 0.33688985339222566 -0.9415440651830188 0
    outer loop
      vertex 13.238861290982157 34.57776134292884 0
      vertex 13.238861290982157 34.57776134292884 2.5
      vertex 12.86926627053964 34.445518130045144 2.5
    endloop
  endfacet
endsolid OpenSCAD_Model
