solid OpenSCAD_Model
  facet normal 0 0 -1
    outer loop
      vertex 154.75 0 0
      vertex 147.6 2.5 0
      vertex 149.6 4.5 0
    endloop
  endfacet
  facet normal 0 0 -1
    outer loop
      vertex 154.75 0 0
      vertex 136.6 2.5 0
      vertex 147.6 2.5 0
    endloop
  endfacet
  facet normal 0 0 -1
    outer loop
      vertex 154.75 0 0
      vertex 149.6 4.5 0
      vertex 149.6 8.5 0
    endloop
  endfacet
  facet normal 0 0 -1
    outer loop
      vertex 154.75 0 0
      vertex 149.6 8.5 0
      vertex 151.45 17 0
    endloop
  endfacet
  facet normal 0 0 -1
    outer loop
      vertex 154.75 0 0
      vertex 90.75 2.5 0
      vertex 136.6 2.5 0
    endloop
  endfacet
  facet normal 0 0 -1
    outer loop
      vertex 134.6 4.5 0
      vertex 136.6 2.5 0
      vertex 90.75 2.5 0
    endloop
  endfacet
  facet normal 0 0 -1
    outer loop
      vertex 134.6 8.5 0
      vertex 134.6 4.5 0
      vertex 90.75 2.5 0
    endloop
  endfacet
  facet normal 0 0 -1
    outer loop
      vertex 154.75 0 0
      vertex 151.45 17 0
      vertex 151.45 21 0
    endloop
  endfacet
  facet normal 0 0 -1
    outer loop
      vertex 148.45 14 0
      vertex 151.45 17 0
      vertex 149.6 8.5 0
    endloop
  endfacet
  facet normal 0 0 -1
    outer loop
      vertex 149.6 8.5 0
      vertex 133.95 14 0
      vertex 148.45 14 0
    endloop
  endfacet
  facet normal 0 0 -1
    outer loop
      vertex 149.6 8.5 0
      vertex 134.6 8.5 0
      vertex 133.95 14 0
    endloop
  endfacet
  facet normal 0 0 -1
    outer loop
      vertex 134.6 8.5 0
      vertex 90.75 18 0
      vertex 133.95 14 0
    endloop
  endfacet
  facet normal 0 0 -1
    outer loop
      vertex 133.95 14 0
      vertex 90.75 18 0
      vertex 133.95 21 0
    endloop
  endfacet
  facet normal 0 0 -1
    outer loop
      vertex 134.6 8.5 0
      vertex 90.75 2.5 0
      vertex 90.75 9.5 0
    endloop
  endfacet
  facet normal 0 0 -1
    outer loop
      vertex 134.6 8.5 0
      vertex 90.75 9.5 0
      vertex 90.75 11 0
    endloop
  endfacet
  facet normal 0 0 -1
    outer loop
      vertex 154.75 0 0
      vertex 0 0 0
      vertex 90.75 2.5 0
    endloop
  endfacet
  facet normal 0 0 -1
    outer loop
      vertex 90.75 9.5 0
      vertex 75.75 9.5 0
      vertex 75.75 11 0
    endloop
  endfacet
  facet normal 0 0 -1
    outer loop
      vertex 90.75 11 0
      vertex 90.75 18 0
      vertex 134.6 8.5 0
    endloop
  endfacet
  facet normal 0 0 -1
    outer loop
      vertex 90.75 9.5 0
      vertex 75.75 11 0
      vertex 90.75 11 0
    endloop
  endfacet
  facet normal 0 0 -1
    outer loop
      vertex 66.15 19.5 0
      vertex 90.75 18 0
      vertex 75.75 18 0
    endloop
  endfacet
  facet normal 0 0 1
    outer loop
      vertex 154.75 0 0.25
      vertex 149.6 4.5 0.25
      vertex 147.6 2.5 0.25
    endloop
  endfacet
  facet normal 0 0 1
    outer loop
      vertex 154.75 0 0.25
      vertex 147.6 2.5 0.25
      vertex 136.6 2.5 0.25
    endloop
  endfacet
  facet normal 0 0 1
    outer loop
      vertex 154.75 0 0.25
      vertex 149.6 8.5 0.25
      vertex 149.6 4.5 0.25
    endloop
  endfacet
  facet normal 0 0 1
    outer loop
      vertex 154.75 0 0.25
      vertex 151.45 17 0.25
      vertex 149.6 8.5 0.25
    endloop
  endfacet
  facet normal 0 0 1
    outer loop
      vertex 154.75 0 0.25
      vertex 136.6 2.5 0.25
      vertex 90.75 2.5 0.25
    endloop
  endfacet
  facet normal 0 0 1
    outer loop
      vertex 136.6 2.5 0.25
      vertex 134.6 4.5 0.25
      vertex 90.75 2.5 0.25
    endloop
  endfacet
  facet normal 0 0 1
    outer loop
      vertex 134.6 4.5 0.25
      vertex 134.6 8.5 0.25
      vertex 90.75 9.5 0.25
    endloop
  endfacet
  facet normal 1 0 0
    outer loop
      vertex 154.75 0 0
      vertex 154.75 40.75 0.25
      vertex 154.75 0 0.25
    endloop
  endfacet
  facet normal 0 0 1
    outer loop
      vertex 154.75 0 0.25
      vertex 151.45 21 0.25
      vertex 151.45 17 0.25
    endloop
  endfacet
  facet normal 0 0 1
    outer loop
      vertex 151.45 17 0.25
      vertex 148.45 14 0.25
      vertex 149.6 8.5 0.25
    endloop
  endfacet
  facet normal 0 0 1
    outer loop
      vertex 134.6 8.5 0.25
      vertex 149.6 8.5 0.25
      vertex 148.45 14 0.25
    endloop
  endfacet
  facet normal 0 0 1
    outer loop
      vertex 134.6 8.5 0.25
      vertex 148.45 14 0.25
      vertex 133.95 14 0.25
    endloop
  endfacet
  facet normal 0 0 1
    outer loop
      vertex 134.6 8.5 0.25
      vertex 133.95 14 0.25
      vertex 90.75 18 0.25
    endloop
  endfacet
  facet normal 0 0 1
    outer loop
      vertex 133.95 21 0.25
      vertex 90.75 18 0.25
      vertex 133.95 14 0.25
    endloop
  endfacet
  facet normal 0 -1 0
    outer loop
      vertex 154.75 0 0
      vertex 154.75 0 0.25
      vertex 0 0 0.25
    endloop
  endfacet
  facet normal 0 0 1
    outer loop
      vertex 154.75 0 0.25
      vertex 90.75 2.5 0.25
      vertex 75.75 2.5 0.25
    endloop
  endfacet
  facet normal 0 0 1
    outer loop
      vertex 154.75 0 0.25
      vertex 75.75 2.5 0.25
      vertex 66.15 2.5 0.25
    endloop
  endfacet
  facet normal 0 0 1
    outer loop
      vertex 90.75 9.5 0.25
      vertex 90.75 2.5 0.25
      vertex 134.6 4.5 0.25
    endloop
  endfacet
  facet normal 0 0 1
    outer loop
      vertex 134.6 8.5 0.25
      vertex 90.75 11 0.25
      vertex 90.75 9.5 0.25
    endloop
  endfacet
  facet normal 0 0 1
    outer loop
      vertex 154.75 0 0.25
      vertex 66.15 2.5 0.25
      vertex 51.150000000000006 2.5 0.25
    endloop
  endfacet
  facet normal 0 0 1
    outer loop
      vertex 154.75 0 0.25
      vertex 51.150000000000006 2.5 0.25
      vertex 45.30314052382255 2.59688424460253 0.25
    endloop
  endfacet
  facet normal 0 0 1
    outer loop
      vertex 154.75 0 0.25
      vertex 45.30314052382255 2.59688424460253 0.25
      vertex 45.0889532245363 2.5432331190927315 0.25
    endloop
  endfacet
  facet normal 0 0 1
    outer loop
      vertex 154.75 0 0.25
      vertex 44.87053856574151 2.510834364987557 0.25
      vertex 44.650000000000006 2.5 0.25
    endloop
  endfacet
  facet normal 0 0 1
    outer loop
      vertex 154.75 0 0.25
      vertex 45.0889532245363 2.5432331190927315 0.25
      vertex 44.87053856574151 2.510834364987557 0.25
    endloop
  endfacet
  facet normal 0 0 1
    outer loop
      vertex 154.75 0 0.25
      vertex 44.650000000000006 2.5 0.25
      vertex 38.650000000000006 2.5 0.25
    endloop
  endfacet
  facet normal 0 0 1
    outer loop
      vertex 75.75 9.5 0.25
      vertex 90.75 9.5 0.25
      vertex 90.75 11 0.25
    endloop
  endfacet
  facet normal 0 0 1
    outer loop
      vertex 90.75 18 0.25
      vertex 90.75 11 0.25
      vertex 134.6 8.5 0.25
    endloop
  endfacet
  facet normal 0 0 1
    outer loop
      vertex 75.75 18 0.25
      vertex 90.75 18 0.25
      vertex 133.95 21 0.25
    endloop
  endfacet
  facet normal 0 0 1
    outer loop
      vertex 75.75 9.5 0.25
      vertex 90.75 11 0.25
      vertex 75.75 11 0.25
    endloop
  endfacet
  facet normal 0 0 -1
    outer loop
      vertex 154.75 0 0
      vertex 151.45 21 0
      vertex 154.75 40.75 0
    endloop
  endfacet
  facet normal 0 0 -1
    outer loop
      vertex 154.75 40.75 0
      vertex 151.45 21 0
      vertex 133.95 21 0
    endloop
  endfacet
  facet normal 0 0 -1
    outer loop
      vertex 154.75 40.75 0
      vertex 133.95 21 0
      vertex 90.75 18 0
    endloop
  endfacet
  facet normal 1 0 0
    outer loop
      vertex 154.75 0 0
      vertex 154.75 40.75 0
      vertex 154.75 40.75 0.25
    endloop
  endfacet
  facet normal 0 0 -1
    outer loop
      vertex 154.75 40.75 0
      vertex 90.75 18 0
      vertex 66.15 32.25 0
    endloop
  endfacet
  facet normal 0 0 -1
    outer loop
      vertex 154.75 40.75 0
      vertex 66.15 32.25 0
      vertex 51.150000000000006 32.25 0
    endloop
  endfacet
  facet normal 0 0 -1
    outer loop
      vertex 154.75 40.75 0
      vertex 51.150000000000006 32.25 0
      vertex 28.66341716182545 34.36939766255644 0
    endloop
  endfacet
  facet normal 0 1 0
    outer loop
      vertex 154.75 40.75 0
      vertex 0 40.75 0
      vertex 154.75 40.75 0.25
    endloop
  endfacet
  facet normal 0 0 1
    outer loop
      vertex 154.75 0 0.25
      vertex 154.75 40.75 0.25
      vertex 151.45 21 0.25
    endloop
  endfacet
  facet normal 0 0 1
    outer loop
      vertex 154.75 40.75 0.25
      vertex 133.95 21 0.25
      vertex 151.45 21 0.25
    endloop
  endfacet
  facet normal 0 0 1
    outer loop
      vertex 154.75 40.75 0.25
      vertex 75.75 18 0.25
      vertex 133.95 21 0.25
    endloop
  endfacet
  facet normal 0 0 1
    outer loop
      vertex 154.75 40.75 0.25
      vertex 66.15 18 0.25
      vertex 75.75 18 0.25
    endloop
  endfacet
  facet normal 0 0 1
    outer loop
      vertex 154.75 40.75 0.25
      vertex 66.15 19.5 0.25
      vertex 66.15 18 0.25
    endloop
  endfacet
  facet normal 0 0 1
    outer loop
      vertex 154.75 40.75 0.25
      vertex 66.15 32.25 0.25
      vertex 66.15 19.5 0.25
    endloop
  endfacet
  facet normal 0 0 1
    outer loop
      vertex 154.75 40.75 0.25
      vertex 27.2400857016478 34.725923633360985 0.25
      vertex 66.15 32.25 0.25
    endloop
  endfacet
  facet normal 0 0 -1
    outer loop
      vertex 75.75 2.5 0
      vertex 66.15 2.5 0
      vertex 75.75 9.5 0
    endloop
  endfacet
  facet normal 0 0 -1
    outer loop
      vertex 75.75 9.5 0
      vertex 66.15 2.5 0
      vertex 66.15 9.5 0
    endloop
  endfacet
  facet normal 0 0 -1
    outer loop
      vertex 75.75 11 0
      vertex 75.75 9.5 0
      vertex 66.15 9.5 0
    endloop
  endfacet
  facet normal 0 0 -1
    outer loop
      vertex 0 0 0
      vertex 75.75 2.5 0
      vertex 90.75 2.5 0
    endloop
  endfacet
  facet normal 0 0 -1
    outer loop
      vertex 0 0 0
      vertex 66.15 2.5 0
      vertex 75.75 2.5 0
    endloop
  endfacet
  facet normal 0 0 -1
    outer loop
      vertex 45.0889532245363 2.5432331190927315 0
      vertex 45.30314052382255 2.59688424460253 0
      vertex 51.150000000000006 2.5 0
    endloop
  endfacet
  facet normal 0 0 -1
    outer loop
      vertex 44.87053856574151 2.510834364987557 0
      vertex 45.0889532245363 2.5432331190927315 0
      vertex 51.150000000000006 2.5 0
    endloop
  endfacet
  facet normal 0 0 -1
    outer loop
      vertex 44.650000000000006 2.5 0
      vertex 44.87053856574151 2.510834364987557 0
      vertex 51.150000000000006 2.5 0
    endloop
  endfacet
  facet normal 0 0 -1
    outer loop
      vertex 0 0 0
      vertex 51.150000000000006 2.5 0
      vertex 66.15 2.5 0
    endloop
  endfacet
  facet normal 0 0 -1
    outer loop
      vertex 45.511037722821456 2.671271051849605 0
      vertex 45.7106426578585 2.765677155216201 0
      vertex 51.150000000000006 2.5 0
    endloop
  endfacet
  facet normal 0 0 -1
    outer loop
      vertex 45.30314052382255 2.59688424460253 0
      vertex 45.511037722821456 2.671271051849605 0
      vertex 51.150000000000006 2.5 0
    endloop
  endfacet
  facet normal 0 0 -1
    outer loop
      vertex 45.7106426578585 2.765677155216201 0
      vertex 45.90003302429412 2.879193372319273 0
      vertex 51.150000000000006 2.5 0
    endloop
  endfacet
  facet normal 0 0 -1
    outer loop
      vertex 45.90003302429412 2.879193372319273 0
      vertex 46.077384889368204 3.010726479933842 0
      vertex 51.150000000000006 2.5 0
    endloop
  endfacet
  facet normal 0 0 -1
    outer loop
      vertex 46.077384889368204 3.010726479933842 0
      vertex 46.240990257669736 3.1590097423302677 0
      vertex 51.150000000000006 2.5 0
    endloop
  endfacet
  facet normal 0 0 -1
    outer loop
      vertex 46.240990257669736 3.1590097423302677 0
      vertex 46.38927352006617 3.322615110631798 0
      vertex 51.150000000000006 2.5 0
    endloop
  endfacet
  facet normal 0 0 -1
    outer loop
      vertex 46.38927352006617 3.322615110631798 0
      vertex 46.52080662768073 3.4999669757058953 0
      vertex 51.150000000000006 2.5 0
    endloop
  endfacet
  facet normal 0 0 -1
    outer loop
      vertex 46.52080662768073 3.4999669757058953 0
      vertex 46.63432284478381 3.6893573421415056 0
      vertex 51.150000000000006 2.5 0
    endloop
  endfacet
  facet normal 0 0 -1
    outer loop
      vertex 46.63432284478381 3.6893573421415056 0
      vertex 46.728728948150405 3.888962277178548 0
      vertex 51.150000000000006 2.5 0
    endloop
  endfacet
  facet normal 0 0 -1
    outer loop
      vertex 46.728728948150405 3.888962277178548 0
      vertex 46.80311575539747 4.0968594761774595 0
      vertex 51.150000000000006 2.5 0
    endloop
  endfacet
  facet normal 0 0 -1
    outer loop
      vertex 46.80311575539747 4.0968594761774595 0
      vertex 46.85676688090727 4.311046775463711 0
      vertex 51.150000000000006 2.5 0
    endloop
  endfacet
  facet normal 0 0 -1
    outer loop
      vertex 46.85676688090727 4.311046775463711 0
      vertex 46.889165635012446 4.529461434258488 0
      vertex 51.150000000000006 2.5 0
    endloop
  endfacet
  facet normal 0 0 -1
    outer loop
      vertex 46.889165635012446 4.529461434258488 0
      vertex 46.900000000000006 4.75 0
      vertex 51.150000000000006 2.5 0
    endloop
  endfacet
  facet normal 0 0 -1
    outer loop
      vertex 51.150000000000006 9.5 0
      vertex 51.150000000000006 2.5 0
      vertex 46.900000000000006 4.75 0
    endloop
  endfacet
  facet normal 0 0 -1
    outer loop
      vertex 66.15 9.5 0
      vertex 51.150000000000006 9.5 0
      vertex 51.150000000000006 11 0
    endloop
  endfacet
  facet normal 0 0 -1
    outer loop
      vertex 51.150000000000006 9.5 0
      vertex 46.900000000000006 4.75 0
      vertex 46.889165635012446 4.970538565741512 0
    endloop
  endfacet
  facet normal 0 0 -1
    outer loop
      vertex 51.150000000000006 9.5 0
      vertex 46.889165635012446 4.970538565741512 0
      vertex 46.85676688090727 5.188953224536289 0
    endloop
  endfacet
  facet normal 0 0 -1
    outer loop
      vertex 51.150000000000006 9.5 0
      vertex 46.85676688090727 5.188953224536289 0
      vertex 46.80311575539747 5.4031405238225405 0
    endloop
  endfacet
  facet normal 0 0 -1
    outer loop
      vertex 51.150000000000006 9.5 0
      vertex 46.80311575539747 5.4031405238225405 0
      vertex 46.728728948150405 5.611037722821452 0
    endloop
  endfacet
  facet normal 0 0 -1
    outer loop
      vertex 46.728728948150405 5.611037722821452 0
      vertex 46.63432284478381 5.810642657858494 0
      vertex 51.150000000000006 9.5 0
    endloop
  endfacet
  facet normal 0 0 -1
    outer loop
      vertex 46.63432284478381 5.810642657858494 0
      vertex 46.52080662768073 6.000033024294105 0
      vertex 51.150000000000006 9.5 0
    endloop
  endfacet
  facet normal 0 0 -1
    outer loop
      vertex 46.52080662768073 6.000033024294105 0
      vertex 46.38927352006617 6.177384889368202 0
      vertex 51.150000000000006 9.5 0
    endloop
  endfacet
  facet normal 0 0 -1
    outer loop
      vertex 46.38927352006617 6.177384889368202 0
      vertex 46.240990257669736 6.340990257669732 0
      vertex 51.150000000000006 9.5 0
    endloop
  endfacet
  facet normal 0 0 -1
    outer loop
      vertex 46.240990257669736 6.340990257669732 0
      vertex 46.077384889368204 6.489273520066158 0
      vertex 51.150000000000006 9.5 0
    endloop
  endfacet
  facet normal 0 0 -1
    outer loop
      vertex 46.077384889368204 6.489273520066158 0
      vertex 45.90003302429412 6.620806627680727 0
      vertex 51.150000000000006 9.5 0
    endloop
  endfacet
  facet normal 0 0 -1
    outer loop
      vertex 45.90003302429412 6.620806627680727 0
      vertex 45.7106426578585 6.734322844783799 0
      vertex 51.150000000000006 9.5 0
    endloop
  endfacet
  facet normal 0 0 -1
    outer loop
      vertex 45.7106426578585 6.734322844783799 0
      vertex 45.511037722821456 6.828728948150395 0
      vertex 51.150000000000006 9.5 0
    endloop
  endfacet
  facet normal 0 0 -1
    outer loop
      vertex 45.511037722821456 6.828728948150395 0
      vertex 45.30314052382255 6.9031157553974705 0
      vertex 51.150000000000006 9.5 0
    endloop
  endfacet
  facet normal 0 0 -1
    outer loop
      vertex 45.30314052382255 6.9031157553974705 0
      vertex 45.0889532245363 6.956766880907269 0
      vertex 51.150000000000006 9.5 0
    endloop
  endfacet
  facet normal 0 0 -1
    outer loop
      vertex 45.0889532245363 6.956766880907269 0
      vertex 44.87053856574151 6.9891656350124425 0
      vertex 51.150000000000006 9.5 0
    endloop
  endfacet
  facet normal 0 0 -1
    outer loop
      vertex 44.87053856574151 6.9891656350124425 0
      vertex 44.650000000000006 7 0
      vertex 51.150000000000006 9.5 0
    endloop
  endfacet
  facet normal 0 0 -1
    outer loop
      vertex 44.650000000000006 7 0
      vertex 38.650000000000006 7 0
      vertex 51.150000000000006 9.5 0
    endloop
  endfacet
  facet normal 0 0 -1
    outer loop
      vertex 51.150000000000006 9.5 0
      vertex 29.106983684129986 9.640393678258224 0
      vertex 51.150000000000006 11 0
    endloop
  endfacet
  facet normal 0 0 -1
    outer loop
      vertex 38.650000000000006 7 0
      vertex 38.4294614342585 6.9891656350124425 0
      vertex 51.150000000000006 9.5 0
    endloop
  endfacet
  facet normal 0 -1 0
    outer loop
      vertex 154.75 0 0
      vertex 0 0 0.25
      vertex 0 0 0
    endloop
  endfacet
  facet normal 0 0 -1
    outer loop
      vertex 75.75 11 0
      vertex 66.15 9.5 0
      vertex 66.15 11 0
    endloop
  endfacet
  facet normal 0 0 -1
    outer loop
      vertex 75.75 11 0
      vertex 66.15 11 0
      vertex 75.75 18 0
    endloop
  endfacet
  facet normal 0 0 -1
    outer loop
      vertex 66.15 9.5 0
      vertex 51.150000000000006 11 0
      vertex 66.15 11 0
    endloop
  endfacet
  facet normal 0 0 -1
    outer loop
      vertex 75.75 18 0
      vertex 66.15 11 0
      vertex 66.15 18 0
    endloop
  endfacet
  facet normal 0 0 -1
    outer loop
      vertex 75.75 18 0
      vertex 66.15 18 0
      vertex 66.15 19.5 0
    endloop
  endfacet
  facet normal 0 0 -1
    outer loop
      vertex 66.15 18 0
      vertex 51.150000000000006 19.5 0
      vertex 66.15 19.5 0
    endloop
  endfacet
  facet normal 0 0 -1
    outer loop
      vertex 51.150000000000006 18 0
      vertex 51.150000000000006 11 0
      vertex 30.285533905932738 10.514466094067263 0
    endloop
  endfacet
  facet normal 0 0 -1
    outer loop
      vertex 66.15 18 0
      vertex 51.150000000000006 18 0
      vertex 51.150000000000006 19.5 0
    endloop
  endfacet
  facet normal 0 0 -1
    outer loop
      vertex 29.106983684129986 18.459606321741777 0
      vertex 51.150000000000006 19.5 0
      vertex 51.150000000000006 18 0
    endloop
  endfacet
  facet normal 0 0 -1
    outer loop
      vertex 0 0 0
      vertex 44.650000000000006 2.5 0
      vertex 51.150000000000006 2.5 0
    endloop
  endfacet
  facet normal 0 0 -1
    outer loop
      vertex 38.211046775463714 2.5432331190927315 0
      vertex 38.4294614342585 2.510834364987557 0
      vertex 12.650000000000006 3.799999999999999 0
    endloop
  endfacet
  facet normal 0 0 -1
    outer loop
      vertex 37.99685947617746 2.59688424460253 0
      vertex 38.211046775463714 2.5432331190927315 0
      vertex 13.042068561318246 3.819261093311211 0
    endloop
  endfacet
  facet normal 0 0 -1
    outer loop
      vertex 37.788962277178555 2.671271051849605 0
      vertex 37.99685947617746 2.59688424460253 0
      vertex 13.430361288064518 3.876858878387077 0
    endloop
  endfacet
  facet normal 0 0 -1
    outer loop
      vertex 37.58935734214151 2.765677155216201 0
      vertex 37.788962277178555 2.671271051849605 0
      vertex 13.811138709017854 3.9722386570711636 0
    endloop
  endfacet
  facet normal 0 0 -1
    outer loop
      vertex 37.399966975705894 2.879193372319273 0
      vertex 37.58935734214151 2.765677155216201 0
      vertex 13.811138709017854 3.9722386570711636 0
    endloop
  endfacet
  facet normal 0 0 -1
    outer loop
      vertex 37.22261511063181 3.010726479933842 0
      vertex 37.399966975705894 2.879193372319273 0
      vertex 13.811138709017854 3.9722386570711636 0
    endloop
  endfacet
  facet normal 0 0 -1
    outer loop
      vertex 37.059009742330275 3.1590097423302677 0
      vertex 37.22261511063181 3.010726479933842 0
      vertex 13.811138709017854 3.9722386570711636 0
    endloop
  endfacet
  facet normal 0 0 -1
    outer loop
      vertex 36.91072647993384 3.322615110631798 0
      vertex 37.059009742330275 3.1590097423302677 0
      vertex 13.811138709017854 3.9722386570711636 0
    endloop
  endfacet
  facet normal 0 0 -1
    outer loop
      vertex 36.779193372319284 3.4999669757058953 0
      vertex 36.91072647993384 3.322615110631798 0
      vertex 13.811138709017854 3.9722386570711636 0
    endloop
  endfacet
  facet normal 0 0 -1
    outer loop
      vertex 36.6656771552162 3.6893573421415056 0
      vertex 36.779193372319284 3.4999669757058953 0
      vertex 13.811138709017854 3.9722386570711636 0
    endloop
  endfacet
  facet normal 0 0 -1
    outer loop
      vertex 36.57127105184961 3.888962277178548 0
      vertex 36.6656771552162 3.6893573421415056 0
      vertex 13.811138709017854 3.9722386570711636 0
    endloop
  endfacet
  facet normal 0 0 -1
    outer loop
      vertex 0 0 0
      vertex 38.650000000000006 2.5 0
      vertex 44.650000000000006 2.5 0
    endloop
  endfacet
  facet normal 0 0 -1
    outer loop
      vertex 0 0 0
      vertex 38.4294614342585 2.510834364987557 0
      vertex 38.650000000000006 2.5 0
    endloop
  endfacet
  facet normal 0 0 -1
    outer loop
      vertex 36.49688424460254 4.0968594761774595 0
      vertex 36.57127105184961 3.888962277178548 0
      vertex 13.811138709017854 3.9722386570711636 0
    endloop
  endfacet
  facet normal 0 0 -1
    outer loop
      vertex 36.44323311909274 4.311046775463711 0
      vertex 36.49688424460254 4.0968594761774595 0
      vertex 13.811138709017854 3.9722386570711636 0
    endloop
  endfacet
  facet normal 0 0 -1
    outer loop
      vertex 36.410834364987565 4.529461434258488 0
      vertex 36.44323311909274 4.311046775463711 0
      vertex 13.811138709017854 3.9722386570711636 0
    endloop
  endfacet
  facet normal 0 0 -1
    outer loop
      vertex 36.400000000000006 4.75 0
      vertex 36.410834364987565 4.529461434258488 0
      vertex 13.811138709017854 3.9722386570711636 0
    endloop
  endfacet
  facet normal 0 0 -1
    outer loop
      vertex 36.410834364987565 4.970538565741512 0
      vertex 36.400000000000006 4.75 0
      vertex 13.811138709017854 3.9722386570711636 0
    endloop
  endfacet
  facet normal 0 0 -1
    outer loop
      vertex 36.44323311909274 5.188953224536289 0
      vertex 36.410834364987565 4.970538565741512 0
      vertex 13.811138709017854 3.9722386570711636 0
    endloop
  endfacet
  facet normal 0 0 -1
    outer loop
      vertex 36.49688424460254 5.4031405238225405 0
      vertex 36.44323311909274 5.188953224536289 0
      vertex 13.811138709017854 3.9722386570711636 0
    endloop
  endfacet
  facet normal 0 0 -1
    outer loop
      vertex 36.57127105184961 5.611037722821452 0
      vertex 36.49688424460254 5.4031405238225405 0
      vertex 13.811138709017854 3.9722386570711636 0
    endloop
  endfacet
  facet normal 0 0 -1
    outer loop
      vertex 13.042068561318246 3.819261093311211 0
      vertex 13.430361288064518 3.876858878387077 0
      vertex 37.99685947617746 2.59688424460253 0
    endloop
  endfacet
  facet normal 0 0 -1
    outer loop
      vertex 12.650000000000006 3.799999999999999 0
      vertex 13.042068561318246 3.819261093311211 0
      vertex 38.211046775463714 2.5432331190927315 0
    endloop
  endfacet
  facet normal 0 0 -1
    outer loop
      vertex 13.430361288064518 3.876858878387077 0
      vertex 13.811138709017854 3.9722386570711636 0
      vertex 37.788962277178555 2.671271051849605 0
    endloop
  endfacet
  facet normal 0 0 -1
    outer loop
      vertex 51.150000000000006 9.5 0
      vertex 38.4294614342585 6.9891656350124425 0
      vertex 13.811138709017854 3.9722386570711636 0
    endloop
  endfacet
  facet normal 0 0 -1
    outer loop
      vertex 36.6656771552162 5.810642657858494 0
      vertex 36.57127105184961 5.611037722821452 0
      vertex 13.811138709017854 3.9722386570711636 0
    endloop
  endfacet
  facet normal 0 0 -1
    outer loop
      vertex 36.779193372319284 6.000033024294105 0
      vertex 36.6656771552162 5.810642657858494 0
      vertex 13.811138709017854 3.9722386570711636 0
    endloop
  endfacet
  facet normal 0 0 -1
    outer loop
      vertex 36.91072647993384 6.177384889368202 0
      vertex 36.779193372319284 6.000033024294105 0
      vertex 13.811138709017854 3.9722386570711636 0
    endloop
  endfacet
  facet normal 0 0 -1
    outer loop
      vertex 37.059009742330275 6.340990257669732 0
      vertex 36.91072647993384 6.177384889368202 0
      vertex 13.811138709017854 3.9722386570711636 0
    endloop
  endfacet
  facet normal 0 0 -1
    outer loop
      vertex 37.22261511063181 6.489273520066158 0
      vertex 37.059009742330275 6.340990257669732 0
      vertex 13.811138709017854 3.9722386570711636 0
    endloop
  endfacet
  facet normal 0 0 -1
    outer loop
      vertex 37.399966975705894 6.620806627680727 0
      vertex 37.22261511063181 6.489273520066158 0
      vertex 13.811138709017854 3.9722386570711636 0
    endloop
  endfacet
  facet normal 0 0 -1
    outer loop
      vertex 37.788962277178555 6.828728948150395 0
      vertex 37.58935734214151 6.734322844783799 0
      vertex 13.811138709017854 3.9722386570711636 0
    endloop
  endfacet
  facet normal 0 0 -1
    outer loop
      vertex 38.211046775463714 6.956766880907269 0
      vertex 37.99685947617746 6.9031157553974705 0
      vertex 13.811138709017854 3.9722386570711636 0
    endloop
  endfacet
  facet normal 0 0 -1
    outer loop
      vertex 38.4294614342585 6.9891656350124425 0
      vertex 38.211046775463714 6.956766880907269 0
      vertex 13.811138709017854 3.9722386570711636 0
    endloop
  endfacet
  facet normal 0 0 -1
    outer loop
      vertex 37.99685947617746 6.9031157553974705 0
      vertex 37.788962277178555 6.828728948150395 0
      vertex 13.811138709017854 3.9722386570711636 0
    endloop
  endfacet
  facet normal 0 0 -1
    outer loop
      vertex 37.58935734214151 6.734322844783799 0
      vertex 37.399966975705894 6.620806627680727 0
      vertex 13.811138709017854 3.9722386570711636 0
    endloop
  endfacet
  facet normal 0 0 -1
    outer loop
      vertex 28.66341716182545 9.430602337443567 0
      vertex 29.106983684129986 9.640393678258224 0
      vertex 51.150000000000006 9.5 0
    endloop
  endfacet
  facet normal 0 0 -1
    outer loop
      vertex 29.106983684129986 9.640393678258224 0
      vertex 29.527851165098014 9.892651938487274 0
      vertex 51.150000000000006 11 0
    endloop
  endfacet
  facet normal 0 0 -1
    outer loop
      vertex 27.72545161008064 9.146073597983849 0
      vertex 28.20142338627231 9.265298321338957 0
      vertex 51.150000000000006 9.5 0
    endloop
  endfacet
  facet normal 0 0 -1
    outer loop
      vertex 28.20142338627231 9.265298321338957 0
      vertex 28.66341716182545 9.430602337443567 0
      vertex 51.150000000000006 9.5 0
    endloop
  endfacet
  facet normal 0 0 -1
    outer loop
      vertex 27.2400857016478 9.074076366639016 0
      vertex 27.72545161008064 9.146073597983849 0
      vertex 51.150000000000006 9.5 0
    endloop
  endfacet
  facet normal 0 0 -1
    outer loop
      vertex 26.75 9.05 0
      vertex 27.2400857016478 9.074076366639016 0
      vertex 51.150000000000006 9.5 0
    endloop
  endfacet
  facet normal 0 0 -1
    outer loop
      vertex 51.150000000000006 9.5 0
      vertex 16.650000000000006 8.799999999999999 0
      vertex 26.75 9.05 0
    endloop
  endfacet
  facet normal 0 0 -1
    outer loop
      vertex 14.180733729460371 4.104481869954852 0
      vertex 14.535586947303983 4.272314942606579 0
      vertex 51.150000000000006 9.5 0
    endloop
  endfacet
  facet normal 0 0 -1
    outer loop
      vertex 14.535586947303983 4.272314942606579 0
      vertex 14.87228093207841 4.4741215507898175 0
      vertex 51.150000000000006 9.5 0
    endloop
  endfacet
  facet normal 0 0 -1
    outer loop
      vertex 14.87228093207841 4.4741215507898175 0
      vertex 15.187573136654578 4.707958186549051 0
      vertex 51.150000000000006 9.5 0
    endloop
  endfacet
  facet normal 0 0 -1
    outer loop
      vertex 13.811138709017854 3.9722386570711636 0
      vertex 14.180733729460371 4.104481869954852 0
      vertex 51.150000000000006 9.5 0
    endloop
  endfacet
  facet normal 0 0 -1
    outer loop
      vertex 15.187573136654578 4.707958186549051 0
      vertex 15.47842712474619 4.971572875253809 0
      vertex 51.150000000000006 9.5 0
    endloop
  endfacet
  facet normal 0 0 -1
    outer loop
      vertex 15.47842712474619 4.971572875253809 0
      vertex 15.742041813450953 5.262426863345417 0
      vertex 51.150000000000006 9.5 0
    endloop
  endfacet
  facet normal 0 0 -1
    outer loop
      vertex 15.742041813450953 5.262426863345417 0
      vertex 15.9758784492102 5.57771906792159 0
      vertex 51.150000000000006 9.5 0
    endloop
  endfacet
  facet normal 0 0 -1
    outer loop
      vertex 15.9758784492102 5.57771906792159 0
      vertex 16.177685057393433 5.914413052696008 0
      vertex 51.150000000000006 9.5 0
    endloop
  endfacet
  facet normal 0 0 -1
    outer loop
      vertex 16.177685057393433 5.914413052696008 0
      vertex 16.34551813004515 6.26926627053964 0
      vertex 51.150000000000006 9.5 0
    endloop
  endfacet
  facet normal 0 0 -1
    outer loop
      vertex 16.34551813004515 6.26926627053964 0
      vertex 16.47776134292883 6.63886129098215 0
      vertex 51.150000000000006 9.5 0
    endloop
  endfacet
  facet normal 0 0 -1
    outer loop
      vertex 16.47776134292883 6.63886129098215 0
      vertex 16.573141121612935 7.019638711935486 0
      vertex 51.150000000000006 9.5 0
    endloop
  endfacet
  facet normal 0 0 -1
    outer loop
      vertex 16.573141121612935 7.019638711935486 0
      vertex 16.630738906688805 7.407931438681756 0
      vertex 51.150000000000006 9.5 0
    endloop
  endfacet
  facet normal 0 0 -1
    outer loop
      vertex 16.630738906688805 7.407931438681756 0
      vertex 16.650000000000006 7.799999999999999 0
      vertex 51.150000000000006 9.5 0
    endloop
  endfacet
  facet normal 0 0 -1
    outer loop
      vertex 16.650000000000006 7.799999999999999 0
      vertex 16.650000000000006 8.799999999999999 0
      vertex 51.150000000000006 9.5 0
    endloop
  endfacet
  facet normal 0 0 -1
    outer loop
      vertex 26.259914298352186 9.074076366639016 0
      vertex 26.75 9.05 0
      vertex 16.650000000000006 8.799999999999999 0
    endloop
  endfacet
  facet normal 0 0 -1
    outer loop
      vertex 25.774548389919346 9.146073597983849 0
      vertex 26.259914298352186 9.074076366639016 0
      vertex 16.650000000000006 8.799999999999999 0
    endloop
  endfacet
  facet normal 0 0 -1
    outer loop
      vertex 25.298576613727676 9.265298321338957 0
      vertex 25.774548389919346 9.146073597983849 0
      vertex 16.650000000000006 8.799999999999999 0
    endloop
  endfacet
  facet normal 0 0 -1
    outer loop
      vertex 24.836582838174564 9.430602337443567 0
      vertex 25.298576613727676 9.265298321338957 0
      vertex 16.650000000000006 8.799999999999999 0
    endloop
  endfacet
  facet normal 0 0 -1
    outer loop
      vertex 16.650000000000006 8.799999999999999 0
      vertex 16.630738906688805 9.19206856131824 0
      vertex 24.836582838174564 9.430602337443567 0
    endloop
  endfacet
  facet normal 0 0 -1
    outer loop
      vertex 16.630738906688805 9.19206856131824 0
      vertex 16.573141121612935 9.580361288064513 0
      vertex 24.836582838174564 9.430602337443567 0
    endloop
  endfacet
  facet normal 0 0 -1
    outer loop
      vertex 0 0 0
      vertex 12.650000000000006 3.799999999999999 0
      vertex 38.4294614342585 2.510834364987557 0
    endloop
  endfacet
  facet normal 0 0 -1
    outer loop
      vertex 0 0 0
      vertex 12.257931438681766 3.819261093311211 0
      vertex 12.650000000000006 3.799999999999999 0
    endloop
  endfacet
  facet normal 0 0 -1
    outer loop
      vertex 0 0 0
      vertex 11.869638711935494 3.876858878387077 0
      vertex 12.257931438681766 3.819261093311211 0
    endloop
  endfacet
  facet normal 0 0 -1
    outer loop
      vertex 0 0 0
      vertex 11.488861290982157 3.9722386570711636 0
      vertex 11.869638711935494 3.876858878387077 0
    endloop
  endfacet
  facet normal 0 0 -1
    outer loop
      vertex 0 0 0
      vertex 11.11926627053964 4.104481869954852 0
      vertex 11.488861290982157 3.9722386570711636 0
    endloop
  endfacet
  facet normal 0 0 -1
    outer loop
      vertex 0 0 0
      vertex 10.764413052696028 4.272314942606579 0
      vertex 11.11926627053964 4.104481869954852 0
    endloop
  endfacet
  facet normal 0 0 -1
    outer loop
      vertex 0 0 0
      vertex 10.4277190679216 4.4741215507898175 0
      vertex 10.764413052696028 4.272314942606579 0
    endloop
  endfacet
  facet normal 0 0 -1
    outer loop
      vertex 0 0 0
      vertex 10.112426863345434 4.707958186549051 0
      vertex 10.4277190679216 4.4741215507898175 0
    endloop
  endfacet
  facet normal 0 0 -1
    outer loop
      vertex 0 0 0
      vertex 9.821572875253821 4.971572875253809 0
      vertex 10.112426863345434 4.707958186549051 0
    endloop
  endfacet
  facet normal 0 0 -1
    outer loop
      vertex 0 0 0
      vertex 9.557958186549058 5.262426863345417 0
      vertex 9.821572875253821 4.971572875253809 0
    endloop
  endfacet
  facet normal 0 0 -1
    outer loop
      vertex 0 0 0
      vertex 9.324121550789812 5.57771906792159 0
      vertex 9.557958186549058 5.262426863345417 0
    endloop
  endfacet
  facet normal 0 0 -1
    outer loop
      vertex 0 0 0
      vertex 9.122314942606579 5.914413052696008 0
      vertex 9.324121550789812 5.57771906792159 0
    endloop
  endfacet
  facet normal 0 0 -1
    outer loop
      vertex 0 0 0
      vertex 8.954481869954861 6.26926627053964 0
      vertex 9.122314942606579 5.914413052696008 0
    endloop
  endfacet
  facet normal 0 0 -1
    outer loop
      vertex 0 0 0
      vertex 8.822238657071182 6.63886129098215 0
      vertex 8.954481869954861 6.26926627053964 0
    endloop
  endfacet
  facet normal 0 0 -1
    outer loop
      vertex 0 0 0
      vertex 8.726858878387077 7.019638711935486 0
      vertex 8.822238657071182 6.63886129098215 0
    endloop
  endfacet
  facet normal 0 0 -1
    outer loop
      vertex 0 0 0
      vertex 8.669261093311206 7.407931438681756 0
      vertex 8.726858878387077 7.019638711935486 0
    endloop
  endfacet
  facet normal 0 0 -1
    outer loop
      vertex 0 0 0
      vertex 8.650000000000006 7.799999999999999 0
      vertex 8.669261093311206 7.407931438681756 0
    endloop
  endfacet
  facet normal 0 0 -1
    outer loop
      vertex 16.573141121612935 9.580361288064513 0
      vertex 16.47776134292883 9.961138709017849 0
      vertex 24.836582838174564 9.430602337443567 0
    endloop
  endfacet
  facet normal 0 0 -1
    outer loop
      vertex 16.47776134292883 9.961138709017849 0
      vertex 16.34551813004515 10.33073372946036 0
      vertex 24.836582838174564 9.430602337443567 0
    endloop
  endfacet
  facet normal 0 0 -1
    outer loop
      vertex 16.34551813004515 10.33073372946036 0
      vertex 16.177685057393433 10.685586947303989 0
      vertex 24.836582838174564 9.430602337443567 0
    endloop
  endfacet
  facet normal 0 0 -1
    outer loop
      vertex 0 0 0
      vertex 8.650000000000006 8.799999999999999 0
      vertex 8.650000000000006 7.799999999999999 0
    endloop
  endfacet
  facet normal 0 0 -1
    outer loop
      vertex 0 0 0
      vertex 8.669261093311206 9.19206856131824 0
      vertex 8.650000000000006 8.799999999999999 0
    endloop
  endfacet
  facet normal 0 0 -1
    outer loop
      vertex 0 0 0
      vertex 8.726858878387077 9.580361288064513 0
      vertex 8.669261093311206 9.19206856131824 0
    endloop
  endfacet
  facet normal 0 0 -1
    outer loop
      vertex 0 0 0
      vertex 8.822238657071182 9.961138709017849 0
      vertex 8.726858878387077 9.580361288064513 0
    endloop
  endfacet
  facet normal 0 0 -1
    outer loop
      vertex 0 0 0
      vertex 8.954481869954861 10.33073372946036 0
      vertex 8.822238657071182 9.961138709017849 0
    endloop
  endfacet
  facet normal 0 0 -1
    outer loop
      vertex 0 0 0
      vertex 9.324121550789812 11.022280932078408 0
      vertex 9.122314942606579 10.685586947303989 0
    endloop
  endfacet
  facet normal 0 0 -1
    outer loop
      vertex 0 0 0
      vertex 9.557958186549058 11.33757313665458 0
      vertex 9.324121550789812 11.022280932078408 0
    endloop
  endfacet
  facet normal 0 0 -1
    outer loop
      vertex 0 0 0
      vertex 9.122314942606579 10.685586947303989 0
      vertex 8.954481869954861 10.33073372946036 0
    endloop
  endfacet
  facet normal 0 0 -1
    outer loop
      vertex 0 0 0
      vertex 11.869638711935494 14.476858878387077 0
      vertex 9.557958186549058 11.33757313665458 0
    endloop
  endfacet
  facet normal 0 0 -1
    outer loop
      vertex 0 0 0
      vertex 11.488861290982157 14.572238657071164 0
      vertex 11.869638711935494 14.476858878387077 0
    endloop
  endfacet
  facet normal 0 0 -1
    outer loop
      vertex 0 0 0
      vertex 11.11926627053964 14.70448186995485 0
      vertex 11.488861290982157 14.572238657071164 0
    endloop
  endfacet
  facet normal 0 0 -1
    outer loop
      vertex 0 0 0
      vertex 10.764413052696028 14.872314942606579 0
      vertex 11.11926627053964 14.70448186995485 0
    endloop
  endfacet
  facet normal 0 0 -1
    outer loop
      vertex 0 0 0
      vertex 10.4277190679216 15.074121550789817 0
      vertex 10.764413052696028 14.872314942606579 0
    endloop
  endfacet
  facet normal 0 0 -1
    outer loop
      vertex 0 0 0
      vertex 10.112426863345434 15.307958186549051 0
      vertex 10.4277190679216 15.074121550789817 0
    endloop
  endfacet
  facet normal 0 0 -1
    outer loop
      vertex 29.527851165098014 9.892651938487274 0
      vertex 29.921966420818222 10.184947733186316 0
      vertex 51.150000000000006 11 0
    endloop
  endfacet
  facet normal 0 0 -1
    outer loop
      vertex 29.921966420818222 10.184947733186316 0
      vertex 30.285533905932738 10.514466094067263 0
      vertex 51.150000000000006 11 0
    endloop
  endfacet
  facet normal 0 0 -1
    outer loop
      vertex 51.150000000000006 18 0
      vertex 30.285533905932738 10.514466094067263 0
      vertex 30.61505226681369 10.878033579181773 0
    endloop
  endfacet
  facet normal 0 0 -1
    outer loop
      vertex 51.150000000000006 18 0
      vertex 30.61505226681369 10.878033579181773 0
      vertex 30.90734806151272 11.27214883490199 0
    endloop
  endfacet
  facet normal 0 0 -1
    outer loop
      vertex 51.150000000000006 18 0
      vertex 30.90734806151272 11.27214883490199 0
      vertex 31.159606321741776 11.693016315870013 0
    endloop
  endfacet
  facet normal 0 0 -1
    outer loop
      vertex 51.150000000000006 18 0
      vertex 31.159606321741776 11.693016315870013 0
      vertex 31.369397662556437 12.13658283817455 0
    endloop
  endfacet
  facet normal 0 0 -1
    outer loop
      vertex 51.150000000000006 18 0
      vertex 31.369397662556437 12.13658283817455 0
      vertex 31.534701678661037 12.598576613727689 0
    endloop
  endfacet
  facet normal 0 0 -1
    outer loop
      vertex 51.150000000000006 18 0
      vertex 31.534701678661037 12.598576613727689 0
      vertex 31.653926402016154 13.074548389919359 0
    endloop
  endfacet
  facet normal 0 0 -1
    outer loop
      vertex 51.150000000000006 18 0
      vertex 31.653926402016154 13.074548389919359 0
      vertex 31.725923633360992 13.559914298352197 0
    endloop
  endfacet
  facet normal 0 0 -1
    outer loop
      vertex 51.150000000000006 18 0
      vertex 31.725923633360992 13.559914298352197 0
      vertex 31.75 14.05 0
    endloop
  endfacet
  facet normal 0 0 -1
    outer loop
      vertex 24.39301631587 9.640393678258224 0
      vertex 24.836582838174564 9.430602337443567 0
      vertex 11.869638711935494 14.476858878387077 0
    endloop
  endfacet
  facet normal 0 0 -1
    outer loop
      vertex 23.972148834901986 9.892651938487274 0
      vertex 24.39301631587 9.640393678258224 0
      vertex 11.869638711935494 14.476858878387077 0
    endloop
  endfacet
  facet normal 0 0 -1
    outer loop
      vertex 23.578033579181778 10.184947733186316 0
      vertex 23.972148834901986 9.892651938487274 0
      vertex 12.257931438681766 14.41926109331121 0
    endloop
  endfacet
  facet normal 0 0 -1
    outer loop
      vertex 23.214466094067262 10.514466094067263 0
      vertex 23.578033579181778 10.184947733186316 0
      vertex 12.650000000000006 14.399999999999999 0
    endloop
  endfacet
  facet normal 0 0 -1
    outer loop
      vertex 22.884947733186323 10.878033579181773 0
      vertex 23.214466094067262 10.514466094067263 0
      vertex 13.042068561318246 14.41926109331121 0
    endloop
  endfacet
  facet normal 0 0 -1
    outer loop
      vertex 22.59265193848728 11.27214883490199 0
      vertex 22.884947733186323 10.878033579181773 0
      vertex 13.430361288064518 14.476858878387077 0
    endloop
  endfacet
  facet normal 0 0 -1
    outer loop
      vertex 22.340393678258238 11.693016315870013 0
      vertex 22.59265193848728 11.27214883490199 0
      vertex 13.811138709017854 14.572238657071164 0
    endloop
  endfacet
  facet normal 0 0 -1
    outer loop
      vertex 22.130602337443577 12.13658283817455 0
      vertex 22.340393678258238 11.693016315870013 0
      vertex 14.180733729460371 14.70448186995485 0
    endloop
  endfacet
  facet normal 0 0 -1
    outer loop
      vertex 21.965298321338963 12.598576613727689 0
      vertex 22.130602337443577 12.13658283817455 0
      vertex 14.535586947303983 14.872314942606579 0
    endloop
  endfacet
  facet normal 0 0 -1
    outer loop
      vertex 21.84607359798386 13.074548389919359 0
      vertex 21.965298321338963 12.598576613727689 0
      vertex 14.87228093207841 15.074121550789817 0
    endloop
  endfacet
  facet normal 0 0 -1
    outer loop
      vertex 21.774076366639008 13.559914298352197 0
      vertex 21.84607359798386 13.074548389919359 0
      vertex 15.47842712474619 15.571572875253809 0
    endloop
  endfacet
  facet normal 0 0 -1
    outer loop
      vertex 21.75 14.05 0
      vertex 21.774076366639008 13.559914298352197 0
      vertex 15.742041813450953 15.862426863345416 0
    endloop
  endfacet
  facet normal 0 0 -1
    outer loop
      vertex 21.774076366639008 14.540085701647804 0
      vertex 21.75 14.05 0
      vertex 15.9758784492102 16.17771906792159 0
    endloop
  endfacet
  facet normal 0 0 -1
    outer loop
      vertex 31.75 14.05 0
      vertex 31.725923633360992 14.540085701647804 0
      vertex 51.150000000000006 18 0
    endloop
  endfacet
  facet normal 0 0 -1
    outer loop
      vertex 31.725923633360992 14.540085701647804 0
      vertex 31.653926402016154 15.025451610080642 0
      vertex 51.150000000000006 18 0
    endloop
  endfacet
  facet normal 0 0 -1
    outer loop
      vertex 31.653926402016154 15.025451610080642 0
      vertex 31.534701678661037 15.501423386272313 0
      vertex 51.150000000000006 18 0
    endloop
  endfacet
  facet normal 0 0 -1
    outer loop
      vertex 31.534701678661037 15.501423386272313 0
      vertex 31.369397662556437 15.96341716182545 0
      vertex 51.150000000000006 18 0
    endloop
  endfacet
  facet normal 0 0 -1
    outer loop
      vertex 31.369397662556437 15.96341716182545 0
      vertex 31.159606321741776 16.40698368412999 0
      vertex 51.150000000000006 18 0
    endloop
  endfacet
  facet normal 0 0 -1
    outer loop
      vertex 31.159606321741776 16.40698368412999 0
      vertex 30.90734806151272 16.82785116509801 0
      vertex 51.150000000000006 18 0
    endloop
  endfacet
  facet normal 0 0 -1
    outer loop
      vertex 30.90734806151272 16.82785116509801 0
      vertex 30.61505226681369 17.221966420818227 0
      vertex 51.150000000000006 18 0
    endloop
  endfacet
  facet normal 0 0 -1
    outer loop
      vertex 30.61505226681369 17.221966420818227 0
      vertex 30.285533905932738 17.58553390593274 0
      vertex 51.150000000000006 18 0
    endloop
  endfacet
  facet normal 0 0 -1
    outer loop
      vertex 30.285533905932738 17.58553390593274 0
      vertex 29.921966420818222 17.915052266813685 0
      vertex 51.150000000000006 18 0
    endloop
  endfacet
  facet normal 0 0 -1
    outer loop
      vertex 29.921966420818222 17.915052266813685 0
      vertex 29.527851165098014 18.207348061512725 0
      vertex 51.150000000000006 18 0
    endloop
  endfacet
  facet normal 0 0 -1
    outer loop
      vertex 29.527851165098014 18.207348061512725 0
      vertex 29.106983684129986 18.459606321741777 0
      vertex 51.150000000000006 18 0
    endloop
  endfacet
  facet normal 0 0 -1
    outer loop
      vertex 29.106983684129986 18.459606321741777 0
      vertex 28.66341716182545 18.669397662556435 0
      vertex 51.150000000000006 19.5 0
    endloop
  endfacet
  facet normal 0 0 -1
    outer loop
      vertex 28.66341716182545 18.669397662556435 0
      vertex 28.20142338627231 18.834701678661045 0
      vertex 51.150000000000006 19.5 0
    endloop
  endfacet
  facet normal 0 0 -1
    outer loop
      vertex 28.20142338627231 18.834701678661045 0
      vertex 27.72545161008064 18.95392640201615 0
      vertex 51.150000000000006 19.5 0
    endloop
  endfacet
  facet normal 0 0 -1
    outer loop
      vertex 27.72545161008064 18.95392640201615 0
      vertex 27.2400857016478 19.025923633360986 0
      vertex 51.150000000000006 19.5 0
    endloop
  endfacet
  facet normal 0 0 -1
    outer loop
      vertex 27.2400857016478 19.025923633360986 0
      vertex 26.75 19.05 0
      vertex 51.150000000000006 19.5 0
    endloop
  endfacet
  facet normal 0 0 -1
    outer loop
      vertex 16.650000000000006 19.9 0
      vertex 51.150000000000006 19.5 0
      vertex 26.75 19.05 0
    endloop
  endfacet
  facet normal 0 0 -1
    outer loop
      vertex 21.84607359798386 15.025451610080642 0
      vertex 21.774076366639008 14.540085701647804 0
      vertex 16.177685057393433 16.514413052696007 0
    endloop
  endfacet
  facet normal 0 0 -1
    outer loop
      vertex 21.965298321338963 15.501423386272313 0
      vertex 21.84607359798386 15.025451610080642 0
      vertex 16.34551813004515 16.86926627053964 0
    endloop
  endfacet
  facet normal 0 0 -1
    outer loop
      vertex 22.130602337443577 15.96341716182545 0
      vertex 21.965298321338963 15.501423386272313 0
      vertex 16.47776134292883 17.23886129098215 0
    endloop
  endfacet
  facet normal 0 0 -1
    outer loop
      vertex 22.340393678258238 16.40698368412999 0
      vertex 22.130602337443577 15.96341716182545 0
      vertex 16.573141121612935 17.619638711935487 0
    endloop
  endfacet
  facet normal 0 0 -1
    outer loop
      vertex 22.59265193848728 16.82785116509801 0
      vertex 22.340393678258238 16.40698368412999 0
      vertex 16.630738906688805 18.007931438681755 0
    endloop
  endfacet
  facet normal 0 0 -1
    outer loop
      vertex 22.884947733186323 17.221966420818227 0
      vertex 22.59265193848728 16.82785116509801 0
      vertex 16.650000000000006 18.4 0
    endloop
  endfacet
  facet normal 0 0 -1
    outer loop
      vertex 24.836582838174564 18.669397662556435 0
      vertex 24.39301631587 18.459606321741777 0
      vertex 16.650000000000006 19.9 0
    endloop
  endfacet
  facet normal 0 0 -1
    outer loop
      vertex 23.214466094067262 17.58553390593274 0
      vertex 22.884947733186323 17.221966420818227 0
      vertex 16.650000000000006 19.9 0
    endloop
  endfacet
  facet normal 0 0 -1
    outer loop
      vertex 23.972148834901986 18.207348061512725 0
      vertex 23.578033579181778 17.915052266813685 0
      vertex 16.650000000000006 19.9 0
    endloop
  endfacet
  facet normal 0 0 -1
    outer loop
      vertex 23.578033579181778 17.915052266813685 0
      vertex 23.214466094067262 17.58553390593274 0
      vertex 16.650000000000006 19.9 0
    endloop
  endfacet
  facet normal 0 0 -1
    outer loop
      vertex 24.39301631587 18.459606321741777 0
      vertex 23.972148834901986 18.207348061512725 0
      vertex 16.650000000000006 19.9 0
    endloop
  endfacet
  facet normal 0 0 -1
    outer loop
      vertex 26.75 19.05 0
      vertex 26.259914298352186 19.025923633360986 0
      vertex 16.650000000000006 19.9 0
    endloop
  endfacet
  facet normal 0 0 -1
    outer loop
      vertex 25.774548389919346 18.95392640201615 0
      vertex 25.298576613727676 18.834701678661045 0
      vertex 16.650000000000006 19.9 0
    endloop
  endfacet
  facet normal 0 0 -1
    outer loop
      vertex 26.259914298352186 19.025923633360986 0
      vertex 25.774548389919346 18.95392640201615 0
      vertex 16.650000000000006 19.9 0
    endloop
  endfacet
  facet normal 0 0 -1
    outer loop
      vertex 24.836582838174564 18.669397662556435 0
      vertex 16.650000000000006 19.9 0
      vertex 25.298576613727676 18.834701678661045 0
    endloop
  endfacet
  facet normal 0 0 -1
    outer loop
      vertex 16.177685057393433 10.685586947303989 0
      vertex 15.9758784492102 11.022280932078408 0
      vertex 24.836582838174564 9.430602337443567 0
    endloop
  endfacet
  facet normal 0 0 -1
    outer loop
      vertex 15.9758784492102 11.022280932078408 0
      vertex 15.742041813450953 11.33757313665458 0
      vertex 24.836582838174564 9.430602337443567 0
    endloop
  endfacet
  facet normal 0 0 -1
    outer loop
      vertex 15.742041813450953 11.33757313665458 0
      vertex 15.47842712474619 11.628427124746189 0
      vertex 24.836582838174564 9.430602337443567 0
    endloop
  endfacet
  facet normal 0 0 -1
    outer loop
      vertex 15.47842712474619 11.628427124746189 0
      vertex 15.187573136654578 11.892041813450946 0
      vertex 24.836582838174564 9.430602337443567 0
    endloop
  endfacet
  facet normal 0 0 -1
    outer loop
      vertex 15.187573136654578 11.892041813450946 0
      vertex 14.87228093207841 12.12587844921018 0
      vertex 24.836582838174564 9.430602337443567 0
    endloop
  endfacet
  facet normal 0 0 -1
    outer loop
      vertex 14.87228093207841 12.12587844921018 0
      vertex 14.535586947303983 12.327685057393419 0
      vertex 24.836582838174564 9.430602337443567 0
    endloop
  endfacet
  facet normal 0 0 -1
    outer loop
      vertex 14.535586947303983 12.327685057393419 0
      vertex 14.180733729460371 12.495518130045145 0
      vertex 24.836582838174564 9.430602337443567 0
    endloop
  endfacet
  facet normal 0 0 -1
    outer loop
      vertex 14.180733729460371 12.495518130045145 0
      vertex 13.811138709017854 12.627761342928835 0
      vertex 24.836582838174564 9.430602337443567 0
    endloop
  endfacet
  facet normal 0 0 -1
    outer loop
      vertex 11.869638711935494 14.476858878387077 0
      vertex 24.836582838174564 9.430602337443567 0
      vertex 13.811138709017854 12.627761342928835 0
    endloop
  endfacet
  facet normal 0 0 -1
    outer loop
      vertex 9.821572875253821 11.628427124746189 0
      vertex 9.557958186549058 11.33757313665458 0
      vertex 11.869638711935494 14.476858878387077 0
    endloop
  endfacet
  facet normal 0 0 -1
    outer loop
      vertex 10.112426863345434 11.892041813450946 0
      vertex 9.821572875253821 11.628427124746189 0
      vertex 11.869638711935494 14.476858878387077 0
    endloop
  endfacet
  facet normal 0 0 -1
    outer loop
      vertex 14.180733729460371 14.70448186995485 0
      vertex 14.535586947303983 14.872314942606579 0
      vertex 22.130602337443577 12.13658283817455 0
    endloop
  endfacet
  facet normal 0 0 -1
    outer loop
      vertex 11.869638711935494 14.476858878387077 0
      vertex 12.257931438681766 14.41926109331121 0
      vertex 23.972148834901986 9.892651938487274 0
    endloop
  endfacet
  facet normal 0 0 -1
    outer loop
      vertex 12.257931438681766 14.41926109331121 0
      vertex 12.650000000000006 14.399999999999999 0
      vertex 23.578033579181778 10.184947733186316 0
    endloop
  endfacet
  facet normal 0 0 -1
    outer loop
      vertex 13.042068561318246 14.41926109331121 0
      vertex 13.430361288064518 14.476858878387077 0
      vertex 22.884947733186323 10.878033579181773 0
    endloop
  endfacet
  facet normal 0 0 -1
    outer loop
      vertex 12.650000000000006 14.399999999999999 0
      vertex 13.042068561318246 14.41926109331121 0
      vertex 23.214466094067262 10.514466094067263 0
    endloop
  endfacet
  facet normal 0 0 -1
    outer loop
      vertex 13.430361288064518 14.476858878387077 0
      vertex 13.811138709017854 14.572238657071164 0
      vertex 22.59265193848728 11.27214883490199 0
    endloop
  endfacet
  facet normal 0 0 -1
    outer loop
      vertex 13.811138709017854 14.572238657071164 0
      vertex 14.180733729460371 14.70448186995485 0
      vertex 22.340393678258238 11.693016315870013 0
    endloop
  endfacet
  facet normal 0 0 -1
    outer loop
      vertex 21.965298321338963 12.598576613727689 0
      vertex 14.535586947303983 14.872314942606579 0
      vertex 14.87228093207841 15.074121550789817 0
    endloop
  endfacet
  facet normal 0 0 -1
    outer loop
      vertex 21.84607359798386 13.074548389919359 0
      vertex 14.87228093207841 15.074121550789817 0
      vertex 15.187573136654578 15.307958186549051 0
    endloop
  endfacet
  facet normal 0 0 -1
    outer loop
      vertex 15.187573136654578 15.307958186549051 0
      vertex 15.47842712474619 15.571572875253809 0
      vertex 21.84607359798386 13.074548389919359 0
    endloop
  endfacet
  facet normal 0 0 -1
    outer loop
      vertex 15.47842712474619 15.571572875253809 0
      vertex 15.742041813450953 15.862426863345416 0
      vertex 21.774076366639008 13.559914298352197 0
    endloop
  endfacet
  facet normal 0 0 -1
    outer loop
      vertex 13.811138709017854 12.627761342928835 0
      vertex 13.430361288064518 12.72314112161292 0
      vertex 11.869638711935494 14.476858878387077 0
    endloop
  endfacet
  facet normal 0 0 -1
    outer loop
      vertex 13.430361288064518 12.72314112161292 0
      vertex 13.042068561318246 12.780738906688786 0
      vertex 11.869638711935494 14.476858878387077 0
    endloop
  endfacet
  facet normal 0 0 -1
    outer loop
      vertex 13.042068561318246 12.780738906688786 0
      vertex 12.650000000000006 12.799999999999999 0
      vertex 11.869638711935494 14.476858878387077 0
    endloop
  endfacet
  facet normal 0 0 -1
    outer loop
      vertex 12.650000000000006 12.799999999999999 0
      vertex 12.257931438681766 12.780738906688786 0
      vertex 11.869638711935494 14.476858878387077 0
    endloop
  endfacet
  facet normal 0 0 -1
    outer loop
      vertex 10.764413052696028 12.327685057393419 0
      vertex 10.4277190679216 12.12587844921018 0
      vertex 11.869638711935494 14.476858878387077 0
    endloop
  endfacet
  facet normal 0 0 -1
    outer loop
      vertex 11.488861290982157 12.627761342928835 0
      vertex 11.11926627053964 12.495518130045145 0
      vertex 11.869638711935494 14.476858878387077 0
    endloop
  endfacet
  facet normal 0 0 -1
    outer loop
      vertex 12.257931438681766 12.780738906688786 0
      vertex 11.869638711935494 12.72314112161292 0
      vertex 11.869638711935494 14.476858878387077 0
    endloop
  endfacet
  facet normal 0 0 -1
    outer loop
      vertex 11.869638711935494 12.72314112161292 0
      vertex 11.488861290982157 12.627761342928835 0
      vertex 11.869638711935494 14.476858878387077 0
    endloop
  endfacet
  facet normal 0 0 -1
    outer loop
      vertex 11.11926627053964 12.495518130045145 0
      vertex 10.764413052696028 12.327685057393419 0
      vertex 11.869638711935494 14.476858878387077 0
    endloop
  endfacet
  facet normal 0 0 -1
    outer loop
      vertex 10.4277190679216 12.12587844921018 0
      vertex 10.112426863345434 11.892041813450946 0
      vertex 11.869638711935494 14.476858878387077 0
    endloop
  endfacet
  facet normal 0 0 -1
    outer loop
      vertex 0 0 0
      vertex 9.821572875253821 15.571572875253809 0
      vertex 10.112426863345434 15.307958186549051 0
    endloop
  endfacet
  facet normal 0 0 -1
    outer loop
      vertex 0 0 0
      vertex 9.557958186549058 15.862426863345416 0
      vertex 9.821572875253821 15.571572875253809 0
    endloop
  endfacet
  facet normal 0 0 -1
    outer loop
      vertex 0 0 0
      vertex 9.324121550789812 16.17771906792159 0
      vertex 9.557958186549058 15.862426863345416 0
    endloop
  endfacet
  facet normal 0 0 -1
    outer loop
      vertex 0 0 0
      vertex 9.122314942606579 16.514413052696007 0
      vertex 9.324121550789812 16.17771906792159 0
    endloop
  endfacet
  facet normal 0 0 -1
    outer loop
      vertex 0 0 0
      vertex 8.954481869954861 16.86926627053964 0
      vertex 9.122314942606579 16.514413052696007 0
    endloop
  endfacet
  facet normal 0 0 -1
    outer loop
      vertex 0 0 0
      vertex 8.822238657071182 17.23886129098215 0
      vertex 8.954481869954861 16.86926627053964 0
    endloop
  endfacet
  facet normal 0 0 -1
    outer loop
      vertex 0 0 0
      vertex 8.726858878387077 17.619638711935487 0
      vertex 8.822238657071182 17.23886129098215 0
    endloop
  endfacet
  facet normal 0 0 -1
    outer loop
      vertex 0 0 0
      vertex 8.669261093311206 18.007931438681755 0
      vertex 8.726858878387077 17.619638711935487 0
    endloop
  endfacet
  facet normal 0 0 -1
    outer loop
      vertex 0 0 0
      vertex 8.650000000000006 18.4 0
      vertex 8.669261093311206 18.007931438681755 0
    endloop
  endfacet
  facet normal 0 0 -1
    outer loop
      vertex 0 0 0
      vertex 8.650000000000006 19.9 0
      vertex 8.650000000000006 18.4 0
    endloop
  endfacet
  facet normal 0 0 -1
    outer loop
      vertex 0 0 0
      vertex 8.669261093311206 20.292068561318242 0
      vertex 8.650000000000006 19.9 0
    endloop
  endfacet
  facet normal 0 0 -1
    outer loop
      vertex 0 0 0
      vertex 8.726858878387077 20.68036128806451 0
      vertex 8.669261093311206 20.292068561318242 0
    endloop
  endfacet
  facet normal 0 0 -1
    outer loop
      vertex 0 0 0
      vertex 8.822238657071182 21.061138709017847 0
      vertex 8.726858878387077 20.68036128806451 0
    endloop
  endfacet
  facet normal 0 0 -1
    outer loop
      vertex 0 0 0
      vertex 8.954481869954861 21.430733729460357 0
      vertex 8.822238657071182 21.061138709017847 0
    endloop
  endfacet
  facet normal 0 0 -1
    outer loop
      vertex 15.742041813450953 15.862426863345416 0
      vertex 15.9758784492102 16.17771906792159 0
      vertex 21.75 14.05 0
    endloop
  endfacet
  facet normal 0 0 -1
    outer loop
      vertex 15.9758784492102 16.17771906792159 0
      vertex 16.177685057393433 16.514413052696007 0
      vertex 21.774076366639008 14.540085701647804 0
    endloop
  endfacet
  facet normal 0 0 -1
    outer loop
      vertex 16.34551813004515 16.86926627053964 0
      vertex 16.47776134292883 17.23886129098215 0
      vertex 21.965298321338963 15.501423386272313 0
    endloop
  endfacet
  facet normal 0 0 -1
    outer loop
      vertex 16.177685057393433 16.514413052696007 0
      vertex 16.34551813004515 16.86926627053964 0
      vertex 21.84607359798386 15.025451610080642 0
    endloop
  endfacet
  facet normal 0 0 -1
    outer loop
      vertex 22.130602337443577 15.96341716182545 0
      vertex 16.47776134292883 17.23886129098215 0
      vertex 16.573141121612935 17.619638711935487 0
    endloop
  endfacet
  facet normal 0 0 -1
    outer loop
      vertex 22.340393678258238 16.40698368412999 0
      vertex 16.573141121612935 17.619638711935487 0
      vertex 16.630738906688805 18.007931438681755 0
    endloop
  endfacet
  facet normal 0 0 -1
    outer loop
      vertex 22.59265193848728 16.82785116509801 0
      vertex 16.630738906688805 18.007931438681755 0
      vertex 16.650000000000006 18.4 0
    endloop
  endfacet
  facet normal 0 0 -1
    outer loop
      vertex 22.884947733186323 17.221966420818227 0
      vertex 16.650000000000006 18.4 0
      vertex 16.650000000000006 19.9 0
    endloop
  endfacet
  facet normal 0 0 -1
    outer loop
      vertex 0 0 0
      vertex 8.954481869954861 27.96926627053964 0
      vertex 8.954481869954861 21.430733729460357 0
    endloop
  endfacet
  facet normal 0 0 -1
    outer loop
      vertex 0 0 0
      vertex 8.822238657071182 28.338861290982152 0
      vertex 8.954481869954861 27.96926627053964 0
    endloop
  endfacet
  facet normal 0 0 -1
    outer loop
      vertex 0 0 0
      vertex 8.726858878387077 28.719638711935488 0
      vertex 8.822238657071182 28.338861290982152 0
    endloop
  endfacet
  facet normal 0 0 -1
    outer loop
      vertex 0 0 0
      vertex 8.669261093311206 29.107931438681756 0
      vertex 8.726858878387077 28.719638711935488 0
    endloop
  endfacet
  facet normal -1 0 0
    outer loop
      vertex 0 0 0
      vertex 0 0 0.25
      vertex 0 40.75 0
    endloop
  endfacet
  facet normal 0 0 1
    outer loop
      vertex 75.75 2.5 0.25
      vertex 66.15 9.5 0.25
      vertex 66.15 2.5 0.25
    endloop
  endfacet
  facet normal 0 0 1
    outer loop
      vertex 154.75 0 0.25
      vertex 38.650000000000006 2.5 0.25
      vertex 0 0 0.25
    endloop
  endfacet
  facet normal 0 0 1
    outer loop
      vertex 75.75 2.5 0.25
      vertex 75.75 9.5 0.25
      vertex 66.15 9.5 0.25
    endloop
  endfacet
  facet normal 0 0 1
    outer loop
      vertex 75.75 9.5 0.25
      vertex 66.15 11 0.25
      vertex 66.15 9.5 0.25
    endloop
  endfacet
  facet normal 0 0 1
    outer loop
      vertex 51.150000000000006 9.5 0.25
      vertex 66.15 9.5 0.25
      vertex 66.15 11 0.25
    endloop
  endfacet
  facet normal 0 0 1
    outer loop
      vertex 45.7106426578585 2.765677155216201 0.25
      vertex 45.511037722821456 2.671271051849605 0.25
      vertex 51.150000000000006 2.5 0.25
    endloop
  endfacet
  facet normal 0 0 1
    outer loop
      vertex 45.30314052382255 2.59688424460253 0.25
      vertex 51.150000000000006 2.5 0.25
      vertex 45.511037722821456 2.671271051849605 0.25
    endloop
  endfacet
  facet normal 0 0 1
    outer loop
      vertex 45.90003302429412 2.879193372319273 0.25
      vertex 45.7106426578585 2.765677155216201 0.25
      vertex 51.150000000000006 2.5 0.25
    endloop
  endfacet
  facet normal 0 0 1
    outer loop
      vertex 46.077384889368204 3.010726479933842 0.25
      vertex 45.90003302429412 2.879193372319273 0.25
      vertex 51.150000000000006 2.5 0.25
    endloop
  endfacet
  facet normal 0 0 1
    outer loop
      vertex 46.240990257669736 3.1590097423302677 0.25
      vertex 46.077384889368204 3.010726479933842 0.25
      vertex 51.150000000000006 2.5 0.25
    endloop
  endfacet
  facet normal 0 0 1
    outer loop
      vertex 46.38927352006617 3.322615110631798 0.25
      vertex 46.240990257669736 3.1590097423302677 0.25
      vertex 51.150000000000006 2.5 0.25
    endloop
  endfacet
  facet normal 0 0 1
    outer loop
      vertex 46.52080662768073 3.4999669757058953 0.25
      vertex 46.38927352006617 3.322615110631798 0.25
      vertex 51.150000000000006 2.5 0.25
    endloop
  endfacet
  facet normal 0 0 1
    outer loop
      vertex 46.63432284478381 3.6893573421415056 0.25
      vertex 46.52080662768073 3.4999669757058953 0.25
      vertex 51.150000000000006 2.5 0.25
    endloop
  endfacet
  facet normal 0 0 1
    outer loop
      vertex 46.728728948150405 3.888962277178548 0.25
      vertex 46.63432284478381 3.6893573421415056 0.25
      vertex 51.150000000000006 2.5 0.25
    endloop
  endfacet
  facet normal 0 0 1
    outer loop
      vertex 46.80311575539747 4.0968594761774595 0.25
      vertex 46.728728948150405 3.888962277178548 0.25
      vertex 51.150000000000006 2.5 0.25
    endloop
  endfacet
  facet normal 0 0 1
    outer loop
      vertex 46.85676688090727 4.311046775463711 0.25
      vertex 46.80311575539747 4.0968594761774595 0.25
      vertex 51.150000000000006 2.5 0.25
    endloop
  endfacet
  facet normal 0 0 1
    outer loop
      vertex 46.889165635012446 4.529461434258488 0.25
      vertex 46.85676688090727 4.311046775463711 0.25
      vertex 51.150000000000006 2.5 0.25
    endloop
  endfacet
  facet normal 0 0 1
    outer loop
      vertex 46.900000000000006 4.75 0.25
      vertex 46.889165635012446 4.529461434258488 0.25
      vertex 51.150000000000006 2.5 0.25
    endloop
  endfacet
  facet normal 0 0 1
    outer loop
      vertex 51.150000000000006 2.5 0.25
      vertex 46.889165635012446 4.970538565741512 0.25
      vertex 46.900000000000006 4.75 0.25
    endloop
  endfacet
  facet normal 0 0 1
    outer loop
      vertex 51.150000000000006 2.5 0.25
      vertex 46.85676688090727 5.188953224536289 0.25
      vertex 46.889165635012446 4.970538565741512 0.25
    endloop
  endfacet
  facet normal 0 0 1
    outer loop
      vertex 51.150000000000006 2.5 0.25
      vertex 46.80311575539747 5.4031405238225405 0.25
      vertex 46.85676688090727 5.188953224536289 0.25
    endloop
  endfacet
  facet normal 0 0 1
    outer loop
      vertex 51.150000000000006 2.5 0.25
      vertex 46.728728948150405 5.611037722821452 0.25
      vertex 46.80311575539747 5.4031405238225405 0.25
    endloop
  endfacet
  facet normal 0 0 1
    outer loop
      vertex 51.150000000000006 2.5 0.25
      vertex 46.63432284478381 5.810642657858494 0.25
      vertex 46.728728948150405 5.611037722821452 0.25
    endloop
  endfacet
  facet normal 0 0 1
    outer loop
      vertex 51.150000000000006 2.5 0.25
      vertex 51.150000000000006 9.5 0.25
      vertex 46.63432284478381 5.810642657858494 0.25
    endloop
  endfacet
  facet normal 0 0 1
    outer loop
      vertex 46.52080662768073 6.000033024294105 0.25
      vertex 46.63432284478381 5.810642657858494 0.25
      vertex 51.150000000000006 9.5 0.25
    endloop
  endfacet
  facet normal 0 0 1
    outer loop
      vertex 46.38927352006617 6.177384889368202 0.25
      vertex 46.52080662768073 6.000033024294105 0.25
      vertex 51.150000000000006 9.5 0.25
    endloop
  endfacet
  facet normal 0 0 1
    outer loop
      vertex 46.240990257669736 6.340990257669732 0.25
      vertex 46.38927352006617 6.177384889368202 0.25
      vertex 51.150000000000006 9.5 0.25
    endloop
  endfacet
  facet normal 0 0 1
    outer loop
      vertex 46.077384889368204 6.489273520066158 0.25
      vertex 46.240990257669736 6.340990257669732 0.25
      vertex 51.150000000000006 9.5 0.25
    endloop
  endfacet
  facet normal 0 0 1
    outer loop
      vertex 45.90003302429412 6.620806627680727 0.25
      vertex 46.077384889368204 6.489273520066158 0.25
      vertex 51.150000000000006 9.5 0.25
    endloop
  endfacet
  facet normal 0 0 1
    outer loop
      vertex 45.7106426578585 6.734322844783799 0.25
      vertex 45.90003302429412 6.620806627680727 0.25
      vertex 51.150000000000006 9.5 0.25
    endloop
  endfacet
  facet normal 0 0 1
    outer loop
      vertex 45.511037722821456 6.828728948150395 0.25
      vertex 45.7106426578585 6.734322844783799 0.25
      vertex 51.150000000000006 9.5 0.25
    endloop
  endfacet
  facet normal 0 0 1
    outer loop
      vertex 45.30314052382255 6.9031157553974705 0.25
      vertex 45.511037722821456 6.828728948150395 0.25
      vertex 51.150000000000006 9.5 0.25
    endloop
  endfacet
  facet normal 0 0 1
    outer loop
      vertex 45.0889532245363 6.956766880907269 0.25
      vertex 45.30314052382255 6.9031157553974705 0.25
      vertex 51.150000000000006 9.5 0.25
    endloop
  endfacet
  facet normal 0 0 1
    outer loop
      vertex 44.87053856574151 6.9891656350124425 0.25
      vertex 45.0889532245363 6.956766880907269 0.25
      vertex 51.150000000000006 9.5 0.25
    endloop
  endfacet
  facet normal 0 0 1
    outer loop
      vertex 44.650000000000006 7 0.25
      vertex 44.87053856574151 6.9891656350124425 0.25
      vertex 51.150000000000006 9.5 0.25
    endloop
  endfacet
  facet normal 0 0 1
    outer loop
      vertex 38.650000000000006 7 0.25
      vertex 44.650000000000006 7 0.25
      vertex 51.150000000000006 9.5 0.25
    endloop
  endfacet
  facet normal 0 0 1
    outer loop
      vertex 38.4294614342585 6.9891656350124425 0.25
      vertex 38.650000000000006 7 0.25
      vertex 51.150000000000006 9.5 0.25
    endloop
  endfacet
  facet normal 0 0 1
    outer loop
      vertex 38.211046775463714 6.956766880907269 0.25
      vertex 38.4294614342585 6.9891656350124425 0.25
      vertex 51.150000000000006 9.5 0.25
    endloop
  endfacet
  facet normal 0 0 1
    outer loop
      vertex 75.75 11 0.25
      vertex 66.15 11 0.25
      vertex 75.75 9.5 0.25
    endloop
  endfacet
  facet normal 0 0 1
    outer loop
      vertex 75.75 11 0.25
      vertex 66.15 18 0.25
      vertex 66.15 11 0.25
    endloop
  endfacet
  facet normal 0 0 1
    outer loop
      vertex 75.75 11 0.25
      vertex 75.75 18 0.25
      vertex 66.15 18 0.25
    endloop
  endfacet
  facet normal 0 0 1
    outer loop
      vertex 51.150000000000006 18 0.25
      vertex 66.15 18 0.25
      vertex 66.15 19.5 0.25
    endloop
  endfacet
  facet normal 0 0 1
    outer loop
      vertex 51.150000000000006 9.5 0.25
      vertex 66.15 11 0.25
      vertex 51.150000000000006 11 0.25
    endloop
  endfacet
  facet normal 0 0 1
    outer loop
      vertex 51.150000000000006 11 0.25
      vertex 51.150000000000006 18 0.25
      vertex 29.106983684129986 9.640393678258224 0.25
    endloop
  endfacet
  facet normal 0 0 1
    outer loop
      vertex 51.150000000000006 18 0.25
      vertex 66.15 19.5 0.25
      vertex 51.150000000000006 19.5 0.25
    endloop
  endfacet
  facet normal 0 0 1
    outer loop
      vertex 51.150000000000006 18 0.25
      vertex 51.150000000000006 19.5 0.25
      vertex 29.106983684129986 9.640393678258224 0.25
    endloop
  endfacet
  facet normal 0 0 1
    outer loop
      vertex 0 0 0.25
      vertex 38.650000000000006 2.5 0.25
      vertex 38.4294614342585 2.510834364987557 0.25
    endloop
  endfacet
  facet normal 0 0 1
    outer loop
      vertex 0 0 0.25
      vertex 38.4294614342585 2.510834364987557 0.25
      vertex 38.211046775463714 2.5432331190927315 0.25
    endloop
  endfacet
  facet normal 0 0 1
    outer loop
      vertex 0 0 0.25
      vertex 38.211046775463714 2.5432331190927315 0.25
      vertex 37.99685947617746 2.59688424460253 0.25
    endloop
  endfacet
  facet normal 0 0 1
    outer loop
      vertex 0 0 0.25
      vertex 37.99685947617746 2.59688424460253 0.25
      vertex 37.788962277178555 2.671271051849605 0.25
    endloop
  endfacet
  facet normal 0 0 1
    outer loop
      vertex 0 0 0.25
      vertex 37.788962277178555 2.671271051849605 0.25
      vertex 37.58935734214151 2.765677155216201 0.25
    endloop
  endfacet
  facet normal 0 0 1
    outer loop
      vertex 0 0 0.25
      vertex 37.58935734214151 2.765677155216201 0.25
      vertex 37.399966975705894 2.879193372319273 0.25
    endloop
  endfacet
  facet normal 0 0 1
    outer loop
      vertex 0 0 0.25
      vertex 37.399966975705894 2.879193372319273 0.25
      vertex 37.22261511063181 3.010726479933842 0.25
    endloop
  endfacet
  facet normal 0 0 1
    outer loop
      vertex 0 0 0.25
      vertex 37.22261511063181 3.010726479933842 0.25
      vertex 37.059009742330275 3.1590097423302677 0.25
    endloop
  endfacet
  facet normal 0 0 1
    outer loop
      vertex 0 0 0.25
      vertex 37.059009742330275 3.1590097423302677 0.25
      vertex 36.91072647993384 3.322615110631798 0.25
    endloop
  endfacet
  facet normal 0 0 1
    outer loop
      vertex 0 0 0.25
      vertex 36.91072647993384 3.322615110631798 0.25
      vertex 36.779193372319284 3.4999669757058953 0.25
    endloop
  endfacet
  facet normal 0 0 1
    outer loop
      vertex 0 0 0.25
      vertex 36.779193372319284 3.4999669757058953 0.25
      vertex 36.6656771552162 3.6893573421415056 0.25
    endloop
  endfacet
  facet normal 0 0 1
    outer loop
      vertex 0 0 0.25
      vertex 36.6656771552162 3.6893573421415056 0.25
      vertex 36.57127105184961 3.888962277178548 0.25
    endloop
  endfacet
  facet normal 0 0 1
    outer loop
      vertex 0 0 0.25
      vertex 36.57127105184961 3.888962277178548 0.25
      vertex 36.49688424460254 4.0968594761774595 0.25
    endloop
  endfacet
  facet normal 0 0 1
    outer loop
      vertex 0 0 0.25
      vertex 36.49688424460254 4.0968594761774595 0.25
      vertex 36.44323311909274 4.311046775463711 0.25
    endloop
  endfacet
  facet normal 0 0 1
    outer loop
      vertex 0 0 0.25
      vertex 36.44323311909274 4.311046775463711 0.25
      vertex 36.410834364987565 4.529461434258488 0.25
    endloop
  endfacet
  facet normal 0 0 1
    outer loop
      vertex 0 0 0.25
      vertex 36.410834364987565 4.529461434258488 0.25
      vertex 36.400000000000006 4.75 0.25
    endloop
  endfacet
  facet normal 0 0 1
    outer loop
      vertex 0 0 0.25
      vertex 36.400000000000006 4.75 0.25
      vertex 36.410834364987565 4.970538565741512 0.25
    endloop
  endfacet
  facet normal 0 0 1
    outer loop
      vertex 0 0 0.25
      vertex 36.410834364987565 4.970538565741512 0.25
      vertex 36.44323311909274 5.188953224536289 0.25
    endloop
  endfacet
  facet normal 0 0 1
    outer loop
      vertex 0 0 0.25
      vertex 36.44323311909274 5.188953224536289 0.25
      vertex 36.49688424460254 5.4031405238225405 0.25
    endloop
  endfacet
  facet normal 0 0 1
    outer loop
      vertex 0 0 0.25
      vertex 36.49688424460254 5.4031405238225405 0.25
      vertex 36.57127105184961 5.611037722821452 0.25
    endloop
  endfacet
  facet normal 0 0 1
    outer loop
      vertex 0 0 0.25
      vertex 36.57127105184961 5.611037722821452 0.25
      vertex 36.6656771552162 5.810642657858494 0.25
    endloop
  endfacet
  facet normal 0 0 1
    outer loop
      vertex 0 0 0.25
      vertex 36.6656771552162 5.810642657858494 0.25
      vertex 36.779193372319284 6.000033024294105 0.25
    endloop
  endfacet
  facet normal 0 0 1
    outer loop
      vertex 0 0 0.25
      vertex 36.779193372319284 6.000033024294105 0.25
      vertex 36.91072647993384 6.177384889368202 0.25
    endloop
  endfacet
  facet normal 0 0 1
    outer loop
      vertex 0 0 0.25
      vertex 37.22261511063181 6.489273520066158 0.25
      vertex 37.399966975705894 6.620806627680727 0.25
    endloop
  endfacet
  facet normal 0 0 1
    outer loop
      vertex 0 0 0.25
      vertex 37.399966975705894 6.620806627680727 0.25
      vertex 37.58935734214151 6.734322844783799 0.25
    endloop
  endfacet
  facet normal 0 0 1
    outer loop
      vertex 0 0 0.25
      vertex 36.91072647993384 6.177384889368202 0.25
      vertex 37.059009742330275 6.340990257669732 0.25
    endloop
  endfacet
  facet normal 0 0 1
    outer loop
      vertex 0 0 0.25
      vertex 37.059009742330275 6.340990257669732 0.25
      vertex 37.22261511063181 6.489273520066158 0.25
    endloop
  endfacet
  facet normal 0 0 1
    outer loop
      vertex 0 0 0.25
      vertex 37.99685947617746 6.9031157553974705 0.25
      vertex 38.211046775463714 6.956766880907269 0.25
    endloop
  endfacet
  facet normal 0 0 1
    outer loop
      vertex 0 0 0.25
      vertex 37.58935734214151 6.734322844783799 0.25
      vertex 37.788962277178555 6.828728948150395 0.25
    endloop
  endfacet
  facet normal 0 0 1
    outer loop
      vertex 0 0 0.25
      vertex 37.788962277178555 6.828728948150395 0.25
      vertex 37.99685947617746 6.9031157553974705 0.25
    endloop
  endfacet
  facet normal 0 0 1
    outer loop
      vertex 0 0 0.25
      vertex 51.150000000000006 11 0.25
      vertex 13.811138709017854 3.9722386570711636 0.25
    endloop
  endfacet
  facet normal 0 0 1
    outer loop
      vertex 0 0 0.25
      vertex 51.150000000000006 9.5 0.25
      vertex 51.150000000000006 11 0.25
    endloop
  endfacet
  facet normal 0 0 1
    outer loop
      vertex 0 0 0.25
      vertex 38.211046775463714 6.956766880907269 0.25
      vertex 51.150000000000006 9.5 0.25
    endloop
  endfacet
  facet normal 0 0 1
    outer loop
      vertex 51.150000000000006 11 0.25
      vertex 29.106983684129986 9.640393678258224 0.25
      vertex 28.66341716182545 9.430602337443567 0.25
    endloop
  endfacet
  facet normal 0 0 1
    outer loop
      vertex 51.150000000000006 11 0.25
      vertex 28.66341716182545 9.430602337443567 0.25
      vertex 28.20142338627231 9.265298321338957 0.25
    endloop
  endfacet
  facet normal 0 0 1
    outer loop
      vertex 51.150000000000006 11 0.25
      vertex 28.20142338627231 9.265298321338957 0.25
      vertex 14.180733729460371 4.104481869954852 0.25
    endloop
  endfacet
  facet normal 0 0 1
    outer loop
      vertex 51.150000000000006 11 0.25
      vertex 14.180733729460371 4.104481869954852 0.25
      vertex 13.811138709017854 3.9722386570711636 0.25
    endloop
  endfacet
  facet normal 0 0 1
    outer loop
      vertex 28.20142338627231 9.265298321338957 0.25
      vertex 27.72545161008064 9.146073597983849 0.25
      vertex 14.535586947303983 4.272314942606579 0.25
    endloop
  endfacet
  facet normal 0 0 1
    outer loop
      vertex 27.72545161008064 9.146073597983849 0.25
      vertex 27.2400857016478 9.074076366639016 0.25
      vertex 14.87228093207841 4.4741215507898175 0.25
    endloop
  endfacet
  facet normal 0 0 1
    outer loop
      vertex 27.2400857016478 9.074076366639016 0.25
      vertex 26.75 9.05 0.25
      vertex 15.187573136654578 4.707958186549051 0.25
    endloop
  endfacet
  facet normal 0 0 1
    outer loop
      vertex 26.75 9.05 0.25
      vertex 26.259914298352186 9.074076366639016 0.25
      vertex 15.47842712474619 4.971572875253809 0.25
    endloop
  endfacet
  facet normal 0 0 1
    outer loop
      vertex 26.259914298352186 9.074076366639016 0.25
      vertex 25.774548389919346 9.146073597983849 0.25
      vertex 15.742041813450953 5.262426863345417 0.25
    endloop
  endfacet
  facet normal 0 0 1
    outer loop
      vertex 25.774548389919346 9.146073597983849 0.25
      vertex 25.298576613727676 9.265298321338957 0.25
      vertex 15.9758784492102 5.57771906792159 0.25
    endloop
  endfacet
  facet normal 0 0 1
    outer loop
      vertex 25.298576613727676 9.265298321338957 0.25
      vertex 24.836582838174564 9.430602337443567 0.25
      vertex 16.177685057393433 5.914413052696008 0.25
    endloop
  endfacet
  facet normal 0 0 1
    outer loop
      vertex 24.836582838174564 9.430602337443567 0.25
      vertex 24.39301631587 9.640393678258224 0.25
      vertex 16.34551813004515 6.26926627053964 0.25
    endloop
  endfacet
  facet normal 0 0 1
    outer loop
      vertex 24.39301631587 9.640393678258224 0.25
      vertex 23.972148834901986 9.892651938487274 0.25
      vertex 16.47776134292883 6.63886129098215 0.25
    endloop
  endfacet
  facet normal 0 0 1
    outer loop
      vertex 23.972148834901986 9.892651938487274 0.25
      vertex 23.578033579181778 10.184947733186316 0.25
      vertex 16.630738906688805 7.407931438681756 0.25
    endloop
  endfacet
  facet normal 0 0 1
    outer loop
      vertex 23.578033579181778 10.184947733186316 0.25
      vertex 23.214466094067262 10.514466094067263 0.25
      vertex 16.650000000000006 7.799999999999999 0.25
    endloop
  endfacet
  facet normal 0 0 1
    outer loop
      vertex 16.650000000000006 8.799999999999999 0.25
      vertex 23.214466094067262 10.514466094067263 0.25
      vertex 22.884947733186323 10.878033579181773 0.25
    endloop
  endfacet
  facet normal 0 0 1
    outer loop
      vertex 0 0 0.25
      vertex 13.042068561318246 3.819261093311211 0.25
      vertex 12.650000000000006 3.799999999999999 0.25
    endloop
  endfacet
  facet normal 0 0 1
    outer loop
      vertex 0 0 0.25
      vertex 12.650000000000006 3.799999999999999 0.25
      vertex 12.257931438681766 3.819261093311211 0.25
    endloop
  endfacet
  facet normal 0 0 1
    outer loop
      vertex 0 0 0.25
      vertex 13.811138709017854 3.9722386570711636 0.25
      vertex 13.430361288064518 3.876858878387077 0.25
    endloop
  endfacet
  facet normal 0 0 1
    outer loop
      vertex 0 0 0.25
      vertex 13.430361288064518 3.876858878387077 0.25
      vertex 13.042068561318246 3.819261093311211 0.25
    endloop
  endfacet
  facet normal 0 0 1
    outer loop
      vertex 0 0 0.25
      vertex 12.257931438681766 3.819261093311211 0.25
      vertex 11.869638711935494 3.876858878387077 0.25
    endloop
  endfacet
  facet normal 0 0 1
    outer loop
      vertex 0 0 0.25
      vertex 11.869638711935494 3.876858878387077 0.25
      vertex 11.488861290982157 3.9722386570711636 0.25
    endloop
  endfacet
  facet normal 0 0 1
    outer loop
      vertex 0 0 0.25
      vertex 11.488861290982157 3.9722386570711636 0.25
      vertex 11.11926627053964 4.104481869954852 0.25
    endloop
  endfacet
  facet normal 0 0 1
    outer loop
      vertex 0 0 0.25
      vertex 11.11926627053964 4.104481869954852 0.25
      vertex 10.764413052696028 4.272314942606579 0.25
    endloop
  endfacet
  facet normal 0 0 1
    outer loop
      vertex 0 0 0.25
      vertex 10.764413052696028 4.272314942606579 0.25
      vertex 10.4277190679216 4.4741215507898175 0.25
    endloop
  endfacet
  facet normal 0 0 1
    outer loop
      vertex 0 0 0.25
      vertex 10.4277190679216 4.4741215507898175 0.25
      vertex 10.112426863345434 4.707958186549051 0.25
    endloop
  endfacet
  facet normal 0 0 1
    outer loop
      vertex 0 0 0.25
      vertex 10.112426863345434 4.707958186549051 0.25
      vertex 9.821572875253821 4.971572875253809 0.25
    endloop
  endfacet
  facet normal 0 0 1
    outer loop
      vertex 0 0 0.25
      vertex 9.821572875253821 4.971572875253809 0.25
      vertex 9.557958186549058 5.262426863345417 0.25
    endloop
  endfacet
  facet normal 0 0 1
    outer loop
      vertex 0 0 0.25
      vertex 9.557958186549058 5.262426863345417 0.25
      vertex 9.324121550789812 5.57771906792159 0.25
    endloop
  endfacet
  facet normal 0 0 1
    outer loop
      vertex 0 0 0.25
      vertex 9.324121550789812 5.57771906792159 0.25
      vertex 9.122314942606579 5.914413052696008 0.25
    endloop
  endfacet
  facet normal 0 0 1
    outer loop
      vertex 0 0 0.25
      vertex 9.122314942606579 5.914413052696008 0.25
      vertex 8.954481869954861 6.26926627053964 0.25
    endloop
  endfacet
  facet normal 0 0 1
    outer loop
      vertex 0 0 0.25
      vertex 8.954481869954861 6.26926627053964 0.25
      vertex 8.822238657071182 6.63886129098215 0.25
    endloop
  endfacet
  facet normal 0 0 1
    outer loop
      vertex 0 0 0.25
      vertex 8.822238657071182 6.63886129098215 0.25
      vertex 8.726858878387077 7.019638711935486 0.25
    endloop
  endfacet
  facet normal 0 0 1
    outer loop
      vertex 0 0 0.25
      vertex 8.726858878387077 7.019638711935486 0.25
      vertex 8.669261093311206 7.407931438681756 0.25
    endloop
  endfacet
  facet normal 0 0 1
    outer loop
      vertex 0 0 0.25
      vertex 8.669261093311206 7.407931438681756 0.25
      vertex 8.650000000000006 7.799999999999999 0.25
    endloop
  endfacet
  facet normal 0 0 1
    outer loop
      vertex 14.535586947303983 4.272314942606579 0.25
      vertex 14.180733729460371 4.104481869954852 0.25
      vertex 28.20142338627231 9.265298321338957 0.25
    endloop
  endfacet
  facet normal 0 0 1
    outer loop
      vertex 14.87228093207841 4.4741215507898175 0.25
      vertex 14.535586947303983 4.272314942606579 0.25
      vertex 27.72545161008064 9.146073597983849 0.25
    endloop
  endfacet
  facet normal 0 0 1
    outer loop
      vertex 15.187573136654578 4.707958186549051 0.25
      vertex 14.87228093207841 4.4741215507898175 0.25
      vertex 27.2400857016478 9.074076366639016 0.25
    endloop
  endfacet
  facet normal 0 0 1
    outer loop
      vertex 15.47842712474619 4.971572875253809 0.25
      vertex 15.187573136654578 4.707958186549051 0.25
      vertex 26.75 9.05 0.25
    endloop
  endfacet
  facet normal 0 0 1
    outer loop
      vertex 15.742041813450953 5.262426863345417 0.25
      vertex 15.47842712474619 4.971572875253809 0.25
      vertex 26.259914298352186 9.074076366639016 0.25
    endloop
  endfacet
  facet normal 0 0 1
    outer loop
      vertex 15.9758784492102 5.57771906792159 0.25
      vertex 15.742041813450953 5.262426863345417 0.25
      vertex 25.774548389919346 9.146073597983849 0.25
    endloop
  endfacet
  facet normal 0 0 1
    outer loop
      vertex 16.177685057393433 5.914413052696008 0.25
      vertex 15.9758784492102 5.57771906792159 0.25
      vertex 25.298576613727676 9.265298321338957 0.25
    endloop
  endfacet
  facet normal 0 0 1
    outer loop
      vertex 16.34551813004515 6.26926627053964 0.25
      vertex 16.177685057393433 5.914413052696008 0.25
      vertex 24.836582838174564 9.430602337443567 0.25
    endloop
  endfacet
  facet normal 0 0 1
    outer loop
      vertex 16.47776134292883 6.63886129098215 0.25
      vertex 16.34551813004515 6.26926627053964 0.25
      vertex 24.39301631587 9.640393678258224 0.25
    endloop
  endfacet
  facet normal 0 0 1
    outer loop
      vertex 16.573141121612935 7.019638711935486 0.25
      vertex 16.47776134292883 6.63886129098215 0.25
      vertex 23.972148834901986 9.892651938487274 0.25
    endloop
  endfacet
  facet normal 0 0 1
    outer loop
      vertex 23.972148834901986 9.892651938487274 0.25
      vertex 16.630738906688805 7.407931438681756 0.25
      vertex 16.573141121612935 7.019638711935486 0.25
    endloop
  endfacet
  facet normal 0 0 1
    outer loop
      vertex 23.578033579181778 10.184947733186316 0.25
      vertex 16.650000000000006 7.799999999999999 0.25
      vertex 16.630738906688805 7.407931438681756 0.25
    endloop
  endfacet
  facet normal 0 0 1
    outer loop
      vertex 16.650000000000006 8.799999999999999 0.25
      vertex 16.650000000000006 7.799999999999999 0.25
      vertex 23.214466094067262 10.514466094067263 0.25
    endloop
  endfacet
  facet normal 0 0 1
    outer loop
      vertex 16.630738906688805 9.19206856131824 0.25
      vertex 16.650000000000006 8.799999999999999 0.25
      vertex 22.884947733186323 10.878033579181773 0.25
    endloop
  endfacet
  facet normal 0 0 1
    outer loop
      vertex 16.573141121612935 9.580361288064513 0.25
      vertex 16.630738906688805 9.19206856131824 0.25
      vertex 22.884947733186323 10.878033579181773 0.25
    endloop
  endfacet
  facet normal 0 0 1
    outer loop
      vertex 16.47776134292883 9.961138709017849 0.25
      vertex 16.573141121612935 9.580361288064513 0.25
      vertex 22.884947733186323 10.878033579181773 0.25
    endloop
  endfacet
  facet normal 0 0 1
    outer loop
      vertex 0 0 0.25
      vertex 8.650000000000006 7.799999999999999 0.25
      vertex 8.650000000000006 8.799999999999999 0.25
    endloop
  endfacet
  facet normal 0 0 1
    outer loop
      vertex 0 0 0.25
      vertex 8.650000000000006 8.799999999999999 0.25
      vertex 8.669261093311206 9.19206856131824 0.25
    endloop
  endfacet
  facet normal 0 0 1
    outer loop
      vertex 0 0 0.25
      vertex 8.669261093311206 9.19206856131824 0.25
      vertex 8.726858878387077 9.580361288064513 0.25
    endloop
  endfacet
  facet normal 0 0 1
    outer loop
      vertex 0 0 0.25
      vertex 8.726858878387077 9.580361288064513 0.25
      vertex 8.669261093311206 18.007931438681755 0.25
    endloop
  endfacet
  facet normal 0 0 1
    outer loop
      vertex 29.527851165098014 9.892651938487274 0.25
      vertex 29.106983684129986 9.640393678258224 0.25
      vertex 51.150000000000006 19.5 0.25
    endloop
  endfacet
  facet normal 0 0 1
    outer loop
      vertex 29.921966420818222 10.184947733186316 0.25
      vertex 29.527851165098014 9.892651938487274 0.25
      vertex 51.150000000000006 19.5 0.25
    endloop
  endfacet
  facet normal 0 0 1
    outer loop
      vertex 30.90734806151272 11.27214883490199 0.25
      vertex 30.61505226681369 10.878033579181773 0.25
      vertex 51.150000000000006 19.5 0.25
    endloop
  endfacet
  facet normal 0 0 1
    outer loop
      vertex 30.285533905932738 10.514466094067263 0.25
      vertex 29.921966420818222 10.184947733186316 0.25
      vertex 51.150000000000006 19.5 0.25
    endloop
  endfacet
  facet normal 0 0 1
    outer loop
      vertex 30.61505226681369 10.878033579181773 0.25
      vertex 30.285533905932738 10.514466094067263 0.25
      vertex 51.150000000000006 19.5 0.25
    endloop
  endfacet
  facet normal 0 0 1
    outer loop
      vertex 31.159606321741776 11.693016315870013 0.25
      vertex 30.90734806151272 11.27214883490199 0.25
      vertex 51.150000000000006 19.5 0.25
    endloop
  endfacet
  facet normal 0 0 1
    outer loop
      vertex 31.369397662556437 12.13658283817455 0.25
      vertex 31.159606321741776 11.693016315870013 0.25
      vertex 51.150000000000006 19.5 0.25
    endloop
  endfacet
  facet normal 0 0 1
    outer loop
      vertex 31.534701678661037 12.598576613727689 0.25
      vertex 31.369397662556437 12.13658283817455 0.25
      vertex 51.150000000000006 19.5 0.25
    endloop
  endfacet
  facet normal 0 0 1
    outer loop
      vertex 31.653926402016154 13.074548389919359 0.25
      vertex 31.534701678661037 12.598576613727689 0.25
      vertex 51.150000000000006 19.5 0.25
    endloop
  endfacet
  facet normal 0 0 1
    outer loop
      vertex 22.884947733186323 10.878033579181773 0.25
      vertex 22.59265193848728 11.27214883490199 0.25
      vertex 12.650000000000006 14.399999999999999 0.25
    endloop
  endfacet
  facet normal 0 0 1
    outer loop
      vertex 21.75 14.05 0.25
      vertex 21.774076366639008 14.540085701647804 0.25
      vertex 15.9758784492102 16.17771906792159 0.25
    endloop
  endfacet
  facet normal 0 0 1
    outer loop
      vertex 31.725923633360992 13.559914298352197 0.25
      vertex 31.653926402016154 13.074548389919359 0.25
      vertex 51.150000000000006 19.5 0.25
    endloop
  endfacet
  facet normal 0 0 1
    outer loop
      vertex 31.75 14.05 0.25
      vertex 31.725923633360992 13.559914298352197 0.25
      vertex 51.150000000000006 19.5 0.25
    endloop
  endfacet
  facet normal 0 0 1
    outer loop
      vertex 31.725923633360992 14.540085701647804 0.25
      vertex 31.75 14.05 0.25
      vertex 51.150000000000006 19.5 0.25
    endloop
  endfacet
  facet normal 0 0 1
    outer loop
      vertex 31.653926402016154 15.025451610080642 0.25
      vertex 31.725923633360992 14.540085701647804 0.25
      vertex 51.150000000000006 19.5 0.25
    endloop
  endfacet
  facet normal 0 0 1
    outer loop
      vertex 31.534701678661037 15.501423386272313 0.25
      vertex 31.653926402016154 15.025451610080642 0.25
      vertex 51.150000000000006 19.5 0.25
    endloop
  endfacet
  facet normal 0 0 1
    outer loop
      vertex 31.369397662556437 15.96341716182545 0.25
      vertex 31.534701678661037 15.501423386272313 0.25
      vertex 51.150000000000006 19.5 0.25
    endloop
  endfacet
  facet normal 0 0 1
    outer loop
      vertex 31.159606321741776 16.40698368412999 0.25
      vertex 31.369397662556437 15.96341716182545 0.25
      vertex 51.150000000000006 19.5 0.25
    endloop
  endfacet
  facet normal 0 0 1
    outer loop
      vertex 30.90734806151272 16.82785116509801 0.25
      vertex 31.159606321741776 16.40698368412999 0.25
      vertex 51.150000000000006 19.5 0.25
    endloop
  endfacet
  facet normal 0 0 1
    outer loop
      vertex 30.61505226681369 17.221966420818227 0.25
      vertex 30.90734806151272 16.82785116509801 0.25
      vertex 51.150000000000006 19.5 0.25
    endloop
  endfacet
  facet normal 0 0 1
    outer loop
      vertex 30.285533905932738 17.58553390593274 0.25
      vertex 30.61505226681369 17.221966420818227 0.25
      vertex 51.150000000000006 19.5 0.25
    endloop
  endfacet
  facet normal 0 0 1
    outer loop
      vertex 29.921966420818222 17.915052266813685 0.25
      vertex 30.285533905932738 17.58553390593274 0.25
      vertex 51.150000000000006 19.5 0.25
    endloop
  endfacet
  facet normal 0 0 1
    outer loop
      vertex 29.527851165098014 18.207348061512725 0.25
      vertex 29.921966420818222 17.915052266813685 0.25
      vertex 51.150000000000006 19.5 0.25
    endloop
  endfacet
  facet normal 0 0 1
    outer loop
      vertex 29.106983684129986 18.459606321741777 0.25
      vertex 29.527851165098014 18.207348061512725 0.25
      vertex 51.150000000000006 19.5 0.25
    endloop
  endfacet
  facet normal 0 0 1
    outer loop
      vertex 28.66341716182545 18.669397662556435 0.25
      vertex 29.106983684129986 18.459606321741777 0.25
      vertex 51.150000000000006 19.5 0.25
    endloop
  endfacet
  facet normal 0 0 1
    outer loop
      vertex 21.774076366639008 14.540085701647804 0.25
      vertex 21.84607359798386 15.025451610080642 0.25
      vertex 16.34551813004515 16.86926627053964 0.25
    endloop
  endfacet
  facet normal 0 0 1
    outer loop
      vertex 21.84607359798386 15.025451610080642 0.25
      vertex 21.965298321338963 15.501423386272313 0.25
      vertex 16.47776134292883 17.23886129098215 0.25
    endloop
  endfacet
  facet normal 0 0 1
    outer loop
      vertex 21.965298321338963 15.501423386272313 0.25
      vertex 22.130602337443577 15.96341716182545 0.25
      vertex 16.573141121612935 17.619638711935487 0.25
    endloop
  endfacet
  facet normal 0 0 1
    outer loop
      vertex 22.130602337443577 15.96341716182545 0.25
      vertex 22.340393678258238 16.40698368412999 0.25
      vertex 16.630738906688805 18.007931438681755 0.25
    endloop
  endfacet
  facet normal 0 0 1
    outer loop
      vertex 22.340393678258238 16.40698368412999 0.25
      vertex 22.59265193848728 16.82785116509801 0.25
      vertex 16.650000000000006 18.4 0.25
    endloop
  endfacet
  facet normal 0 0 1
    outer loop
      vertex 22.59265193848728 16.82785116509801 0.25
      vertex 22.884947733186323 17.221966420818227 0.25
      vertex 16.650000000000006 19.9 0.25
    endloop
  endfacet
  facet normal 0 0 1
    outer loop
      vertex 22.884947733186323 17.221966420818227 0.25
      vertex 23.214466094067262 17.58553390593274 0.25
      vertex 16.650000000000006 19.9 0.25
    endloop
  endfacet
  facet normal 0 0 1
    outer loop
      vertex 23.214466094067262 17.58553390593274 0.25
      vertex 23.578033579181778 17.915052266813685 0.25
      vertex 16.630738906688805 20.292068561318242 0.25
    endloop
  endfacet
  facet normal 0 0 1
    outer loop
      vertex 23.578033579181778 17.915052266813685 0.25
      vertex 23.972148834901986 18.207348061512725 0.25
      vertex 16.573141121612935 20.68036128806451 0.25
    endloop
  endfacet
  facet normal 0 0 1
    outer loop
      vertex 24.39301631587 18.459606321741777 0.25
      vertex 24.836582838174564 18.669397662556435 0.25
      vertex 16.177685057393433 21.78558694730399 0.25
    endloop
  endfacet
  facet normal 0 0 1
    outer loop
      vertex 15.9758784492102 22.122280932078407 0.25
      vertex 24.836582838174564 18.669397662556435 0.25
      vertex 25.298576613727676 18.834701678661045 0.25
    endloop
  endfacet
  facet normal 0 0 1
    outer loop
      vertex 25.298576613727676 18.834701678661045 0.25
      vertex 25.774548389919346 18.95392640201615 0.25
      vertex 15.742041813450953 22.43757313665458 0.25
    endloop
  endfacet
  facet normal 0 0 1
    outer loop
      vertex 23.972148834901986 18.207348061512725 0.25
      vertex 24.39301631587 18.459606321741777 0.25
      vertex 16.34551813004515 21.430733729460357 0.25
    endloop
  endfacet
  facet normal 0 0 1
    outer loop
      vertex 16.34551813004515 10.33073372946036 0.25
      vertex 16.47776134292883 9.961138709017849 0.25
      vertex 22.884947733186323 10.878033579181773 0.25
    endloop
  endfacet
  facet normal 0 0 1
    outer loop
      vertex 16.177685057393433 10.685586947303989 0.25
      vertex 16.34551813004515 10.33073372946036 0.25
      vertex 22.884947733186323 10.878033579181773 0.25
    endloop
  endfacet
  facet normal 0 0 1
    outer loop
      vertex 15.9758784492102 11.022280932078408 0.25
      vertex 16.177685057393433 10.685586947303989 0.25
      vertex 22.884947733186323 10.878033579181773 0.25
    endloop
  endfacet
  facet normal 0 0 1
    outer loop
      vertex 15.742041813450953 11.33757313665458 0.25
      vertex 15.9758784492102 11.022280932078408 0.25
      vertex 22.884947733186323 10.878033579181773 0.25
    endloop
  endfacet
  facet normal 0 0 1
    outer loop
      vertex 15.47842712474619 11.628427124746189 0.25
      vertex 15.742041813450953 11.33757313665458 0.25
      vertex 22.884947733186323 10.878033579181773 0.25
    endloop
  endfacet
  facet normal 0 0 1
    outer loop
      vertex 15.187573136654578 11.892041813450946 0.25
      vertex 15.47842712474619 11.628427124746189 0.25
      vertex 22.884947733186323 10.878033579181773 0.25
    endloop
  endfacet
  facet normal 0 0 1
    outer loop
      vertex 14.87228093207841 12.12587844921018 0.25
      vertex 15.187573136654578 11.892041813450946 0.25
      vertex 22.884947733186323 10.878033579181773 0.25
    endloop
  endfacet
  facet normal 0 0 1
    outer loop
      vertex 14.535586947303983 12.327685057393419 0.25
      vertex 14.87228093207841 12.12587844921018 0.25
      vertex 22.884947733186323 10.878033579181773 0.25
    endloop
  endfacet
  facet normal 0 0 1
    outer loop
      vertex 14.180733729460371 12.495518130045145 0.25
      vertex 14.535586947303983 12.327685057393419 0.25
      vertex 22.884947733186323 10.878033579181773 0.25
    endloop
  endfacet
  facet normal 0 0 1
    outer loop
      vertex 13.811138709017854 12.627761342928835 0.25
      vertex 14.180733729460371 12.495518130045145 0.25
      vertex 22.884947733186323 10.878033579181773 0.25
    endloop
  endfacet
  facet normal 0 0 1
    outer loop
      vertex 22.59265193848728 11.27214883490199 0.25
      vertex 22.340393678258238 11.693016315870013 0.25
      vertex 12.650000000000006 14.399999999999999 0.25
    endloop
  endfacet
  facet normal 0 0 1
    outer loop
      vertex 22.884947733186323 10.878033579181773 0.25
      vertex 12.650000000000006 14.399999999999999 0.25
      vertex 13.811138709017854 12.627761342928835 0.25
    endloop
  endfacet
  facet normal 0 0 1
    outer loop
      vertex 22.340393678258238 11.693016315870013 0.25
      vertex 22.130602337443577 12.13658283817455 0.25
      vertex 12.650000000000006 14.399999999999999 0.25
    endloop
  endfacet
  facet normal 0 0 1
    outer loop
      vertex 22.130602337443577 12.13658283817455 0.25
      vertex 21.965298321338963 12.598576613727689 0.25
      vertex 12.650000000000006 14.399999999999999 0.25
    endloop
  endfacet
  facet normal 0 0 1
    outer loop
      vertex 21.965298321338963 12.598576613727689 0.25
      vertex 21.84607359798386 13.074548389919359 0.25
      vertex 12.650000000000006 14.399999999999999 0.25
    endloop
  endfacet
  facet normal 0 0 1
    outer loop
      vertex 21.84607359798386 13.074548389919359 0.25
      vertex 21.774076366639008 13.559914298352197 0.25
      vertex 12.650000000000006 14.399999999999999 0.25
    endloop
  endfacet
  facet normal 0 0 1
    outer loop
      vertex 21.774076366639008 13.559914298352197 0.25
      vertex 21.75 14.05 0.25
      vertex 12.650000000000006 14.399999999999999 0.25
    endloop
  endfacet
  facet normal 0 0 1
    outer loop
      vertex 14.87228093207841 15.074121550789817 0.25
      vertex 14.535586947303983 14.872314942606579 0.25
      vertex 21.75 14.05 0.25
    endloop
  endfacet
  facet normal 0 0 1
    outer loop
      vertex 15.187573136654578 15.307958186549051 0.25
      vertex 14.87228093207841 15.074121550789817 0.25
      vertex 21.75 14.05 0.25
    endloop
  endfacet
  facet normal 0 0 1
    outer loop
      vertex 15.742041813450953 15.862426863345416 0.25
      vertex 15.47842712474619 15.571572875253809 0.25
      vertex 21.75 14.05 0.25
    endloop
  endfacet
  facet normal 0 0 1
    outer loop
      vertex 15.47842712474619 15.571572875253809 0.25
      vertex 15.187573136654578 15.307958186549051 0.25
      vertex 21.75 14.05 0.25
    endloop
  endfacet
  facet normal 0 0 1
    outer loop
      vertex 13.430361288064518 14.476858878387077 0.25
      vertex 13.042068561318246 14.41926109331121 0.25
      vertex 21.75 14.05 0.25
    endloop
  endfacet
  facet normal 0 0 1
    outer loop
      vertex 13.042068561318246 14.41926109331121 0.25
      vertex 12.650000000000006 14.399999999999999 0.25
      vertex 21.75 14.05 0.25
    endloop
  endfacet
  facet normal 0 0 1
    outer loop
      vertex 13.811138709017854 14.572238657071164 0.25
      vertex 13.430361288064518 14.476858878387077 0.25
      vertex 21.75 14.05 0.25
    endloop
  endfacet
  facet normal 0 0 1
    outer loop
      vertex 14.180733729460371 14.70448186995485 0.25
      vertex 13.811138709017854 14.572238657071164 0.25
      vertex 21.75 14.05 0.25
    endloop
  endfacet
  facet normal 0 0 1
    outer loop
      vertex 14.535586947303983 14.872314942606579 0.25
      vertex 14.180733729460371 14.70448186995485 0.25
      vertex 21.75 14.05 0.25
    endloop
  endfacet
  facet normal 0 0 1
    outer loop
      vertex 13.430361288064518 12.72314112161292 0.25
      vertex 13.811138709017854 12.627761342928835 0.25
      vertex 12.650000000000006 14.399999999999999 0.25
    endloop
  endfacet
  facet normal 0 0 1
    outer loop
      vertex 13.042068561318246 12.780738906688786 0.25
      vertex 13.430361288064518 12.72314112161292 0.25
      vertex 12.650000000000006 14.399999999999999 0.25
    endloop
  endfacet
  facet normal 0 0 1
    outer loop
      vertex 12.650000000000006 12.799999999999999 0.25
      vertex 13.042068561318246 12.780738906688786 0.25
      vertex 12.650000000000006 14.399999999999999 0.25
    endloop
  endfacet
  facet normal 0 0 1
    outer loop
      vertex 12.257931438681766 12.780738906688786 0.25
      vertex 12.650000000000006 12.799999999999999 0.25
      vertex 12.650000000000006 14.399999999999999 0.25
    endloop
  endfacet
  facet normal 0 0 1
    outer loop
      vertex 11.869638711935494 12.72314112161292 0.25
      vertex 12.257931438681766 12.780738906688786 0.25
      vertex 12.257931438681766 14.41926109331121 0.25
    endloop
  endfacet
  facet normal 0 0 1
    outer loop
      vertex 12.257931438681766 12.780738906688786 0.25
      vertex 12.650000000000006 14.399999999999999 0.25
      vertex 12.257931438681766 14.41926109331121 0.25
    endloop
  endfacet
  facet normal 0 0 1
    outer loop
      vertex 11.488861290982157 12.627761342928835 0.25
      vertex 11.869638711935494 12.72314112161292 0.25
      vertex 11.869638711935494 14.476858878387077 0.25
    endloop
  endfacet
  facet normal 0 0 1
    outer loop
      vertex 10.764413052696028 12.327685057393419 0.25
      vertex 11.11926627053964 12.495518130045145 0.25
      vertex 11.11926627053964 14.70448186995485 0.25
    endloop
  endfacet
  facet normal 0 0 1
    outer loop
      vertex 11.11926627053964 12.495518130045145 0.25
      vertex 11.488861290982157 12.627761342928835 0.25
      vertex 11.488861290982157 14.572238657071164 0.25
    endloop
  endfacet
  facet normal 0 0 1
    outer loop
      vertex 10.112426863345434 11.892041813450946 0.25
      vertex 10.4277190679216 12.12587844921018 0.25
      vertex 10.4277190679216 15.074121550789817 0.25
    endloop
  endfacet
  facet normal 0 0 1
    outer loop
      vertex 9.557958186549058 11.33757313665458 0.25
      vertex 9.821572875253821 11.628427124746189 0.25
      vertex 9.821572875253821 15.571572875253809 0.25
    endloop
  endfacet
  facet normal 0 0 1
    outer loop
      vertex 9.821572875253821 11.628427124746189 0.25
      vertex 10.112426863345434 11.892041813450946 0.25
      vertex 10.112426863345434 15.307958186549051 0.25
    endloop
  endfacet
  facet normal 0 0 1
    outer loop
      vertex 10.4277190679216 12.12587844921018 0.25
      vertex 10.764413052696028 12.327685057393419 0.25
      vertex 10.764413052696028 14.872314942606579 0.25
    endloop
  endfacet
  facet normal 0 0 1
    outer loop
      vertex 11.869638711935494 12.72314112161292 0.25
      vertex 12.257931438681766 14.41926109331121 0.25
      vertex 11.869638711935494 14.476858878387077 0.25
    endloop
  endfacet
  facet normal 0 0 1
    outer loop
      vertex 11.488861290982157 12.627761342928835 0.25
      vertex 11.869638711935494 14.476858878387077 0.25
      vertex 11.488861290982157 14.572238657071164 0.25
    endloop
  endfacet
  facet normal 0 0 1
    outer loop
      vertex 11.11926627053964 12.495518130045145 0.25
      vertex 11.488861290982157 14.572238657071164 0.25
      vertex 11.11926627053964 14.70448186995485 0.25
    endloop
  endfacet
  facet normal 0 0 1
    outer loop
      vertex 10.764413052696028 12.327685057393419 0.25
      vertex 11.11926627053964 14.70448186995485 0.25
      vertex 10.764413052696028 14.872314942606579 0.25
    endloop
  endfacet
  facet normal 0 0 1
    outer loop
      vertex 10.4277190679216 12.12587844921018 0.25
      vertex 10.764413052696028 14.872314942606579 0.25
      vertex 10.4277190679216 15.074121550789817 0.25
    endloop
  endfacet
  facet normal 0 0 1
    outer loop
      vertex 10.112426863345434 11.892041813450946 0.25
      vertex 10.4277190679216 15.074121550789817 0.25
      vertex 10.112426863345434 15.307958186549051 0.25
    endloop
  endfacet
  facet normal 0 0 1
    outer loop
      vertex 9.821572875253821 11.628427124746189 0.25
      vertex 10.112426863345434 15.307958186549051 0.25
      vertex 9.821572875253821 15.571572875253809 0.25
    endloop
  endfacet
  facet normal 0 0 1
    outer loop
      vertex 8.726858878387077 9.580361288064513 0.25
      vertex 8.822238657071182 9.961138709017849 0.25
      vertex 8.822238657071182 17.23886129098215 0.25
    endloop
  endfacet
  facet normal 0 0 1
    outer loop
      vertex 8.822238657071182 9.961138709017849 0.25
      vertex 8.954481869954861 10.33073372946036 0.25
      vertex 8.954481869954861 16.86926627053964 0.25
    endloop
  endfacet
  facet normal 0 0 1
    outer loop
      vertex 9.122314942606579 10.685586947303989 0.25
      vertex 9.324121550789812 11.022280932078408 0.25
      vertex 9.324121550789812 16.17771906792159 0.25
    endloop
  endfacet
  facet normal 0 0 1
    outer loop
      vertex 8.954481869954861 10.33073372946036 0.25
      vertex 9.122314942606579 10.685586947303989 0.25
      vertex 9.122314942606579 16.514413052696007 0.25
    endloop
  endfacet
  facet normal 0 0 1
    outer loop
      vertex 0 0 0.25
      vertex 8.669261093311206 18.007931438681755 0.25
      vertex 8.650000000000006 18.4 0.25
    endloop
  endfacet
  facet normal 0 0 1
    outer loop
      vertex 9.324121550789812 11.022280932078408 0.25
      vertex 9.557958186549058 11.33757313665458 0.25
      vertex 9.557958186549058 15.862426863345416 0.25
    endloop
  endfacet
  facet normal 0 0 1
    outer loop
      vertex 0 0 0.25
      vertex 8.650000000000006 18.4 0.25
      vertex 8.650000000000006 19.9 0.25
    endloop
  endfacet
  facet normal 0 0 1
    outer loop
      vertex 9.557958186549058 11.33757313665458 0.25
      vertex 9.821572875253821 15.571572875253809 0.25
      vertex 9.557958186549058 15.862426863345416 0.25
    endloop
  endfacet
  facet normal 0 0 1
    outer loop
      vertex 9.324121550789812 11.022280932078408 0.25
      vertex 9.557958186549058 15.862426863345416 0.25
      vertex 9.324121550789812 16.17771906792159 0.25
    endloop
  endfacet
  facet normal 0 0 1
    outer loop
      vertex 9.122314942606579 10.685586947303989 0.25
      vertex 9.324121550789812 16.17771906792159 0.25
      vertex 9.122314942606579 16.514413052696007 0.25
    endloop
  endfacet
  facet normal 0 0 1
    outer loop
      vertex 8.954481869954861 10.33073372946036 0.25
      vertex 9.122314942606579 16.514413052696007 0.25
      vertex 8.954481869954861 16.86926627053964 0.25
    endloop
  endfacet
  facet normal 0 0 1
    outer loop
      vertex 8.822238657071182 9.961138709017849 0.25
      vertex 8.954481869954861 16.86926627053964 0.25
      vertex 8.822238657071182 17.23886129098215 0.25
    endloop
  endfacet
  facet normal 0 0 1
    outer loop
      vertex 8.726858878387077 9.580361288064513 0.25
      vertex 8.822238657071182 17.23886129098215 0.25
      vertex 8.726858878387077 17.619638711935487 0.25
    endloop
  endfacet
  facet normal 0 0 1
    outer loop
      vertex 8.726858878387077 17.619638711935487 0.25
      vertex 8.669261093311206 18.007931438681755 0.25
      vertex 8.726858878387077 9.580361288064513 0.25
    endloop
  endfacet
  facet normal 0 0 1
    outer loop
      vertex 15.9758784492102 16.17771906792159 0.25
      vertex 15.742041813450953 15.862426863345416 0.25
      vertex 21.75 14.05 0.25
    endloop
  endfacet
  facet normal 0 0 1
    outer loop
      vertex 16.177685057393433 16.514413052696007 0.25
      vertex 15.9758784492102 16.17771906792159 0.25
      vertex 21.774076366639008 14.540085701647804 0.25
    endloop
  endfacet
  facet normal 0 0 1
    outer loop
      vertex 21.84607359798386 15.025451610080642 0.25
      vertex 16.47776134292883 17.23886129098215 0.25
      vertex 16.34551813004515 16.86926627053964 0.25
    endloop
  endfacet
  facet normal 0 0 1
    outer loop
      vertex 21.774076366639008 14.540085701647804 0.25
      vertex 16.34551813004515 16.86926627053964 0.25
      vertex 16.177685057393433 16.514413052696007 0.25
    endloop
  endfacet
  facet normal 0 0 1
    outer loop
      vertex 21.965298321338963 15.501423386272313 0.25
      vertex 16.573141121612935 17.619638711935487 0.25
      vertex 16.47776134292883 17.23886129098215 0.25
    endloop
  endfacet
  facet normal 0 0 1
    outer loop
      vertex 16.630738906688805 18.007931438681755 0.25
      vertex 16.573141121612935 17.619638711935487 0.25
      vertex 22.130602337443577 15.96341716182545 0.25
    endloop
  endfacet
  facet normal 0 0 1
    outer loop
      vertex 16.650000000000006 18.4 0.25
      vertex 16.630738906688805 18.007931438681755 0.25
      vertex 22.340393678258238 16.40698368412999 0.25
    endloop
  endfacet
  facet normal 0 0 1
    outer loop
      vertex 22.59265193848728 16.82785116509801 0.25
      vertex 16.650000000000006 19.9 0.25
      vertex 16.650000000000006 18.4 0.25
    endloop
  endfacet
  facet normal 0 0 1
    outer loop
      vertex 23.214466094067262 17.58553390593274 0.25
      vertex 16.630738906688805 20.292068561318242 0.25
      vertex 16.650000000000006 19.9 0.25
    endloop
  endfacet
  facet normal 0 0 1
    outer loop
      vertex 23.578033579181778 17.915052266813685 0.25
      vertex 16.573141121612935 20.68036128806451 0.25
      vertex 16.630738906688805 20.292068561318242 0.25
    endloop
  endfacet
  facet normal 0 0 1
    outer loop
      vertex 23.972148834901986 18.207348061512725 0.25
      vertex 16.47776134292883 21.061138709017847 0.25
      vertex 16.573141121612935 20.68036128806451 0.25
    endloop
  endfacet
  facet normal 0 0 1
    outer loop
      vertex 23.972148834901986 18.207348061512725 0.25
      vertex 16.34551813004515 21.430733729460357 0.25
      vertex 16.47776134292883 21.061138709017847 0.25
    endloop
  endfacet
  facet normal 0 0 1
    outer loop
      vertex 0 0 0.25
      vertex 8.650000000000006 19.9 0.25
      vertex 0 40.75 0.25
    endloop
  endfacet
  facet normal 0 0 -1
    outer loop
      vertex 90.75 18 0
      vertex 66.15 19.5 0
      vertex 66.15 32.25 0
    endloop
  endfacet
  facet normal 0 0 -1
    outer loop
      vertex 51.150000000000006 32.25 0
      vertex 51.150000000000006 19.5 0
      vertex 31.653926402016154 28.77454838991936 0
    endloop
  endfacet
  facet normal 0 0 -1
    outer loop
      vertex 154.75 40.75 0
      vertex 28.66341716182545 34.36939766255644 0
      vertex 28.20142338627231 34.534701678661044 0
    endloop
  endfacet
  facet normal 0 0 -1
    outer loop
      vertex 154.75 40.75 0
      vertex 28.20142338627231 34.534701678661044 0
      vertex 27.72545161008064 34.653926402016154 0
    endloop
  endfacet
  facet normal 0 0 -1
    outer loop
      vertex 154.75 40.75 0
      vertex 27.72545161008064 34.653926402016154 0
      vertex 27.2400857016478 34.725923633360985 0
    endloop
  endfacet
  facet normal 0 0 -1
    outer loop
      vertex 154.75 40.75 0
      vertex 27.2400857016478 34.725923633360985 0
      vertex 26.75 34.75 0
    endloop
  endfacet
  facet normal 0 0 -1
    outer loop
      vertex 154.75 40.75 0
      vertex 26.75 34.75 0
      vertex 0 40.75 0
    endloop
  endfacet
  facet normal 0 0 -1
    outer loop
      vertex 51.150000000000006 19.5 0
      vertex 16.650000000000006 19.9 0
      vertex 28.66341716182545 25.130602337443566 0
    endloop
  endfacet
  facet normal 0 0 -1
    outer loop
      vertex 28.66341716182545 25.130602337443566 0
      vertex 29.106983684129986 25.340393678258224 0
      vertex 51.150000000000006 19.5 0
    endloop
  endfacet
  facet normal 0 0 -1
    outer loop
      vertex 29.106983684129986 25.340393678258224 0
      vertex 29.527851165098014 25.592651938487272 0
      vertex 51.150000000000006 19.5 0
    endloop
  endfacet
  facet normal 0 0 -1
    outer loop
      vertex 29.921966420818222 25.884947733186316 0
      vertex 30.285533905932738 26.214466094067262 0
      vertex 51.150000000000006 19.5 0
    endloop
  endfacet
  facet normal 0 0 -1
    outer loop
      vertex 29.527851165098014 25.592651938487272 0
      vertex 29.921966420818222 25.884947733186316 0
      vertex 51.150000000000006 19.5 0
    endloop
  endfacet
  facet normal 0 0 -1
    outer loop
      vertex 30.285533905932738 26.214466094067262 0
      vertex 30.61505226681369 26.57803357918177 0
      vertex 51.150000000000006 19.5 0
    endloop
  endfacet
  facet normal 0 0 -1
    outer loop
      vertex 30.61505226681369 26.57803357918177 0
      vertex 30.90734806151272 26.97214883490199 0
      vertex 51.150000000000006 19.5 0
    endloop
  endfacet
  facet normal 0 0 -1
    outer loop
      vertex 30.90734806151272 26.97214883490199 0
      vertex 31.159606321741776 27.39301631587001 0
      vertex 51.150000000000006 19.5 0
    endloop
  endfacet
  facet normal 0 0 -1
    outer loop
      vertex 31.159606321741776 27.39301631587001 0
      vertex 31.369397662556437 27.83658283817455 0
      vertex 51.150000000000006 19.5 0
    endloop
  endfacet
  facet normal 0 0 -1
    outer loop
      vertex 31.369397662556437 27.83658283817455 0
      vertex 31.534701678661037 28.29857661372769 0
      vertex 51.150000000000006 19.5 0
    endloop
  endfacet
  facet normal 0 0 -1
    outer loop
      vertex 27.72545161008064 24.846073597983846 0
      vertex 28.20142338627231 24.965298321338956 0
      vertex 16.650000000000006 19.9 0
    endloop
  endfacet
  facet normal 0 0 -1
    outer loop
      vertex 28.20142338627231 24.965298321338956 0
      vertex 28.66341716182545 25.130602337443566 0
      vertex 16.650000000000006 19.9 0
    endloop
  endfacet
  facet normal 0 0 -1
    outer loop
      vertex 27.2400857016478 24.774076366639015 0
      vertex 27.72545161008064 24.846073597983846 0
      vertex 16.650000000000006 19.9 0
    endloop
  endfacet
  facet normal 0 0 -1
    outer loop
      vertex 26.75 24.75 0
      vertex 27.2400857016478 24.774076366639015 0
      vertex 16.650000000000006 19.9 0
    endloop
  endfacet
  facet normal 0 0 -1
    outer loop
      vertex 26.259914298352186 24.774076366639015 0
      vertex 26.75 24.75 0
      vertex 16.650000000000006 19.9 0
    endloop
  endfacet
  facet normal 0 0 -1
    outer loop
      vertex 25.774548389919346 24.846073597983846 0
      vertex 26.259914298352186 24.774076366639015 0
      vertex 16.650000000000006 19.9 0
    endloop
  endfacet
  facet normal 0 0 -1
    outer loop
      vertex 25.298576613727676 24.965298321338956 0
      vertex 25.774548389919346 24.846073597983846 0
      vertex 16.650000000000006 19.9 0
    endloop
  endfacet
  facet normal 0 0 -1
    outer loop
      vertex 24.836582838174564 25.130602337443566 0
      vertex 25.298576613727676 24.965298321338956 0
      vertex 16.650000000000006 19.9 0
    endloop
  endfacet
  facet normal 0 0 -1
    outer loop
      vertex 24.39301631587 25.340393678258224 0
      vertex 24.836582838174564 25.130602337443566 0
      vertex 16.650000000000006 19.9 0
    endloop
  endfacet
  facet normal 0 0 -1
    outer loop
      vertex 23.972148834901986 25.592651938487272 0
      vertex 24.39301631587 25.340393678258224 0
      vertex 16.630738906688805 20.292068561318242 0
    endloop
  endfacet
  facet normal 0 0 -1
    outer loop
      vertex 16.573141121612935 20.68036128806451 0
      vertex 23.578033579181778 25.884947733186316 0
      vertex 23.972148834901986 25.592651938487272 0
    endloop
  endfacet
  facet normal 0 0 -1
    outer loop
      vertex 31.534701678661037 28.29857661372769 0
      vertex 31.653926402016154 28.77454838991936 0
      vertex 51.150000000000006 19.5 0
    endloop
  endfacet
  facet normal 0 0 -1
    outer loop
      vertex 51.150000000000006 32.25 0
      vertex 31.653926402016154 28.77454838991936 0
      vertex 31.725923633360992 29.259914298352196 0
    endloop
  endfacet
  facet normal 0 0 -1
    outer loop
      vertex 51.150000000000006 32.25 0
      vertex 31.725923633360992 29.259914298352196 0
      vertex 31.75 29.75 0
    endloop
  endfacet
  facet normal 0 0 -1
    outer loop
      vertex 23.214466094067262 26.214466094067262 0
      vertex 23.578033579181778 25.884947733186316 0
      vertex 15.187573136654578 26.407958186549052 0
    endloop
  endfacet
  facet normal 0 0 -1
    outer loop
      vertex 22.884947733186323 26.57803357918177 0
      vertex 23.214466094067262 26.214466094067262 0
      vertex 15.47842712474619 26.67157287525381 0
    endloop
  endfacet
  facet normal 0 0 -1
    outer loop
      vertex 22.59265193848728 26.97214883490199 0
      vertex 22.884947733186323 26.57803357918177 0
      vertex 15.742041813450953 26.962426863345417 0
    endloop
  endfacet
  facet normal 0 0 -1
    outer loop
      vertex 22.340393678258238 27.39301631587001 0
      vertex 22.59265193848728 26.97214883490199 0
      vertex 15.9758784492102 27.27771906792159 0
    endloop
  endfacet
  facet normal 0 0 -1
    outer loop
      vertex 22.130602337443577 27.83658283817455 0
      vertex 22.340393678258238 27.39301631587001 0
      vertex 16.177685057393433 27.61441305269601 0
    endloop
  endfacet
  facet normal 0 0 -1
    outer loop
      vertex 21.965298321338963 28.29857661372769 0
      vertex 22.130602337443577 27.83658283817455 0
      vertex 16.34551813004515 27.96926627053964 0
    endloop
  endfacet
  facet normal 0 0 -1
    outer loop
      vertex 21.84607359798386 28.77454838991936 0
      vertex 21.965298321338963 28.29857661372769 0
      vertex 16.47776134292883 28.338861290982152 0
    endloop
  endfacet
  facet normal 0 0 -1
    outer loop
      vertex 21.774076366639008 29.259914298352196 0
      vertex 21.84607359798386 28.77454838991936 0
      vertex 16.573141121612935 28.719638711935488 0
    endloop
  endfacet
  facet normal 0 0 -1
    outer loop
      vertex 21.75 29.75 0
      vertex 21.774076366639008 29.259914298352196 0
      vertex 16.650000000000006 29.5 0
    endloop
  endfacet
  facet normal 0 0 -1
    outer loop
      vertex 21.774076366639008 30.240085701647804 0
      vertex 21.75 29.75 0
      vertex 16.650000000000006 29.5 0
    endloop
  endfacet
  facet normal 0 0 -1
    outer loop
      vertex 16.650000000000006 19.9 0
      vertex 16.630738906688805 20.292068561318242 0
      vertex 24.39301631587 25.340393678258224 0
    endloop
  endfacet
  facet normal 0 0 -1
    outer loop
      vertex 16.630738906688805 20.292068561318242 0
      vertex 16.573141121612935 20.68036128806451 0
      vertex 23.972148834901986 25.592651938487272 0
    endloop
  endfacet
  facet normal 0 0 -1
    outer loop
      vertex 16.573141121612935 20.68036128806451 0
      vertex 16.47776134292883 21.061138709017847 0
      vertex 23.578033579181778 25.884947733186316 0
    endloop
  endfacet
  facet normal 0 0 -1
    outer loop
      vertex 16.47776134292883 21.061138709017847 0
      vertex 16.34551813004515 21.430733729460357 0
      vertex 23.578033579181778 25.884947733186316 0
    endloop
  endfacet
  facet normal 0 0 -1
    outer loop
      vertex 16.34551813004515 21.430733729460357 0
      vertex 16.177685057393433 21.78558694730399 0
      vertex 23.578033579181778 25.884947733186316 0
    endloop
  endfacet
  facet normal 0 0 -1
    outer loop
      vertex 16.177685057393433 21.78558694730399 0
      vertex 15.9758784492102 22.122280932078407 0
      vertex 23.578033579181778 25.884947733186316 0
    endloop
  endfacet
  facet normal 0 0 -1
    outer loop
      vertex 15.9758784492102 22.122280932078407 0
      vertex 15.742041813450953 22.43757313665458 0
      vertex 23.578033579181778 25.884947733186316 0
    endloop
  endfacet
  facet normal 0 0 -1
    outer loop
      vertex 15.742041813450953 22.43757313665458 0
      vertex 15.47842712474619 22.72842712474619 0
      vertex 23.578033579181778 25.884947733186316 0
    endloop
  endfacet
  facet normal 0 0 -1
    outer loop
      vertex 15.47842712474619 22.72842712474619 0
      vertex 15.187573136654578 22.992041813450946 0
      vertex 14.87228093207841 26.17412155078982 0
    endloop
  endfacet
  facet normal 0 0 -1
    outer loop
      vertex 15.187573136654578 22.992041813450946 0
      vertex 14.87228093207841 23.225878449210178 0
      vertex 14.87228093207841 26.17412155078982 0
    endloop
  endfacet
  facet normal 0 0 -1
    outer loop
      vertex 15.47842712474619 22.72842712474619 0
      vertex 14.87228093207841 26.17412155078982 0
      vertex 23.578033579181778 25.884947733186316 0
    endloop
  endfacet
  facet normal 0 0 -1
    outer loop
      vertex 14.87228093207841 23.225878449210178 0
      vertex 14.535586947303983 23.42768505739342 0
      vertex 14.535586947303983 25.97231494260658 0
    endloop
  endfacet
  facet normal 0 0 -1
    outer loop
      vertex 14.87228093207841 23.225878449210178 0
      vertex 14.535586947303983 25.97231494260658 0
      vertex 14.87228093207841 26.17412155078982 0
    endloop
  endfacet
  facet normal 0 0 -1
    outer loop
      vertex 10.112426863345434 22.992041813450946 0
      vertex 9.821572875253821 22.72842712474619 0
      vertex 9.821572875253821 26.67157287525381 0
    endloop
  endfacet
  facet normal 0 0 -1
    outer loop
      vertex 14.535586947303983 23.42768505739342 0
      vertex 14.180733729460371 23.595518130045146 0
      vertex 14.180733729460371 25.804481869954852 0
    endloop
  endfacet
  facet normal 0 0 -1
    outer loop
      vertex 14.180733729460371 23.595518130045146 0
      vertex 13.811138709017854 23.727761342928833 0
      vertex 13.811138709017854 25.672238657071166 0
    endloop
  endfacet
  facet normal 0 0 -1
    outer loop
      vertex 13.811138709017854 23.727761342928833 0
      vertex 13.430361288064518 23.82314112161292 0
      vertex 13.430361288064518 25.57685887838708 0
    endloop
  endfacet
  facet normal 0 0 -1
    outer loop
      vertex 13.430361288064518 23.82314112161292 0
      vertex 13.042068561318246 23.880738906688787 0
      vertex 13.042068561318246 25.51926109331121 0
    endloop
  endfacet
  facet normal 0 0 -1
    outer loop
      vertex 13.042068561318246 23.880738906688787 0
      vertex 12.650000000000006 23.9 0
      vertex 12.650000000000006 25.5 0
    endloop
  endfacet
  facet normal 0 0 -1
    outer loop
      vertex 12.650000000000006 23.9 0
      vertex 12.257931438681766 23.880738906688787 0
      vertex 12.257931438681766 25.51926109331121 0
    endloop
  endfacet
  facet normal 0 0 -1
    outer loop
      vertex 14.535586947303983 23.42768505739342 0
      vertex 14.180733729460371 25.804481869954852 0
      vertex 14.535586947303983 25.97231494260658 0
    endloop
  endfacet
  facet normal 0 0 -1
    outer loop
      vertex 14.180733729460371 23.595518130045146 0
      vertex 13.811138709017854 25.672238657071166 0
      vertex 14.180733729460371 25.804481869954852 0
    endloop
  endfacet
  facet normal 0 0 -1
    outer loop
      vertex 13.430361288064518 23.82314112161292 0
      vertex 13.042068561318246 25.51926109331121 0
      vertex 13.430361288064518 25.57685887838708 0
    endloop
  endfacet
  facet normal 0 0 -1
    outer loop
      vertex 13.811138709017854 23.727761342928833 0
      vertex 13.430361288064518 25.57685887838708 0
      vertex 13.811138709017854 25.672238657071166 0
    endloop
  endfacet
  facet normal 0 0 -1
    outer loop
      vertex 13.042068561318246 23.880738906688787 0
      vertex 12.650000000000006 25.5 0
      vertex 13.042068561318246 25.51926109331121 0
    endloop
  endfacet
  facet normal 0 0 -1
    outer loop
      vertex 12.650000000000006 23.9 0
      vertex 12.257931438681766 25.51926109331121 0
      vertex 12.650000000000006 25.5 0
    endloop
  endfacet
  facet normal 0 0 -1
    outer loop
      vertex 11.869638711935494 25.57685887838708 0
      vertex 12.257931438681766 25.51926109331121 0
      vertex 12.257931438681766 23.880738906688787 0
    endloop
  endfacet
  facet normal 0 0 -1
    outer loop
      vertex 12.257931438681766 23.880738906688787 0
      vertex 11.869638711935494 23.82314112161292 0
      vertex 11.869638711935494 25.57685887838708 0
    endloop
  endfacet
  facet normal 0 0 -1
    outer loop
      vertex 11.869638711935494 23.82314112161292 0
      vertex 11.488861290982157 23.727761342928833 0
      vertex 11.488861290982157 25.672238657071166 0
    endloop
  endfacet
  facet normal 0 0 -1
    outer loop
      vertex 11.11926627053964 23.595518130045146 0
      vertex 10.764413052696028 23.42768505739342 0
      vertex 10.764413052696028 25.97231494260658 0
    endloop
  endfacet
  facet normal 0 0 -1
    outer loop
      vertex 11.488861290982157 23.727761342928833 0
      vertex 11.11926627053964 23.595518130045146 0
      vertex 11.11926627053964 25.804481869954852 0
    endloop
  endfacet
  facet normal 0 0 -1
    outer loop
      vertex 10.764413052696028 23.42768505739342 0
      vertex 10.4277190679216 23.225878449210178 0
      vertex 10.4277190679216 26.17412155078982 0
    endloop
  endfacet
  facet normal 0 0 -1
    outer loop
      vertex 10.4277190679216 23.225878449210178 0
      vertex 10.112426863345434 22.992041813450946 0
      vertex 10.112426863345434 26.407958186549052 0
    endloop
  endfacet
  facet normal 0 0 -1
    outer loop
      vertex 11.869638711935494 23.82314112161292 0
      vertex 11.488861290982157 25.672238657071166 0
      vertex 11.869638711935494 25.57685887838708 0
    endloop
  endfacet
  facet normal 0 0 -1
    outer loop
      vertex 11.11926627053964 25.804481869954852 0
      vertex 11.488861290982157 25.672238657071166 0
      vertex 11.488861290982157 23.727761342928833 0
    endloop
  endfacet
  facet normal 0 0 -1
    outer loop
      vertex 11.11926627053964 23.595518130045146 0
      vertex 10.764413052696028 25.97231494260658 0
      vertex 11.11926627053964 25.804481869954852 0
    endloop
  endfacet
  facet normal 0 0 -1
    outer loop
      vertex 10.764413052696028 23.42768505739342 0
      vertex 10.4277190679216 26.17412155078982 0
      vertex 10.764413052696028 25.97231494260658 0
    endloop
  endfacet
  facet normal 0 0 -1
    outer loop
      vertex 10.112426863345434 26.407958186549052 0
      vertex 10.4277190679216 26.17412155078982 0
      vertex 10.4277190679216 23.225878449210178 0
    endloop
  endfacet
  facet normal 0 0 -1
    outer loop
      vertex 9.821572875253821 26.67157287525381 0
      vertex 10.112426863345434 26.407958186549052 0
      vertex 10.112426863345434 22.992041813450946 0
    endloop
  endfacet
  facet normal 0 0 -1
    outer loop
      vertex 9.557958186549058 26.962426863345417 0
      vertex 9.821572875253821 26.67157287525381 0
      vertex 9.821572875253821 22.72842712474619 0
    endloop
  endfacet
  facet normal 0 0 -1
    outer loop
      vertex 9.324121550789812 22.122280932078407 0
      vertex 9.122314942606579 21.78558694730399 0
      vertex 9.122314942606579 27.61441305269601 0
    endloop
  endfacet
  facet normal 0 0 -1
    outer loop
      vertex 9.122314942606579 21.78558694730399 0
      vertex 8.954481869954861 21.430733729460357 0
      vertex 8.954481869954861 27.96926627053964 0
    endloop
  endfacet
  facet normal 0 0 -1
    outer loop
      vertex 9.557958186549058 22.43757313665458 0
      vertex 9.324121550789812 22.122280932078407 0
      vertex 9.324121550789812 27.27771906792159 0
    endloop
  endfacet
  facet normal 0 0 -1
    outer loop
      vertex 9.821572875253821 22.72842712474619 0
      vertex 9.557958186549058 22.43757313665458 0
      vertex 9.557958186549058 26.962426863345417 0
    endloop
  endfacet
  facet normal 0 0 -1
    outer loop
      vertex 0 0 0
      vertex 0 40.75 0
      vertex 8.669261093311206 29.107931438681756 0
    endloop
  endfacet
  facet normal 0 0 -1
    outer loop
      vertex 14.87228093207841 26.17412155078982 0
      vertex 15.187573136654578 26.407958186549052 0
      vertex 23.578033579181778 25.884947733186316 0
    endloop
  endfacet
  facet normal 0 0 -1
    outer loop
      vertex 15.187573136654578 26.407958186549052 0
      vertex 15.47842712474619 26.67157287525381 0
      vertex 23.214466094067262 26.214466094067262 0
    endloop
  endfacet
  facet normal 0 0 -1
    outer loop
      vertex 15.47842712474619 26.67157287525381 0
      vertex 15.742041813450953 26.962426863345417 0
      vertex 22.884947733186323 26.57803357918177 0
    endloop
  endfacet
  facet normal 0 0 -1
    outer loop
      vertex 15.742041813450953 26.962426863345417 0
      vertex 15.9758784492102 27.27771906792159 0
      vertex 22.59265193848728 26.97214883490199 0
    endloop
  endfacet
  facet normal 0 0 -1
    outer loop
      vertex 15.9758784492102 27.27771906792159 0
      vertex 16.177685057393433 27.61441305269601 0
      vertex 22.340393678258238 27.39301631587001 0
    endloop
  endfacet
  facet normal 0 0 -1
    outer loop
      vertex 16.177685057393433 27.61441305269601 0
      vertex 16.34551813004515 27.96926627053964 0
      vertex 22.130602337443577 27.83658283817455 0
    endloop
  endfacet
  facet normal 0 0 -1
    outer loop
      vertex 16.34551813004515 27.96926627053964 0
      vertex 16.47776134292883 28.338861290982152 0
      vertex 21.965298321338963 28.29857661372769 0
    endloop
  endfacet
  facet normal 0 0 -1
    outer loop
      vertex 21.84607359798386 28.77454838991936 0
      vertex 16.47776134292883 28.338861290982152 0
      vertex 16.573141121612935 28.719638711935488 0
    endloop
  endfacet
  facet normal 0 0 -1
    outer loop
      vertex 21.774076366639008 29.259914298352196 0
      vertex 16.573141121612935 28.719638711935488 0
      vertex 16.630738906688805 29.107931438681756 0
    endloop
  endfacet
  facet normal 0 0 -1
    outer loop
      vertex 16.630738906688805 29.107931438681756 0
      vertex 16.650000000000006 29.5 0
      vertex 21.774076366639008 29.259914298352196 0
    endloop
  endfacet
  facet normal 0 0 -1
    outer loop
      vertex 16.650000000000006 29.5 0
      vertex 16.650000000000006 31 0
      vertex 21.774076366639008 30.240085701647804 0
    endloop
  endfacet
  facet normal 0 0 -1
    outer loop
      vertex 9.324121550789812 27.27771906792159 0
      vertex 9.557958186549058 26.962426863345417 0
      vertex 9.557958186549058 22.43757313665458 0
    endloop
  endfacet
  facet normal 0 0 -1
    outer loop
      vertex 9.122314942606579 27.61441305269601 0
      vertex 9.324121550789812 27.27771906792159 0
      vertex 9.324121550789812 22.122280932078407 0
    endloop
  endfacet
  facet normal 0 0 -1
    outer loop
      vertex 8.954481869954861 27.96926627053964 0
      vertex 9.122314942606579 27.61441305269601 0
      vertex 9.122314942606579 21.78558694730399 0
    endloop
  endfacet
  facet normal 0 0 -1
    outer loop
      vertex 51.150000000000006 32.25 0
      vertex 31.75 29.75 0
      vertex 31.725923633360992 30.240085701647804 0
    endloop
  endfacet
  facet normal 0 0 -1
    outer loop
      vertex 51.150000000000006 32.25 0
      vertex 31.725923633360992 30.240085701647804 0
      vertex 31.653926402016154 30.72545161008064 0
    endloop
  endfacet
  facet normal 0 0 -1
    outer loop
      vertex 51.150000000000006 32.25 0
      vertex 31.653926402016154 30.72545161008064 0
      vertex 31.534701678661037 31.20142338627231 0
    endloop
  endfacet
  facet normal 0 0 -1
    outer loop
      vertex 51.150000000000006 32.25 0
      vertex 31.534701678661037 31.20142338627231 0
      vertex 31.369397662556437 31.66341716182545 0
    endloop
  endfacet
  facet normal 0 0 -1
    outer loop
      vertex 51.150000000000006 32.25 0
      vertex 31.369397662556437 31.66341716182545 0
      vertex 31.159606321741776 32.106983684129986 0
    endloop
  endfacet
  facet normal 0 0 -1
    outer loop
      vertex 51.150000000000006 32.25 0
      vertex 31.159606321741776 32.106983684129986 0
      vertex 30.90734806151272 32.527851165098014 0
    endloop
  endfacet
  facet normal 0 0 -1
    outer loop
      vertex 30.90734806151272 32.527851165098014 0
      vertex 30.61505226681369 32.92196642081823 0
      vertex 51.150000000000006 32.25 0
    endloop
  endfacet
  facet normal 0 0 -1
    outer loop
      vertex 30.61505226681369 32.92196642081823 0
      vertex 30.285533905932738 33.28553390593274 0
      vertex 51.150000000000006 32.25 0
    endloop
  endfacet
  facet normal 0 0 -1
    outer loop
      vertex 30.285533905932738 33.28553390593274 0
      vertex 29.921966420818222 33.615052266813684 0
      vertex 51.150000000000006 32.25 0
    endloop
  endfacet
  facet normal 0 0 -1
    outer loop
      vertex 29.921966420818222 33.615052266813684 0
      vertex 29.527851165098014 33.90734806151273 0
      vertex 51.150000000000006 32.25 0
    endloop
  endfacet
  facet normal 0 0 -1
    outer loop
      vertex 29.527851165098014 33.90734806151273 0
      vertex 29.106983684129986 34.15960632174178 0
      vertex 51.150000000000006 32.25 0
    endloop
  endfacet
  facet normal 0 0 -1
    outer loop
      vertex 29.106983684129986 34.15960632174178 0
      vertex 28.66341716182545 34.36939766255644 0
      vertex 51.150000000000006 32.25 0
    endloop
  endfacet
  facet normal 0 0 -1
    outer loop
      vertex 21.84607359798386 30.72545161008064 0
      vertex 21.774076366639008 30.240085701647804 0
      vertex 16.650000000000006 31 0
    endloop
  endfacet
  facet normal 0 0 -1
    outer loop
      vertex 21.965298321338963 31.20142338627231 0
      vertex 21.84607359798386 30.72545161008064 0
      vertex 16.650000000000006 31 0
    endloop
  endfacet
  facet normal 0 0 -1
    outer loop
      vertex 22.130602337443577 31.66341716182545 0
      vertex 21.965298321338963 31.20142338627231 0
      vertex 16.573141121612935 31.780361288064512 0
    endloop
  endfacet
  facet normal 0 0 -1
    outer loop
      vertex 22.340393678258238 32.106983684129986 0
      vertex 22.130602337443577 31.66341716182545 0
      vertex 16.47776134292883 32.16113870901785 0
    endloop
  endfacet
  facet normal 0 0 -1
    outer loop
      vertex 22.59265193848728 32.527851165098014 0
      vertex 22.340393678258238 32.106983684129986 0
      vertex 16.34551813004515 32.53073372946036 0
    endloop
  endfacet
  facet normal 0 0 -1
    outer loop
      vertex 22.884947733186323 32.92196642081823 0
      vertex 22.59265193848728 32.527851165098014 0
      vertex 16.177685057393433 32.88558694730399 0
    endloop
  endfacet
  facet normal 0 0 -1
    outer loop
      vertex 23.214466094067262 33.28553390593274 0
      vertex 22.884947733186323 32.92196642081823 0
      vertex 15.9758784492102 33.222280932078405 0
    endloop
  endfacet
  facet normal 0 0 -1
    outer loop
      vertex 23.578033579181778 33.615052266813684 0
      vertex 23.214466094067262 33.28553390593274 0
      vertex 15.742041813450953 33.53757313665458 0
    endloop
  endfacet
  facet normal 0 0 -1
    outer loop
      vertex 23.972148834901986 33.90734806151273 0
      vertex 23.578033579181778 33.615052266813684 0
      vertex 15.187573136654578 34.09204181345095 0
    endloop
  endfacet
  facet normal 0 0 -1
    outer loop
      vertex 24.836582838174564 34.36939766255644 0
      vertex 24.39301631587 34.15960632174178 0
      vertex 14.535586947303983 34.52768505739342 0
    endloop
  endfacet
  facet normal 0 0 -1
    outer loop
      vertex 24.39301631587 34.15960632174178 0
      vertex 23.972148834901986 33.90734806151273 0
      vertex 14.87228093207841 34.32587844921018 0
    endloop
  endfacet
  facet normal 0 0 -1
    outer loop
      vertex 21.965298321338963 31.20142338627231 0
      vertex 16.650000000000006 31 0
      vertex 16.630738906688805 31.392068561318244 0
    endloop
  endfacet
  facet normal 0 0 -1
    outer loop
      vertex 16.630738906688805 31.392068561318244 0
      vertex 16.573141121612935 31.780361288064512 0
      vertex 21.965298321338963 31.20142338627231 0
    endloop
  endfacet
  facet normal 0 0 -1
    outer loop
      vertex 16.573141121612935 31.780361288064512 0
      vertex 16.47776134292883 32.16113870901785 0
      vertex 22.130602337443577 31.66341716182545 0
    endloop
  endfacet
  facet normal 0 0 -1
    outer loop
      vertex 16.47776134292883 32.16113870901785 0
      vertex 16.34551813004515 32.53073372946036 0
      vertex 22.340393678258238 32.106983684129986 0
    endloop
  endfacet
  facet normal 0 0 -1
    outer loop
      vertex 16.34551813004515 32.53073372946036 0
      vertex 16.177685057393433 32.88558694730399 0
      vertex 22.59265193848728 32.527851165098014 0
    endloop
  endfacet
  facet normal 0 0 -1
    outer loop
      vertex 22.884947733186323 32.92196642081823 0
      vertex 16.177685057393433 32.88558694730399 0
      vertex 15.9758784492102 33.222280932078405 0
    endloop
  endfacet
  facet normal 0 0 -1
    outer loop
      vertex 23.214466094067262 33.28553390593274 0
      vertex 15.9758784492102 33.222280932078405 0
      vertex 15.742041813450953 33.53757313665458 0
    endloop
  endfacet
  facet normal 0 0 -1
    outer loop
      vertex 23.578033579181778 33.615052266813684 0
      vertex 15.742041813450953 33.53757313665458 0
      vertex 15.47842712474619 33.82842712474619 0
    endloop
  endfacet
  facet normal 0 0 -1
    outer loop
      vertex 15.47842712474619 33.82842712474619 0
      vertex 15.187573136654578 34.09204181345095 0
      vertex 23.578033579181778 33.615052266813684 0
    endloop
  endfacet
  facet normal 0 0 -1
    outer loop
      vertex 15.187573136654578 34.09204181345095 0
      vertex 14.87228093207841 34.32587844921018 0
      vertex 23.972148834901986 33.90734806151273 0
    endloop
  endfacet
  facet normal 0 0 -1
    outer loop
      vertex 14.87228093207841 34.32587844921018 0
      vertex 14.535586947303983 34.52768505739342 0
      vertex 24.39301631587 34.15960632174178 0
    endloop
  endfacet
  facet normal 0 0 -1
    outer loop
      vertex 24.836582838174564 34.36939766255644 0
      vertex 14.535586947303983 34.52768505739342 0
      vertex 14.180733729460371 34.695518130045144 0
    endloop
  endfacet
  facet normal 0 0 -1
    outer loop
      vertex 0 40.75 0
      vertex 8.650000000000006 29.5 0
      vertex 8.669261093311206 29.107931438681756 0
    endloop
  endfacet
  facet normal 0 0 -1
    outer loop
      vertex 0 40.75 0
      vertex 8.650000000000006 31 0
      vertex 8.650000000000006 29.5 0
    endloop
  endfacet
  facet normal 0 0 -1
    outer loop
      vertex 0 40.75 0
      vertex 8.669261093311206 31.392068561318244 0
      vertex 8.650000000000006 31 0
    endloop
  endfacet
  facet normal 0 0 -1
    outer loop
      vertex 0 40.75 0
      vertex 8.726858878387077 31.780361288064512 0
      vertex 8.669261093311206 31.392068561318244 0
    endloop
  endfacet
  facet normal 0 0 -1
    outer loop
      vertex 0 40.75 0
      vertex 8.822238657071182 32.16113870901785 0
      vertex 8.726858878387077 31.780361288064512 0
    endloop
  endfacet
  facet normal 0 0 -1
    outer loop
      vertex 0 40.75 0
      vertex 9.324121550789812 33.222280932078405 0
      vertex 9.122314942606579 32.88558694730399 0
    endloop
  endfacet
  facet normal 0 0 -1
    outer loop
      vertex 0 40.75 0
      vertex 8.954481869954861 32.53073372946036 0
      vertex 8.822238657071182 32.16113870901785 0
    endloop
  endfacet
  facet normal 0 0 -1
    outer loop
      vertex 0 40.75 0
      vertex 9.122314942606579 32.88558694730399 0
      vertex 8.954481869954861 32.53073372946036 0
    endloop
  endfacet
  facet normal 0 0 -1
    outer loop
      vertex 0 40.75 0
      vertex 26.75 34.75 0
      vertex 26.259914298352186 34.725923633360985 0
    endloop
  endfacet
  facet normal 0 0 -1
    outer loop
      vertex 0 40.75 0
      vertex 26.259914298352186 34.725923633360985 0
      vertex 25.774548389919346 34.653926402016154 0
    endloop
  endfacet
  facet normal 0 0 -1
    outer loop
      vertex 0 40.75 0
      vertex 25.774548389919346 34.653926402016154 0
      vertex 25.298576613727676 34.534701678661044 0
    endloop
  endfacet
  facet normal 0 0 -1
    outer loop
      vertex 0 40.75 0
      vertex 25.298576613727676 34.534701678661044 0
      vertex 24.836582838174564 34.36939766255644 0
    endloop
  endfacet
  facet normal 0 0 -1
    outer loop
      vertex 0 40.75 0
      vertex 24.836582838174564 34.36939766255644 0
      vertex 14.180733729460371 34.695518130045144 0
    endloop
  endfacet
  facet normal 0 0 -1
    outer loop
      vertex 0 40.75 0
      vertex 14.180733729460371 34.695518130045144 0
      vertex 13.811138709017854 34.82776134292884 0
    endloop
  endfacet
  facet normal 0 0 -1
    outer loop
      vertex 0 40.75 0
      vertex 13.811138709017854 34.82776134292884 0
      vertex 13.430361288064518 34.92314112161292 0
    endloop
  endfacet
  facet normal 0 0 -1
    outer loop
      vertex 0 40.75 0
      vertex 13.430361288064518 34.92314112161292 0
      vertex 13.042068561318246 34.980738906688785 0
    endloop
  endfacet
  facet normal 0 0 -1
    outer loop
      vertex 0 40.75 0
      vertex 13.042068561318246 34.980738906688785 0
      vertex 12.650000000000006 35 0
    endloop
  endfacet
  facet normal 0 0 -1
    outer loop
      vertex 0 40.75 0
      vertex 12.650000000000006 35 0
      vertex 12.257931438681766 34.980738906688785 0
    endloop
  endfacet
  facet normal 0 0 -1
    outer loop
      vertex 0 40.75 0
      vertex 12.257931438681766 34.980738906688785 0
      vertex 11.869638711935494 34.92314112161292 0
    endloop
  endfacet
  facet normal 0 0 -1
    outer loop
      vertex 0 40.75 0
      vertex 11.11926627053964 34.695518130045144 0
      vertex 10.764413052696028 34.52768505739342 0
    endloop
  endfacet
  facet normal 0 0 -1
    outer loop
      vertex 0 40.75 0
      vertex 11.488861290982157 34.82776134292884 0
      vertex 11.11926627053964 34.695518130045144 0
    endloop
  endfacet
  facet normal 0 0 -1
    outer loop
      vertex 0 40.75 0
      vertex 11.869638711935494 34.92314112161292 0
      vertex 11.488861290982157 34.82776134292884 0
    endloop
  endfacet
  facet normal 0 0 -1
    outer loop
      vertex 0 40.75 0
      vertex 9.557958186549058 33.53757313665458 0
      vertex 9.324121550789812 33.222280932078405 0
    endloop
  endfacet
  facet normal 0 0 -1
    outer loop
      vertex 0 40.75 0
      vertex 9.821572875253821 33.82842712474619 0
      vertex 9.557958186549058 33.53757313665458 0
    endloop
  endfacet
  facet normal 0 0 -1
    outer loop
      vertex 0 40.75 0
      vertex 10.112426863345434 34.09204181345095 0
      vertex 9.821572875253821 33.82842712474619 0
    endloop
  endfacet
  facet normal 0 0 -1
    outer loop
      vertex 0 40.75 0
      vertex 10.4277190679216 34.32587844921018 0
      vertex 10.112426863345434 34.09204181345095 0
    endloop
  endfacet
  facet normal 0 0 -1
    outer loop
      vertex 0 40.75 0
      vertex 10.764413052696028 34.52768505739342 0
      vertex 10.4277190679216 34.32587844921018 0
    endloop
  endfacet
  facet normal 0 0 1
    outer loop
      vertex 51.150000000000006 19.5 0.25
      vertex 51.150000000000006 32.25 0.25
      vertex 31.725923633360992 30.240085701647804 0.25
    endloop
  endfacet
  facet normal 0 1 0
    outer loop
      vertex 154.75 40.75 0.25
      vertex 0 40.75 0
      vertex 0 40.75 0.25
    endloop
  endfacet
  facet normal 0 0 1
    outer loop
      vertex 154.75 40.75 0.25
      vertex 26.75 34.75 0.25
      vertex 27.2400857016478 34.725923633360985 0.25
    endloop
  endfacet
  facet normal 0 0 1
    outer loop
      vertex 154.75 40.75 0.25
      vertex 14.180733729460371 34.695518130045144 0.25
      vertex 26.75 34.75 0.25
    endloop
  endfacet
  facet normal 0 0 1
    outer loop
      vertex 154.75 40.75 0.25
      vertex 13.811138709017854 34.82776134292884 0.25
      vertex 14.180733729460371 34.695518130045144 0.25
    endloop
  endfacet
  facet normal 0 0 1
    outer loop
      vertex 154.75 40.75 0.25
      vertex 13.430361288064518 34.92314112161292 0.25
      vertex 13.811138709017854 34.82776134292884 0.25
    endloop
  endfacet
  facet normal 0 0 1
    outer loop
      vertex 154.75 40.75 0.25
      vertex 13.042068561318246 34.980738906688785 0.25
      vertex 13.430361288064518 34.92314112161292 0.25
    endloop
  endfacet
  facet normal 0 0 1
    outer loop
      vertex 51.150000000000006 32.25 0.25
      vertex 66.15 32.25 0.25
      vertex 27.72545161008064 34.653926402016154 0.25
    endloop
  endfacet
  facet normal 0 0 1
    outer loop
      vertex 27.2400857016478 34.725923633360985 0.25
      vertex 27.72545161008064 34.653926402016154 0.25
      vertex 66.15 32.25 0.25
    endloop
  endfacet
  facet normal 0 0 1
    outer loop
      vertex 154.75 40.75 0.25
      vertex 0 40.75 0.25
      vertex 13.042068561318246 34.980738906688785 0.25
    endloop
  endfacet
  facet normal -1 0 0
    outer loop
      vertex 0 0 0.25
      vertex 0 40.75 0.25
      vertex 0 40.75 0
    endloop
  endfacet
  facet normal 0 0 1
    outer loop
      vertex 28.66341716182545 18.669397662556435 0.25
      vertex 51.150000000000006 19.5 0.25
      vertex 28.20142338627231 24.965298321338956 0.25
    endloop
  endfacet
  facet normal 0 0 1
    outer loop
      vertex 29.106983684129986 25.340393678258224 0.25
      vertex 28.66341716182545 25.130602337443566 0.25
      vertex 51.150000000000006 19.5 0.25
    endloop
  endfacet
  facet normal 0 0 1
    outer loop
      vertex 29.527851165098014 25.592651938487272 0.25
      vertex 29.106983684129986 25.340393678258224 0.25
      vertex 51.150000000000006 19.5 0.25
    endloop
  endfacet
  facet normal 0 0 1
    outer loop
      vertex 30.285533905932738 26.214466094067262 0.25
      vertex 29.921966420818222 25.884947733186316 0.25
      vertex 51.150000000000006 19.5 0.25
    endloop
  endfacet
  facet normal 0 0 1
    outer loop
      vertex 29.921966420818222 25.884947733186316 0.25
      vertex 29.527851165098014 25.592651938487272 0.25
      vertex 51.150000000000006 19.5 0.25
    endloop
  endfacet
  facet normal 0 0 1
    outer loop
      vertex 30.61505226681369 26.57803357918177 0.25
      vertex 30.285533905932738 26.214466094067262 0.25
      vertex 51.150000000000006 19.5 0.25
    endloop
  endfacet
  facet normal 0 0 1
    outer loop
      vertex 28.66341716182545 25.130602337443566 0.25
      vertex 28.20142338627231 24.965298321338956 0.25
      vertex 51.150000000000006 19.5 0.25
    endloop
  endfacet
  facet normal 0 0 1
    outer loop
      vertex 30.90734806151272 26.97214883490199 0.25
      vertex 30.61505226681369 26.57803357918177 0.25
      vertex 51.150000000000006 19.5 0.25
    endloop
  endfacet
  facet normal 0 0 1
    outer loop
      vertex 31.159606321741776 27.39301631587001 0.25
      vertex 30.90734806151272 26.97214883490199 0.25
      vertex 51.150000000000006 19.5 0.25
    endloop
  endfacet
  facet normal 0 0 1
    outer loop
      vertex 31.369397662556437 27.83658283817455 0.25
      vertex 31.159606321741776 27.39301631587001 0.25
      vertex 51.150000000000006 19.5 0.25
    endloop
  endfacet
  facet normal 0 0 1
    outer loop
      vertex 31.534701678661037 28.29857661372769 0.25
      vertex 31.369397662556437 27.83658283817455 0.25
      vertex 51.150000000000006 19.5 0.25
    endloop
  endfacet
  facet normal 0 0 1
    outer loop
      vertex 28.66341716182545 18.669397662556435 0.25
      vertex 28.20142338627231 24.965298321338956 0.25
      vertex 28.20142338627231 18.834701678661045 0.25
    endloop
  endfacet
  facet normal 0 0 1
    outer loop
      vertex 27.72545161008064 18.95392640201615 0.25
      vertex 28.20142338627231 18.834701678661045 0.25
      vertex 28.20142338627231 24.965298321338956 0.25
    endloop
  endfacet
  facet normal 0 0 1
    outer loop
      vertex 27.2400857016478 19.025923633360986 0.25
      vertex 27.72545161008064 18.95392640201615 0.25
      vertex 27.72545161008064 24.846073597983846 0.25
    endloop
  endfacet
  facet normal 0 0 1
    outer loop
      vertex 26.75 19.05 0.25
      vertex 27.2400857016478 19.025923633360986 0.25
      vertex 27.2400857016478 24.774076366639015 0.25
    endloop
  endfacet
  facet normal 0 0 1
    outer loop
      vertex 26.75 24.75 0.25
      vertex 26.259914298352186 19.025923633360986 0.25
      vertex 26.75 19.05 0.25
    endloop
  endfacet
  facet normal 0 0 1
    outer loop
      vertex 25.774548389919346 18.95392640201615 0.25
      vertex 26.259914298352186 19.025923633360986 0.25
      vertex 26.259914298352186 24.774076366639015 0.25
    endloop
  endfacet
  facet normal 0 0 1
    outer loop
      vertex 27.72545161008064 18.95392640201615 0.25
      vertex 28.20142338627231 24.965298321338956 0.25
      vertex 27.72545161008064 24.846073597983846 0.25
    endloop
  endfacet
  facet normal 0 0 1
    outer loop
      vertex 27.72545161008064 24.846073597983846 0.25
      vertex 27.2400857016478 24.774076366639015 0.25
      vertex 27.2400857016478 19.025923633360986 0.25
    endloop
  endfacet
  facet normal 0 0 1
    outer loop
      vertex 27.2400857016478 24.774076366639015 0.25
      vertex 26.75 24.75 0.25
      vertex 26.75 19.05 0.25
    endloop
  endfacet
  facet normal 0 0 1
    outer loop
      vertex 26.75 24.75 0.25
      vertex 26.259914298352186 24.774076366639015 0.25
      vertex 26.259914298352186 19.025923633360986 0.25
    endloop
  endfacet
  facet normal 0 0 1
    outer loop
      vertex 25.774548389919346 18.95392640201615 0.25
      vertex 26.259914298352186 24.774076366639015 0.25
      vertex 25.774548389919346 24.846073597983846 0.25
    endloop
  endfacet
  facet normal 0 0 1
    outer loop
      vertex 25.774548389919346 24.846073597983846 0.25
      vertex 25.298576613727676 24.965298321338956 0.25
      vertex 25.774548389919346 18.95392640201615 0.25
    endloop
  endfacet
  facet normal 0 0 1
    outer loop
      vertex 25.774548389919346 18.95392640201615 0.25
      vertex 23.972148834901986 25.592651938487272 0.25
      vertex 15.742041813450953 22.43757313665458 0.25
    endloop
  endfacet
  facet normal 0 0 1
    outer loop
      vertex 25.298576613727676 24.965298321338956 0.25
      vertex 24.836582838174564 25.130602337443566 0.25
      vertex 25.774548389919346 18.95392640201615 0.25
    endloop
  endfacet
  facet normal 0 0 1
    outer loop
      vertex 24.836582838174564 25.130602337443566 0.25
      vertex 24.39301631587 25.340393678258224 0.25
      vertex 25.774548389919346 18.95392640201615 0.25
    endloop
  endfacet
  facet normal 0 0 1
    outer loop
      vertex 24.39301631587 25.340393678258224 0.25
      vertex 23.972148834901986 25.592651938487272 0.25
      vertex 25.774548389919346 18.95392640201615 0.25
    endloop
  endfacet
  facet normal 0 0 1
    outer loop
      vertex 51.150000000000006 19.5 0.25
      vertex 31.653926402016154 28.77454838991936 0.25
      vertex 31.534701678661037 28.29857661372769 0.25
    endloop
  endfacet
  facet normal 0 0 1
    outer loop
      vertex 51.150000000000006 19.5 0.25
      vertex 31.725923633360992 29.259914298352196 0.25
      vertex 31.653926402016154 28.77454838991936 0.25
    endloop
  endfacet
  facet normal 0 0 1
    outer loop
      vertex 51.150000000000006 19.5 0.25
      vertex 31.75 29.75 0.25
      vertex 31.725923633360992 29.259914298352196 0.25
    endloop
  endfacet
  facet normal 0 0 1
    outer loop
      vertex 51.150000000000006 19.5 0.25
      vertex 31.725923633360992 30.240085701647804 0.25
      vertex 31.75 29.75 0.25
    endloop
  endfacet
  facet normal 0 0 1
    outer loop
      vertex 23.972148834901986 25.592651938487272 0.25
      vertex 23.578033579181778 25.884947733186316 0.25
      vertex 14.87228093207841 26.17412155078982 0.25
    endloop
  endfacet
  facet normal 0 0 1
    outer loop
      vertex 23.578033579181778 25.884947733186316 0.25
      vertex 23.214466094067262 26.214466094067262 0.25
      vertex 15.187573136654578 26.407958186549052 0.25
    endloop
  endfacet
  facet normal 0 0 1
    outer loop
      vertex 23.214466094067262 26.214466094067262 0.25
      vertex 22.884947733186323 26.57803357918177 0.25
      vertex 15.47842712474619 26.67157287525381 0.25
    endloop
  endfacet
  facet normal 0 0 1
    outer loop
      vertex 22.884947733186323 26.57803357918177 0.25
      vertex 22.59265193848728 26.97214883490199 0.25
      vertex 15.742041813450953 26.962426863345417 0.25
    endloop
  endfacet
  facet normal 0 0 1
    outer loop
      vertex 22.59265193848728 26.97214883490199 0.25
      vertex 22.340393678258238 27.39301631587001 0.25
      vertex 15.9758784492102 27.27771906792159 0.25
    endloop
  endfacet
  facet normal 0 0 1
    outer loop
      vertex 22.340393678258238 27.39301631587001 0.25
      vertex 22.130602337443577 27.83658283817455 0.25
      vertex 16.34551813004515 27.96926627053964 0.25
    endloop
  endfacet
  facet normal 0 0 1
    outer loop
      vertex 22.130602337443577 27.83658283817455 0.25
      vertex 21.965298321338963 28.29857661372769 0.25
      vertex 16.47776134292883 28.338861290982152 0.25
    endloop
  endfacet
  facet normal 0 0 1
    outer loop
      vertex 21.965298321338963 28.29857661372769 0.25
      vertex 21.84607359798386 28.77454838991936 0.25
      vertex 16.573141121612935 28.719638711935488 0.25
    endloop
  endfacet
  facet normal 0 0 1
    outer loop
      vertex 21.84607359798386 28.77454838991936 0.25
      vertex 21.774076366639008 29.259914298352196 0.25
      vertex 16.630738906688805 29.107931438681756 0.25
    endloop
  endfacet
  facet normal 0 0 1
    outer loop
      vertex 21.774076366639008 29.259914298352196 0.25
      vertex 21.75 29.75 0.25
      vertex 16.650000000000006 29.5 0.25
    endloop
  endfacet
  facet normal 0 0 1
    outer loop
      vertex 21.75 29.75 0.25
      vertex 21.774076366639008 30.240085701647804 0.25
      vertex 16.650000000000006 31 0.25
    endloop
  endfacet
  facet normal 0 0 1
    outer loop
      vertex 24.39301631587 18.459606321741777 0.25
      vertex 16.177685057393433 21.78558694730399 0.25
      vertex 16.34551813004515 21.430733729460357 0.25
    endloop
  endfacet
  facet normal 0 0 1
    outer loop
      vertex 15.9758784492102 22.122280932078407 0.25
      vertex 16.177685057393433 21.78558694730399 0.25
      vertex 24.836582838174564 18.669397662556435 0.25
    endloop
  endfacet
  facet normal 0 0 1
    outer loop
      vertex 15.742041813450953 22.43757313665458 0.25
      vertex 15.9758784492102 22.122280932078407 0.25
      vertex 25.298576613727676 18.834701678661045 0.25
    endloop
  endfacet
  facet normal 0 0 1
    outer loop
      vertex 15.47842712474619 22.72842712474619 0.25
      vertex 15.742041813450953 22.43757313665458 0.25
      vertex 23.972148834901986 25.592651938487272 0.25
    endloop
  endfacet
  facet normal 0 0 1
    outer loop
      vertex 15.187573136654578 22.992041813450946 0.25
      vertex 15.47842712474619 22.72842712474619 0.25
      vertex 23.972148834901986 25.592651938487272 0.25
    endloop
  endfacet
  facet normal 0 0 1
    outer loop
      vertex 14.87228093207841 23.225878449210178 0.25
      vertex 15.187573136654578 22.992041813450946 0.25
      vertex 23.972148834901986 25.592651938487272 0.25
    endloop
  endfacet
  facet normal 0 0 1
    outer loop
      vertex 14.535586947303983 23.42768505739342 0.25
      vertex 14.87228093207841 23.225878449210178 0.25
      vertex 23.972148834901986 25.592651938487272 0.25
    endloop
  endfacet
  facet normal 0 0 1
    outer loop
      vertex 23.972148834901986 25.592651938487272 0.25
      vertex 14.535586947303983 25.97231494260658 0.25
      vertex 14.535586947303983 23.42768505739342 0.25
    endloop
  endfacet
  facet normal 0 0 1
    outer loop
      vertex 10.112426863345434 22.992041813450946 0.25
      vertex 10.4277190679216 23.225878449210178 0.25
      vertex 10.4277190679216 26.17412155078982 0.25
    endloop
  endfacet
  facet normal 0 0 1
    outer loop
      vertex 9.557958186549058 22.43757313665458 0.25
      vertex 9.821572875253821 22.72842712474619 0.25
      vertex 9.821572875253821 26.67157287525381 0.25
    endloop
  endfacet
  facet normal 0 0 1
    outer loop
      vertex 9.821572875253821 22.72842712474619 0.25
      vertex 10.112426863345434 22.992041813450946 0.25
      vertex 10.112426863345434 26.407958186549052 0.25
    endloop
  endfacet
  facet normal 0 0 1
    outer loop
      vertex 14.180733729460371 23.595518130045146 0.25
      vertex 14.535586947303983 23.42768505739342 0.25
      vertex 14.535586947303983 25.97231494260658 0.25
    endloop
  endfacet
  facet normal 0 0 1
    outer loop
      vertex 13.811138709017854 23.727761342928833 0.25
      vertex 14.180733729460371 23.595518130045146 0.25
      vertex 14.180733729460371 25.804481869954852 0.25
    endloop
  endfacet
  facet normal 0 0 1
    outer loop
      vertex 13.430361288064518 23.82314112161292 0.25
      vertex 13.811138709017854 23.727761342928833 0.25
      vertex 13.811138709017854 25.672238657071166 0.25
    endloop
  endfacet
  facet normal 0 0 1
    outer loop
      vertex 13.042068561318246 23.880738906688787 0.25
      vertex 13.430361288064518 23.82314112161292 0.25
      vertex 13.430361288064518 25.57685887838708 0.25
    endloop
  endfacet
  facet normal 0 0 1
    outer loop
      vertex 12.650000000000006 23.9 0.25
      vertex 13.042068561318246 23.880738906688787 0.25
      vertex 13.042068561318246 25.51926109331121 0.25
    endloop
  endfacet
  facet normal 0 0 1
    outer loop
      vertex 12.257931438681766 23.880738906688787 0.25
      vertex 12.650000000000006 23.9 0.25
      vertex 12.650000000000006 25.5 0.25
    endloop
  endfacet
  facet normal 0 0 1
    outer loop
      vertex 11.869638711935494 23.82314112161292 0.25
      vertex 12.257931438681766 23.880738906688787 0.25
      vertex 12.257931438681766 25.51926109331121 0.25
    endloop
  endfacet
  facet normal 0 0 1
    outer loop
      vertex 14.180733729460371 23.595518130045146 0.25
      vertex 14.535586947303983 25.97231494260658 0.25
      vertex 14.180733729460371 25.804481869954852 0.25
    endloop
  endfacet
  facet normal 0 0 1
    outer loop
      vertex 14.180733729460371 25.804481869954852 0.25
      vertex 13.811138709017854 25.672238657071166 0.25
      vertex 13.811138709017854 23.727761342928833 0.25
    endloop
  endfacet
  facet normal 0 0 1
    outer loop
      vertex 13.430361288064518 23.82314112161292 0.25
      vertex 13.811138709017854 25.672238657071166 0.25
      vertex 13.430361288064518 25.57685887838708 0.25
    endloop
  endfacet
  facet normal 0 0 1
    outer loop
      vertex 12.650000000000006 23.9 0.25
      vertex 13.042068561318246 25.51926109331121 0.25
      vertex 12.650000000000006 25.5 0.25
    endloop
  endfacet
  facet normal 0 0 1
    outer loop
      vertex 13.430361288064518 25.57685887838708 0.25
      vertex 13.042068561318246 25.51926109331121 0.25
      vertex 13.042068561318246 23.880738906688787 0.25
    endloop
  endfacet
  facet normal 0 0 1
    outer loop
      vertex 12.257931438681766 23.880738906688787 0.25
      vertex 12.650000000000006 25.5 0.25
      vertex 12.257931438681766 25.51926109331121 0.25
    endloop
  endfacet
  facet normal 0 0 1
    outer loop
      vertex 11.488861290982157 23.727761342928833 0.25
      vertex 11.869638711935494 23.82314112161292 0.25
      vertex 11.869638711935494 25.57685887838708 0.25
    endloop
  endfacet
  facet normal 0 0 1
    outer loop
      vertex 11.11926627053964 23.595518130045146 0.25
      vertex 11.488861290982157 23.727761342928833 0.25
      vertex 11.488861290982157 25.672238657071166 0.25
    endloop
  endfacet
  facet normal 0 0 1
    outer loop
      vertex 10.764413052696028 23.42768505739342 0.25
      vertex 11.11926627053964 23.595518130045146 0.25
      vertex 11.11926627053964 25.804481869954852 0.25
    endloop
  endfacet
  facet normal 0 0 1
    outer loop
      vertex 10.4277190679216 23.225878449210178 0.25
      vertex 10.764413052696028 23.42768505739342 0.25
      vertex 10.764413052696028 25.97231494260658 0.25
    endloop
  endfacet
  facet normal 0 0 1
    outer loop
      vertex 11.869638711935494 23.82314112161292 0.25
      vertex 12.257931438681766 25.51926109331121 0.25
      vertex 11.869638711935494 25.57685887838708 0.25
    endloop
  endfacet
  facet normal 0 0 1
    outer loop
      vertex 11.488861290982157 23.727761342928833 0.25
      vertex 11.869638711935494 25.57685887838708 0.25
      vertex 11.488861290982157 25.672238657071166 0.25
    endloop
  endfacet
  facet normal 0 0 1
    outer loop
      vertex 11.11926627053964 23.595518130045146 0.25
      vertex 11.488861290982157 25.672238657071166 0.25
      vertex 11.11926627053964 25.804481869954852 0.25
    endloop
  endfacet
  facet normal 0 0 1
    outer loop
      vertex 10.764413052696028 23.42768505739342 0.25
      vertex 11.11926627053964 25.804481869954852 0.25
      vertex 10.764413052696028 25.97231494260658 0.25
    endloop
  endfacet
  facet normal 0 0 1
    outer loop
      vertex 10.4277190679216 23.225878449210178 0.25
      vertex 10.764413052696028 25.97231494260658 0.25
      vertex 10.4277190679216 26.17412155078982 0.25
    endloop
  endfacet
  facet normal 0 0 1
    outer loop
      vertex 10.112426863345434 22.992041813450946 0.25
      vertex 10.4277190679216 26.17412155078982 0.25
      vertex 10.112426863345434 26.407958186549052 0.25
    endloop
  endfacet
  facet normal 0 0 1
    outer loop
      vertex 9.821572875253821 22.72842712474619 0.25
      vertex 10.112426863345434 26.407958186549052 0.25
      vertex 9.821572875253821 26.67157287525381 0.25
    endloop
  endfacet
  facet normal 0 0 1
    outer loop
      vertex 8.650000000000006 19.9 0.25
      vertex 8.669261093311206 20.292068561318242 0.25
      vertex 8.669261093311206 29.107931438681756 0.25
    endloop
  endfacet
  facet normal 0 0 1
    outer loop
      vertex 8.669261093311206 20.292068561318242 0.25
      vertex 8.726858878387077 20.68036128806451 0.25
      vertex 8.726858878387077 28.719638711935488 0.25
    endloop
  endfacet
  facet normal 0 0 1
    outer loop
      vertex 8.726858878387077 20.68036128806451 0.25
      vertex 8.822238657071182 21.061138709017847 0.25
      vertex 8.822238657071182 28.338861290982152 0.25
    endloop
  endfacet
  facet normal 0 0 1
    outer loop
      vertex 8.822238657071182 21.061138709017847 0.25
      vertex 8.954481869954861 21.430733729460357 0.25
      vertex 8.954481869954861 27.96926627053964 0.25
    endloop
  endfacet
  facet normal 0 0 1
    outer loop
      vertex 9.324121550789812 22.122280932078407 0.25
      vertex 9.557958186549058 22.43757313665458 0.25
      vertex 9.557958186549058 26.962426863345417 0.25
    endloop
  endfacet
  facet normal 0 0 1
    outer loop
      vertex 9.122314942606579 21.78558694730399 0.25
      vertex 9.324121550789812 22.122280932078407 0.25
      vertex 9.324121550789812 27.27771906792159 0.25
    endloop
  endfacet
  facet normal 0 0 1
    outer loop
      vertex 8.954481869954861 21.430733729460357 0.25
      vertex 9.122314942606579 21.78558694730399 0.25
      vertex 9.122314942606579 27.61441305269601 0.25
    endloop
  endfacet
  facet normal 0 0 1
    outer loop
      vertex 9.557958186549058 22.43757313665458 0.25
      vertex 9.821572875253821 26.67157287525381 0.25
      vertex 9.557958186549058 26.962426863345417 0.25
    endloop
  endfacet
  facet normal 0 0 1
    outer loop
      vertex 9.324121550789812 22.122280932078407 0.25
      vertex 9.557958186549058 26.962426863345417 0.25
      vertex 9.324121550789812 27.27771906792159 0.25
    endloop
  endfacet
  facet normal 0 0 1
    outer loop
      vertex 14.87228093207841 26.17412155078982 0.25
      vertex 14.535586947303983 25.97231494260658 0.25
      vertex 23.972148834901986 25.592651938487272 0.25
    endloop
  endfacet
  facet normal 0 0 1
    outer loop
      vertex 15.187573136654578 26.407958186549052 0.25
      vertex 14.87228093207841 26.17412155078982 0.25
      vertex 23.578033579181778 25.884947733186316 0.25
    endloop
  endfacet
  facet normal 0 0 1
    outer loop
      vertex 15.47842712474619 26.67157287525381 0.25
      vertex 15.187573136654578 26.407958186549052 0.25
      vertex 23.214466094067262 26.214466094067262 0.25
    endloop
  endfacet
  facet normal 0 0 1
    outer loop
      vertex 15.742041813450953 26.962426863345417 0.25
      vertex 15.47842712474619 26.67157287525381 0.25
      vertex 22.884947733186323 26.57803357918177 0.25
    endloop
  endfacet
  facet normal 0 0 1
    outer loop
      vertex 15.9758784492102 27.27771906792159 0.25
      vertex 15.742041813450953 26.962426863345417 0.25
      vertex 22.59265193848728 26.97214883490199 0.25
    endloop
  endfacet
  facet normal 0 0 1
    outer loop
      vertex 16.177685057393433 27.61441305269601 0.25
      vertex 15.9758784492102 27.27771906792159 0.25
      vertex 22.340393678258238 27.39301631587001 0.25
    endloop
  endfacet
  facet normal 0 0 1
    outer loop
      vertex 22.340393678258238 27.39301631587001 0.25
      vertex 16.34551813004515 27.96926627053964 0.25
      vertex 16.177685057393433 27.61441305269601 0.25
    endloop
  endfacet
  facet normal 0 0 1
    outer loop
      vertex 22.130602337443577 27.83658283817455 0.25
      vertex 16.47776134292883 28.338861290982152 0.25
      vertex 16.34551813004515 27.96926627053964 0.25
    endloop
  endfacet
  facet normal 0 0 1
    outer loop
      vertex 21.965298321338963 28.29857661372769 0.25
      vertex 16.573141121612935 28.719638711935488 0.25
      vertex 16.47776134292883 28.338861290982152 0.25
    endloop
  endfacet
  facet normal 0 0 1
    outer loop
      vertex 16.630738906688805 29.107931438681756 0.25
      vertex 16.573141121612935 28.719638711935488 0.25
      vertex 21.84607359798386 28.77454838991936 0.25
    endloop
  endfacet
  facet normal 0 0 1
    outer loop
      vertex 16.650000000000006 29.5 0.25
      vertex 16.630738906688805 29.107931438681756 0.25
      vertex 21.774076366639008 29.259914298352196 0.25
    endloop
  endfacet
  facet normal 0 0 1
    outer loop
      vertex 16.650000000000006 31 0.25
      vertex 16.650000000000006 29.5 0.25
      vertex 21.75 29.75 0.25
    endloop
  endfacet
  facet normal 0 0 1
    outer loop
      vertex 9.122314942606579 21.78558694730399 0.25
      vertex 9.324121550789812 27.27771906792159 0.25
      vertex 9.122314942606579 27.61441305269601 0.25
    endloop
  endfacet
  facet normal 0 0 1
    outer loop
      vertex 8.954481869954861 21.430733729460357 0.25
      vertex 9.122314942606579 27.61441305269601 0.25
      vertex 8.954481869954861 27.96926627053964 0.25
    endloop
  endfacet
  facet normal 0 0 1
    outer loop
      vertex 8.822238657071182 21.061138709017847 0.25
      vertex 8.954481869954861 27.96926627053964 0.25
      vertex 8.822238657071182 28.338861290982152 0.25
    endloop
  endfacet
  facet normal 0 0 1
    outer loop
      vertex 8.726858878387077 20.68036128806451 0.25
      vertex 8.822238657071182 28.338861290982152 0.25
      vertex 8.726858878387077 28.719638711935488 0.25
    endloop
  endfacet
  facet normal 0 0 1
    outer loop
      vertex 8.669261093311206 20.292068561318242 0.25
      vertex 8.726858878387077 28.719638711935488 0.25
      vertex 8.669261093311206 29.107931438681756 0.25
    endloop
  endfacet
  facet normal 0 0 1
    outer loop
      vertex 0 40.75 0.25
      vertex 8.650000000000006 19.9 0.25
      vertex 8.669261093311206 29.107931438681756 0.25
    endloop
  endfacet
  facet normal 0 0 1
    outer loop
      vertex 31.653926402016154 30.72545161008064 0.25
      vertex 31.725923633360992 30.240085701647804 0.25
      vertex 51.150000000000006 32.25 0.25
    endloop
  endfacet
  facet normal 0 0 1
    outer loop
      vertex 31.534701678661037 31.20142338627231 0.25
      vertex 31.653926402016154 30.72545161008064 0.25
      vertex 51.150000000000006 32.25 0.25
    endloop
  endfacet
  facet normal 0 0 1
    outer loop
      vertex 31.369397662556437 31.66341716182545 0.25
      vertex 31.534701678661037 31.20142338627231 0.25
      vertex 51.150000000000006 32.25 0.25
    endloop
  endfacet
  facet normal 0 0 1
    outer loop
      vertex 31.159606321741776 32.106983684129986 0.25
      vertex 31.369397662556437 31.66341716182545 0.25
      vertex 51.150000000000006 32.25 0.25
    endloop
  endfacet
  facet normal 0 0 1
    outer loop
      vertex 30.90734806151272 32.527851165098014 0.25
      vertex 31.159606321741776 32.106983684129986 0.25
      vertex 51.150000000000006 32.25 0.25
    endloop
  endfacet
  facet normal 0 0 1
    outer loop
      vertex 30.61505226681369 32.92196642081823 0.25
      vertex 30.90734806151272 32.527851165098014 0.25
      vertex 51.150000000000006 32.25 0.25
    endloop
  endfacet
  facet normal 0 0 1
    outer loop
      vertex 30.285533905932738 33.28553390593274 0.25
      vertex 30.61505226681369 32.92196642081823 0.25
      vertex 51.150000000000006 32.25 0.25
    endloop
  endfacet
  facet normal 0 0 1
    outer loop
      vertex 29.921966420818222 33.615052266813684 0.25
      vertex 30.285533905932738 33.28553390593274 0.25
      vertex 51.150000000000006 32.25 0.25
    endloop
  endfacet
  facet normal 0 0 1
    outer loop
      vertex 29.527851165098014 33.90734806151273 0.25
      vertex 29.921966420818222 33.615052266813684 0.25
      vertex 51.150000000000006 32.25 0.25
    endloop
  endfacet
  facet normal 0 0 1
    outer loop
      vertex 29.106983684129986 34.15960632174178 0.25
      vertex 29.527851165098014 33.90734806151273 0.25
      vertex 51.150000000000006 32.25 0.25
    endloop
  endfacet
  facet normal 0 0 1
    outer loop
      vertex 28.66341716182545 34.36939766255644 0.25
      vertex 29.106983684129986 34.15960632174178 0.25
      vertex 51.150000000000006 32.25 0.25
    endloop
  endfacet
  facet normal 0 0 1
    outer loop
      vertex 28.20142338627231 34.534701678661044 0.25
      vertex 28.66341716182545 34.36939766255644 0.25
      vertex 51.150000000000006 32.25 0.25
    endloop
  endfacet
  facet normal 0 0 1
    outer loop
      vertex 27.72545161008064 34.653926402016154 0.25
      vertex 28.20142338627231 34.534701678661044 0.25
      vertex 51.150000000000006 32.25 0.25
    endloop
  endfacet
  facet normal 0 0 1
    outer loop
      vertex 21.774076366639008 30.240085701647804 0.25
      vertex 21.84607359798386 30.72545161008064 0.25
      vertex 16.650000000000006 31 0.25
    endloop
  endfacet
  facet normal 0 0 1
    outer loop
      vertex 21.84607359798386 30.72545161008064 0.25
      vertex 21.965298321338963 31.20142338627231 0.25
      vertex 16.630738906688805 31.392068561318244 0.25
    endloop
  endfacet
  facet normal 0 0 1
    outer loop
      vertex 21.965298321338963 31.20142338627231 0.25
      vertex 22.130602337443577 31.66341716182545 0.25
      vertex 16.573141121612935 31.780361288064512 0.25
    endloop
  endfacet
  facet normal 0 0 1
    outer loop
      vertex 22.130602337443577 31.66341716182545 0.25
      vertex 22.340393678258238 32.106983684129986 0.25
      vertex 16.47776134292883 32.16113870901785 0.25
    endloop
  endfacet
  facet normal 0 0 1
    outer loop
      vertex 22.340393678258238 32.106983684129986 0.25
      vertex 22.59265193848728 32.527851165098014 0.25
      vertex 16.177685057393433 32.88558694730399 0.25
    endloop
  endfacet
  facet normal 0 0 1
    outer loop
      vertex 22.59265193848728 32.527851165098014 0.25
      vertex 22.884947733186323 32.92196642081823 0.25
      vertex 15.9758784492102 33.222280932078405 0.25
    endloop
  endfacet
  facet normal 0 0 1
    outer loop
      vertex 22.884947733186323 32.92196642081823 0.25
      vertex 23.214466094067262 33.28553390593274 0.25
      vertex 15.742041813450953 33.53757313665458 0.25
    endloop
  endfacet
  facet normal 0 0 1
    outer loop
      vertex 23.214466094067262 33.28553390593274 0.25
      vertex 23.578033579181778 33.615052266813684 0.25
      vertex 15.47842712474619 33.82842712474619 0.25
    endloop
  endfacet
  facet normal 0 0 1
    outer loop
      vertex 23.578033579181778 33.615052266813684 0.25
      vertex 23.972148834901986 33.90734806151273 0.25
      vertex 15.187573136654578 34.09204181345095 0.25
    endloop
  endfacet
  facet normal 0 0 1
    outer loop
      vertex 24.39301631587 34.15960632174178 0.25
      vertex 24.836582838174564 34.36939766255644 0.25
      vertex 14.535586947303983 34.52768505739342 0.25
    endloop
  endfacet
  facet normal 0 0 1
    outer loop
      vertex 23.972148834901986 33.90734806151273 0.25
      vertex 24.39301631587 34.15960632174178 0.25
      vertex 14.87228093207841 34.32587844921018 0.25
    endloop
  endfacet
  facet normal 0 0 1
    outer loop
      vertex 25.774548389919346 34.653926402016154 0.25
      vertex 26.259914298352186 34.725923633360985 0.25
      vertex 14.180733729460371 34.695518130045144 0.25
    endloop
  endfacet
  facet normal 0 0 1
    outer loop
      vertex 26.259914298352186 34.725923633360985 0.25
      vertex 26.75 34.75 0.25
      vertex 14.180733729460371 34.695518130045144 0.25
    endloop
  endfacet
  facet normal 0 0 1
    outer loop
      vertex 24.836582838174564 34.36939766255644 0.25
      vertex 25.298576613727676 34.534701678661044 0.25
      vertex 14.180733729460371 34.695518130045144 0.25
    endloop
  endfacet
  facet normal 0 0 1
    outer loop
      vertex 25.298576613727676 34.534701678661044 0.25
      vertex 25.774548389919346 34.653926402016154 0.25
      vertex 14.180733729460371 34.695518130045144 0.25
    endloop
  endfacet
  facet normal 0 0 1
    outer loop
      vertex 16.630738906688805 31.392068561318244 0.25
      vertex 16.650000000000006 31 0.25
      vertex 21.84607359798386 30.72545161008064 0.25
    endloop
  endfacet
  facet normal 0 0 1
    outer loop
      vertex 16.573141121612935 31.780361288064512 0.25
      vertex 16.630738906688805 31.392068561318244 0.25
      vertex 21.965298321338963 31.20142338627231 0.25
    endloop
  endfacet
  facet normal 0 0 1
    outer loop
      vertex 16.47776134292883 32.16113870901785 0.25
      vertex 16.573141121612935 31.780361288064512 0.25
      vertex 22.130602337443577 31.66341716182545 0.25
    endloop
  endfacet
  facet normal 0 0 1
    outer loop
      vertex 16.34551813004515 32.53073372946036 0.25
      vertex 16.47776134292883 32.16113870901785 0.25
      vertex 22.340393678258238 32.106983684129986 0.25
    endloop
  endfacet
  facet normal 0 0 1
    outer loop
      vertex 22.340393678258238 32.106983684129986 0.25
      vertex 16.177685057393433 32.88558694730399 0.25
      vertex 16.34551813004515 32.53073372946036 0.25
    endloop
  endfacet
  facet normal 0 0 1
    outer loop
      vertex 22.59265193848728 32.527851165098014 0.25
      vertex 15.9758784492102 33.222280932078405 0.25
      vertex 16.177685057393433 32.88558694730399 0.25
    endloop
  endfacet
  facet normal 0 0 1
    outer loop
      vertex 15.742041813450953 33.53757313665458 0.25
      vertex 15.9758784492102 33.222280932078405 0.25
      vertex 22.884947733186323 32.92196642081823 0.25
    endloop
  endfacet
  facet normal 0 0 1
    outer loop
      vertex 15.47842712474619 33.82842712474619 0.25
      vertex 15.742041813450953 33.53757313665458 0.25
      vertex 23.214466094067262 33.28553390593274 0.25
    endloop
  endfacet
  facet normal 0 0 1
    outer loop
      vertex 15.187573136654578 34.09204181345095 0.25
      vertex 15.47842712474619 33.82842712474619 0.25
      vertex 23.578033579181778 33.615052266813684 0.25
    endloop
  endfacet
  facet normal 0 0 1
    outer loop
      vertex 14.87228093207841 34.32587844921018 0.25
      vertex 15.187573136654578 34.09204181345095 0.25
      vertex 23.972148834901986 33.90734806151273 0.25
    endloop
  endfacet
  facet normal 0 0 1
    outer loop
      vertex 14.535586947303983 34.52768505739342 0.25
      vertex 14.87228093207841 34.32587844921018 0.25
      vertex 24.39301631587 34.15960632174178 0.25
    endloop
  endfacet
  facet normal 0 0 1
    outer loop
      vertex 14.180733729460371 34.695518130045144 0.25
      vertex 14.535586947303983 34.52768505739342 0.25
      vertex 24.836582838174564 34.36939766255644 0.25
    endloop
  endfacet
  facet normal 0 0 1
    outer loop
      vertex 0 40.75 0.25
      vertex 8.669261093311206 29.107931438681756 0.25
      vertex 8.650000000000006 29.5 0.25
    endloop
  endfacet
  facet normal 0 0 1
    outer loop
      vertex 0 40.75 0.25
      vertex 8.650000000000006 29.5 0.25
      vertex 8.650000000000006 31 0.25
    endloop
  endfacet
  facet normal 0 0 1
    outer loop
      vertex 0 40.75 0.25
      vertex 8.650000000000006 31 0.25
      vertex 8.669261093311206 31.392068561318244 0.25
    endloop
  endfacet
  facet normal 0 0 1
    outer loop
      vertex 0 40.75 0.25
      vertex 8.669261093311206 31.392068561318244 0.25
      vertex 8.726858878387077 31.780361288064512 0.25
    endloop
  endfacet
  facet normal 0 0 1
    outer loop
      vertex 0 40.75 0.25
      vertex 8.726858878387077 31.780361288064512 0.25
      vertex 8.822238657071182 32.16113870901785 0.25
    endloop
  endfacet
  facet normal 0 0 1
    outer loop
      vertex 0 40.75 0.25
      vertex 9.122314942606579 32.88558694730399 0.25
      vertex 9.324121550789812 33.222280932078405 0.25
    endloop
  endfacet
  facet normal 0 0 1
    outer loop
      vertex 0 40.75 0.25
      vertex 8.822238657071182 32.16113870901785 0.25
      vertex 8.954481869954861 32.53073372946036 0.25
    endloop
  endfacet
  facet normal 0 0 1
    outer loop
      vertex 0 40.75 0.25
      vertex 8.954481869954861 32.53073372946036 0.25
      vertex 9.122314942606579 32.88558694730399 0.25
    endloop
  endfacet
  facet normal 0 0 1
    outer loop
      vertex 0 40.75 0.25
      vertex 12.650000000000006 35 0.25
      vertex 13.042068561318246 34.980738906688785 0.25
    endloop
  endfacet
  facet normal 0 0 1
    outer loop
      vertex 0 40.75 0.25
      vertex 12.257931438681766 34.980738906688785 0.25
      vertex 12.650000000000006 35 0.25
    endloop
  endfacet
  facet normal 0 0 1
    outer loop
      vertex 0 40.75 0.25
      vertex 11.869638711935494 34.92314112161292 0.25
      vertex 12.257931438681766 34.980738906688785 0.25
    endloop
  endfacet
  facet normal 0 0 1
    outer loop
      vertex 0 40.75 0.25
      vertex 10.764413052696028 34.52768505739342 0.25
      vertex 11.11926627053964 34.695518130045144 0.25
    endloop
  endfacet
  facet normal 0 0 1
    outer loop
      vertex 0 40.75 0.25
      vertex 11.11926627053964 34.695518130045144 0.25
      vertex 11.488861290982157 34.82776134292884 0.25
    endloop
  endfacet
  facet normal 0 0 1
    outer loop
      vertex 0 40.75 0.25
      vertex 11.488861290982157 34.82776134292884 0.25
      vertex 11.869638711935494 34.92314112161292 0.25
    endloop
  endfacet
  facet normal 0 0 1
    outer loop
      vertex 0 40.75 0.25
      vertex 9.324121550789812 33.222280932078405 0.25
      vertex 9.557958186549058 33.53757313665458 0.25
    endloop
  endfacet
  facet normal 0 0 1
    outer loop
      vertex 0 40.75 0.25
      vertex 9.557958186549058 33.53757313665458 0.25
      vertex 9.821572875253821 33.82842712474619 0.25
    endloop
  endfacet
  facet normal 0 0 1
    outer loop
      vertex 0 40.75 0.25
      vertex 9.821572875253821 33.82842712474619 0.25
      vertex 10.112426863345434 34.09204181345095 0.25
    endloop
  endfacet
  facet normal 0 0 1
    outer loop
      vertex 0 40.75 0.25
      vertex 10.112426863345434 34.09204181345095 0.25
      vertex 10.4277190679216 34.32587844921018 0.25
    endloop
  endfacet
  facet normal 0 0 1
    outer loop
      vertex 0 40.75 0.25
      vertex 10.4277190679216 34.32587844921018 0.25
      vertex 10.764413052696028 34.52768505739342 0.25
    endloop
  endfacet
  facet normal -0.7071067811865475 0.7071067811865475 0
    outer loop
      vertex 149.6 4.5 0.25
      vertex 149.6 4.5 0
      vertex 147.6 2.5 0
    endloop
  endfacet
  facet normal 0 1 0
    outer loop
      vertex 136.6 2.5 0
      vertex 147.6 2.5 0.25
      vertex 147.6 2.5 0
    endloop
  endfacet
  facet normal 0.7071067811865475 0.7071067811865475 0
    outer loop
      vertex 136.6 2.5 0.25
      vertex 136.6 2.5 0
      vertex 134.6 4.5 0
    endloop
  endfacet
  facet normal -1 0 0
    outer loop
      vertex 149.6 8.5 0.25
      vertex 149.6 8.5 0
      vertex 149.6 4.5 0
    endloop
  endfacet
  facet normal 0 -1 0
    outer loop
      vertex 134.6 8.5 0.25
      vertex 134.6 8.5 0
      vertex 149.6 8.5 0
    endloop
  endfacet
  facet normal 1 0 0
    outer loop
      vertex 134.6 8.5 0
      vertex 134.6 4.5 0.25
      vertex 134.6 4.5 0
    endloop
  endfacet
  facet normal -0.7071067811865475 0.7071067811865475 0
    outer loop
      vertex 149.6 4.5 0.25
      vertex 147.6 2.5 0
      vertex 147.6 2.5 0.25
    endloop
  endfacet
  facet normal 0 1 0
    outer loop
      vertex 147.6 2.5 0.25
      vertex 136.6 2.5 0
      vertex 136.6 2.5 0.25
    endloop
  endfacet
  facet normal -1 0 0
    outer loop
      vertex 149.6 8.5 0.25
      vertex 149.6 4.5 0
      vertex 149.6 4.5 0.25
    endloop
  endfacet
  facet normal 0 -1 0
    outer loop
      vertex 134.6 8.5 0.25
      vertex 149.6 8.5 0
      vertex 149.6 8.5 0.25
    endloop
  endfacet
  facet normal 0.7071067811865475 0.7071067811865475 0
    outer loop
      vertex 136.6 2.5 0.25
      vertex 134.6 4.5 0
      vertex 134.6 4.5 0.25
    endloop
  endfacet
  facet normal 1 0 0
    outer loop
      vertex 134.6 4.5 0.25
      vertex 134.6 8.5 0
      vertex 134.6 8.5 0.25
    endloop
  endfacet
  facet normal 0 1 0
    outer loop
      vertex 148.45 14 0.25
      vertex 148.45 14 0
      vertex 133.95 14 0
    endloop
  endfacet
  facet normal -0.7071067811865476 0.7071067811865476 0
    outer loop
      vertex 151.45 17 0.25
      vertex 151.45 17 0
      vertex 148.45 14 0
    endloop
  endfacet
  facet normal -1 0 0
    outer loop
      vertex 151.45 21 0.25
      vertex 151.45 21 0
      vertex 151.45 17 0
    endloop
  endfacet
  facet normal 1 0 0
    outer loop
      vertex 133.95 14 0
      vertex 133.95 21 0
      vertex 133.95 14 0.25
    endloop
  endfacet
  facet normal -0.7071067811865476 0.7071067811865476 0
    outer loop
      vertex 151.45 17 0.25
      vertex 148.45 14 0
      vertex 148.45 14 0.25
    endloop
  endfacet
  facet normal 0 1 0
    outer loop
      vertex 148.45 14 0.25
      vertex 133.95 14 0
      vertex 133.95 14 0.25
    endloop
  endfacet
  facet normal -1 0 0
    outer loop
      vertex 151.45 17 0.25
      vertex 151.45 21 0.25
      vertex 151.45 17 0
    endloop
  endfacet
  facet normal 1 0 0
    outer loop
      vertex 133.95 21 0.25
      vertex 133.95 14 0.25
      vertex 133.95 21 0
    endloop
  endfacet
  facet normal 0 -1 0
    outer loop
      vertex 133.95 21 0
      vertex 151.45 21 0
      vertex 133.95 21 0.25
    endloop
  endfacet
  facet normal 0 -1 0
    outer loop
      vertex 133.95 21 0.25
      vertex 151.45 21 0
      vertex 151.45 21 0.25
    endloop
  endfacet
  facet normal 0 1 0
    outer loop
      vertex 90.75 2.5 0
      vertex 75.75 2.5 0
      vertex 90.75 2.5 0.25
    endloop
  endfacet
  facet normal -1 0 0
    outer loop
      vertex 90.75 9.5 0.25
      vertex 90.75 9.5 0
      vertex 90.75 2.5 0
    endloop
  endfacet
  facet normal 0 -1 0
    outer loop
      vertex 75.75 9.5 0.25
      vertex 75.75 9.5 0
      vertex 90.75 9.5 0
    endloop
  endfacet
  facet normal -1 0 0
    outer loop
      vertex 90.75 9.5 0.25
      vertex 90.75 2.5 0
      vertex 90.75 2.5 0.25
    endloop
  endfacet
  facet normal 0 1 0
    outer loop
      vertex 75.75 2.5 0.25
      vertex 90.75 2.5 0.25
      vertex 75.75 2.5 0
    endloop
  endfacet
  facet normal 0 -1 0
    outer loop
      vertex 75.75 9.5 0.25
      vertex 90.75 9.5 0
      vertex 90.75 9.5 0.25
    endloop
  endfacet
  facet normal 1 0 0
    outer loop
      vertex 75.75 2.5 0
      vertex 75.75 9.5 0
      vertex 75.75 2.5 0.25
    endloop
  endfacet
  facet normal 1 0 0
    outer loop
      vertex 75.75 2.5 0.25
      vertex 75.75 9.5 0
      vertex 75.75 9.5 0.25
    endloop
  endfacet
  facet normal 0 1 0
    outer loop
      vertex 90.75 11 0
      vertex 75.75 11 0
      vertex 90.75 11 0.25
    endloop
  endfacet
  facet normal -1 0 0
    outer loop
      vertex 90.75 11 0
      vertex 90.75 18 0.25
      vertex 90.75 18 0
    endloop
  endfacet
  facet normal 0 -1 0
    outer loop
      vertex 75.75 18 0.25
      vertex 75.75 18 0
      vertex 90.75 18 0
    endloop
  endfacet
  facet normal -1 0 0
    outer loop
      vertex 90.75 18 0.25
      vertex 90.75 11 0
      vertex 90.75 11 0.25
    endloop
  endfacet
  facet normal 0 1 0
    outer loop
      vertex 75.75 11 0.25
      vertex 90.75 11 0.25
      vertex 75.75 11 0
    endloop
  endfacet
  facet normal 0 -1 0
    outer loop
      vertex 75.75 18 0.25
      vertex 90.75 18 0
      vertex 90.75 18 0.25
    endloop
  endfacet
  facet normal 1 0 0
    outer loop
      vertex 75.75 11 0
      vertex 75.75 18 0
      vertex 75.75 11 0.25
    endloop
  endfacet
  facet normal 1 0 0
    outer loop
      vertex 75.75 11 0.25
      vertex 75.75 18 0
      vertex 75.75 18 0.25
    endloop
  endfacet
  facet normal 0 1 0
    outer loop
      vertex 66.15 2.5 0.25
      vertex 66.15 2.5 0
      vertex 51.150000000000006 2.5 0
    endloop
  endfacet
  facet normal -1 0 0
    outer loop
      vertex 66.15 9.5 0.25
      vertex 66.15 9.5 0
      vertex 66.15 2.5 0
    endloop
  endfacet
  facet normal 1 0 0
    outer loop
      vertex 51.150000000000006 2.5 0.25
      vertex 51.150000000000006 2.5 0
      vertex 51.150000000000006 9.5 0
    endloop
  endfacet
  facet normal 0 -1 0
    outer loop
      vertex 51.150000000000006 9.5 0.25
      vertex 51.150000000000006 9.5 0
      vertex 66.15 9.5 0
    endloop
  endfacet
  facet normal -1 0 0
    outer loop
      vertex 66.15 9.5 0.25
      vertex 66.15 2.5 0
      vertex 66.15 2.5 0.25
    endloop
  endfacet
  facet normal 0 -1 0
    outer loop
      vertex 51.150000000000006 9.5 0.25
      vertex 66.15 9.5 0
      vertex 66.15 9.5 0.25
    endloop
  endfacet
  facet normal 0 1 0
    outer loop
      vertex 66.15 2.5 0.25
      vertex 51.150000000000006 2.5 0
      vertex 51.150000000000006 2.5 0.25
    endloop
  endfacet
  facet normal 1 0 0
    outer loop
      vertex 51.150000000000006 2.5 0.25
      vertex 51.150000000000006 9.5 0
      vertex 51.150000000000006 9.5 0.25
    endloop
  endfacet
  facet normal 0 1 0
    outer loop
      vertex 66.15 11 0.25
      vertex 66.15 11 0
      vertex 51.150000000000006 11 0
    endloop
  endfacet
  facet normal -1 0 0
    outer loop
      vertex 66.15 18 0.25
      vertex 66.15 18 0
      vertex 66.15 11 0
    endloop
  endfacet
  facet normal 1 0 0
    outer loop
      vertex 51.150000000000006 18 0
      vertex 51.150000000000006 11 0.25
      vertex 51.150000000000006 11 0
    endloop
  endfacet
  facet normal 0 -1 0
    outer loop
      vertex 66.15 18 0
      vertex 51.150000000000006 18 0.25
      vertex 51.150000000000006 18 0
    endloop
  endfacet
  facet normal -1 0 0
    outer loop
      vertex 66.15 18 0.25
      vertex 66.15 11 0
      vertex 66.15 11 0.25
    endloop
  endfacet
  facet normal 0 -1 0
    outer loop
      vertex 66.15 18 0
      vertex 66.15 18 0.25
      vertex 51.150000000000006 18 0.25
    endloop
  endfacet
  facet normal 0 1 0
    outer loop
      vertex 66.15 11 0.25
      vertex 51.150000000000006 11 0
      vertex 51.150000000000006 11 0.25
    endloop
  endfacet
  facet normal 1 0 0
    outer loop
      vertex 51.150000000000006 18 0
      vertex 51.150000000000006 18 0.25
      vertex 51.150000000000006 11 0.25
    endloop
  endfacet
  facet normal 0 1 0
    outer loop
      vertex 51.150000000000006 19.5 0
      vertex 66.15 19.5 0.25
      vertex 66.15 19.5 0
    endloop
  endfacet
  facet normal 0 1 0
    outer loop
      vertex 51.150000000000006 19.5 0
      vertex 51.150000000000006 19.5 0.25
      vertex 66.15 19.5 0.25
    endloop
  endfacet
  facet normal -1 0 0
    outer loop
      vertex 66.15 19.5 0
      vertex 66.15 32.25 0.25
      vertex 66.15 32.25 0
    endloop
  endfacet
  facet normal 1 0 0
    outer loop
      vertex 51.150000000000006 32.25 0
      vertex 51.150000000000006 19.5 0.25
      vertex 51.150000000000006 19.5 0
    endloop
  endfacet
  facet normal 0 -1 0
    outer loop
      vertex 66.15 32.25 0
      vertex 51.150000000000006 32.25 0.25
      vertex 51.150000000000006 32.25 0
    endloop
  endfacet
  facet normal -1 0 0
    outer loop
      vertex 66.15 19.5 0
      vertex 66.15 19.5 0.25
      vertex 66.15 32.25 0.25
    endloop
  endfacet
  facet normal 1 0 0
    outer loop
      vertex 51.150000000000006 32.25 0
      vertex 51.150000000000006 32.25 0.25
      vertex 51.150000000000006 19.5 0.25
    endloop
  endfacet
  facet normal 0 -1 0
    outer loop
      vertex 66.15 32.25 0
      vertex 66.15 32.25 0.25
      vertex 51.150000000000006 32.25 0.25
    endloop
  endfacet
  facet normal -0.1467304744553565 0.9891765099647818 0
    outer loop
      vertex 45.0889532245363 2.5432331190927315 0.25
      vertex 45.0889532245363 2.5432331190927315 0
      vertex 44.87053856574151 2.510834364987557 0
    endloop
  endfacet
  facet normal -0.04906767432741943 0.9987954562051724 0
    outer loop
      vertex 44.87053856574151 2.510834364987557 0.25
      vertex 44.87053856574151 2.510834364987557 0
      vertex 44.650000000000006 2.5 0
    endloop
  endfacet
  facet normal 0 1 0
    outer loop
      vertex 44.650000000000006 2.5 0.25
      vertex 44.650000000000006 2.5 0
      vertex 38.650000000000006 2.5 0
    endloop
  endfacet
  facet normal -0.595699304492457 0.8032075314806273 0
    outer loop
      vertex 46.077384889368204 3.010726479933842 0.25
      vertex 46.077384889368204 3.010726479933842 0
      vertex 45.90003302429412 2.879193372319273 0
    endloop
  endfacet
  facet normal -0.6715589548470116 0.7409511253549652 0
    outer loop
      vertex 46.240990257669736 3.1590097423302677 0.25
      vertex 46.240990257669736 3.1590097423302677 0
      vertex 46.077384889368204 3.010726479933842 0
    endloop
  endfacet
  facet normal -0.7409511253549457 0.6715589548470332 0
    outer loop
      vertex 46.38927352006617 3.322615110631798 0.25
      vertex 46.38927352006617 3.322615110631798 0
      vertex 46.240990257669736 3.1590097423302677 0
    endloop
  endfacet
  facet normal -0.8032075314806676 0.5956993044924028 0
    outer loop
      vertex 46.52080662768073 3.4999669757058953 0.25
      vertex 46.52080662768073 3.4999669757058953 0
      vertex 46.38927352006617 3.322615110631798 0
    endloop
  endfacet
  facet normal -0.8577286100002506 0.5141027441932577 0
    outer loop
      vertex 46.63432284478381 3.6893573421415056 0.25
      vertex 46.63432284478381 3.6893573421415056 0
      vertex 46.52080662768073 3.4999669757058953 0
    endloop
  endfacet
  facet normal -0.3368898533922277 0.941544065183018 0
    outer loop
      vertex 45.30314052382255 2.59688424460253 0.25
      vertex 45.511037722821456 2.671271051849605 0
      vertex 45.30314052382255 2.59688424460253 0
    endloop
  endfacet
  facet normal -0.427555093430278 0.9039892931234453 0
    outer loop
      vertex 45.7106426578585 2.765677155216201 0.25
      vertex 45.7106426578585 2.765677155216201 0
      vertex 45.511037722821456 2.671271051849605 0
    endloop
  endfacet
  facet normal -0.514102744193208 0.8577286100002803 0
    outer loop
      vertex 45.90003302429412 2.879193372319273 0.25
      vertex 45.90003302429412 2.879193372319273 0
      vertex 45.7106426578585 2.765677155216201 0
    endloop
  endfacet
  facet normal -0.24298017990326343 0.9700312531945441 0
    outer loop
      vertex 45.30314052382255 2.59688424460253 0.25
      vertex 45.30314052382255 2.59688424460253 0
      vertex 45.0889532245363 2.5432331190927315 0
    endloop
  endfacet
  facet normal -0.9039892931234461 0.42755509343027615 0
    outer loop
      vertex 46.728728948150405 3.888962277178548 0.25
      vertex 46.728728948150405 3.888962277178548 0
      vertex 46.63432284478381 3.6893573421415056 0
    endloop
  endfacet
  facet normal -0.9415440651830331 0.33688985339218563 0
    outer loop
      vertex 46.80311575539747 4.0968594761774595 0.25
      vertex 46.80311575539747 4.0968594761774595 0
      vertex 46.728728948150405 3.888962277178548 0
    endloop
  endfacet
  facet normal -0.9700312531945403 0.24298017990327858 0
    outer loop
      vertex 46.85676688090727 4.311046775463711 0.25
      vertex 46.85676688090727 4.311046775463711 0
      vertex 46.80311575539747 4.0968594761774595 0
    endloop
  endfacet
  facet normal -0.9891765099647816 0.1467304744553578 0
    outer loop
      vertex 46.889165635012446 4.529461434258488 0.25
      vertex 46.889165635012446 4.529461434258488 0
      vertex 46.85676688090727 4.311046775463711 0
    endloop
  endfacet
  facet normal -0.9987954562051718 0.04906767432742828 0
    outer loop
      vertex 46.900000000000006 4.75 0.25
      vertex 46.900000000000006 4.75 0
      vertex 46.889165635012446 4.529461434258488 0
    endloop
  endfacet
  facet normal -0.9987954562051718 -0.04906767432742828 0
    outer loop
      vertex 46.889165635012446 4.970538565741512 0.25
      vertex 46.889165635012446 4.970538565741512 0
      vertex 46.900000000000006 4.75 0
    endloop
  endfacet
  facet normal -0.9891765099647816 -0.1467304744553578 0
    outer loop
      vertex 46.85676688090727 5.188953224536289 0.25
      vertex 46.85676688090727 5.188953224536289 0
      vertex 46.889165635012446 4.970538565741512 0
    endloop
  endfacet
  facet normal -0.9700312531945403 -0.24298017990327858 0
    outer loop
      vertex 46.80311575539747 5.4031405238225405 0.25
      vertex 46.80311575539747 5.4031405238225405 0
      vertex 46.85676688090727 5.188953224536289 0
    endloop
  endfacet
  facet normal -0.9415440651830331 -0.33688985339218563 0
    outer loop
      vertex 46.728728948150405 5.611037722821452 0.25
      vertex 46.728728948150405 5.611037722821452 0
      vertex 46.80311575539747 5.4031405238225405 0
    endloop
  endfacet
  facet normal -0.9039892931234461 -0.42755509343027615 0
    outer loop
      vertex 46.63432284478381 5.810642657858494 0.25
      vertex 46.63432284478381 5.810642657858494 0
      vertex 46.728728948150405 5.611037722821452 0
    endloop
  endfacet
  facet normal -0.8577286100002506 -0.5141027441932577 0
    outer loop
      vertex 46.52080662768073 6.000033024294105 0.25
      vertex 46.52080662768073 6.000033024294105 0
      vertex 46.63432284478381 5.810642657858494 0
    endloop
  endfacet
  facet normal -0.8032075314806676 -0.5956993044924028 0
    outer loop
      vertex 46.38927352006617 6.177384889368202 0.25
      vertex 46.38927352006617 6.177384889368202 0
      vertex 46.52080662768073 6.000033024294105 0
    endloop
  endfacet
  facet normal -0.7409511253549457 -0.6715589548470332 0
    outer loop
      vertex 46.240990257669736 6.340990257669732 0.25
      vertex 46.240990257669736 6.340990257669732 0
      vertex 46.38927352006617 6.177384889368202 0
    endloop
  endfacet
  facet normal -0.6715589548470116 -0.7409511253549652 0
    outer loop
      vertex 46.077384889368204 6.489273520066158 0.25
      vertex 46.077384889368204 6.489273520066158 0
      vertex 46.240990257669736 6.340990257669732 0
    endloop
  endfacet
  facet normal -0.595699304492457 -0.8032075314806273 0
    outer loop
      vertex 45.90003302429412 6.620806627680727 0.25
      vertex 45.90003302429412 6.620806627680727 0
      vertex 46.077384889368204 6.489273520066158 0
    endloop
  endfacet
  facet normal -0.514102744193208 -0.8577286100002803 0
    outer loop
      vertex 45.7106426578585 6.734322844783799 0.25
      vertex 45.7106426578585 6.734322844783799 0
      vertex 45.90003302429412 6.620806627680727 0
    endloop
  endfacet
  facet normal -0.42755509343027964 -0.9039892931234446 0
    outer loop
      vertex 45.511037722821456 6.828728948150395 0.25
      vertex 45.511037722821456 6.828728948150395 0
      vertex 45.7106426578585 6.734322844783799 0
    endloop
  endfacet
  facet normal -0.3368898533922277 -0.941544065183018 0
    outer loop
      vertex 45.30314052382255 6.9031157553974705 0.25
      vertex 45.30314052382255 6.9031157553974705 0
      vertex 45.511037722821456 6.828728948150395 0
    endloop
  endfacet
  facet normal -0.24298017990326343 -0.9700312531945441 0
    outer loop
      vertex 45.0889532245363 6.956766880907269 0.25
      vertex 45.0889532245363 6.956766880907269 0
      vertex 45.30314052382255 6.9031157553974705 0
    endloop
  endfacet
  facet normal -0.14673047445535256 -0.9891765099647823 0
    outer loop
      vertex 44.87053856574151 6.9891656350124425 0.25
      vertex 44.87053856574151 6.9891656350124425 0
      vertex 45.0889532245363 6.956766880907269 0
    endloop
  endfacet
  facet normal -0.049067674327421436 -0.9987954562051723 0
    outer loop
      vertex 44.650000000000006 7 0.25
      vertex 44.650000000000006 7 0
      vertex 44.87053856574151 6.9891656350124425 0
    endloop
  endfacet
  facet normal 0 -1 0
    outer loop
      vertex 38.650000000000006 7 0.25
      vertex 38.650000000000006 7 0
      vertex 44.650000000000006 7 0
    endloop
  endfacet
  facet normal 0.04906767432741943 0.9987954562051724 0
    outer loop
      vertex 38.650000000000006 2.5 0.25
      vertex 38.650000000000006 2.5 0
      vertex 38.4294614342585 2.510834364987557 0
    endloop
  endfacet
  facet normal 0.1467304744553565 0.9891765099647818 0
    outer loop
      vertex 38.4294614342585 2.510834364987557 0.25
      vertex 38.4294614342585 2.510834364987557 0
      vertex 38.211046775463714 2.5432331190927315 0
    endloop
  endfacet
  facet normal 0.24298017990326343 0.9700312531945441 0
    outer loop
      vertex 38.211046775463714 2.5432331190927315 0.25
      vertex 38.211046775463714 2.5432331190927315 0
      vertex 37.99685947617746 2.59688424460253 0
    endloop
  endfacet
  facet normal 0.3368898533922277 0.941544065183018 0
    outer loop
      vertex 37.99685947617746 2.59688424460253 0.25
      vertex 37.99685947617746 2.59688424460253 0
      vertex 37.788962277178555 2.671271051849605 0
    endloop
  endfacet
  facet normal 0.427555093430278 0.9039892931234453 0
    outer loop
      vertex 37.788962277178555 2.671271051849605 0.25
      vertex 37.788962277178555 2.671271051849605 0
      vertex 37.58935734214151 2.765677155216201 0
    endloop
  endfacet
  facet normal 0.514102744193208 0.8577286100002803 0
    outer loop
      vertex 37.58935734214151 2.765677155216201 0.25
      vertex 37.58935734214151 2.765677155216201 0
      vertex 37.399966975705894 2.879193372319273 0
    endloop
  endfacet
  facet normal 0.595699304492457 0.8032075314806273 0
    outer loop
      vertex 37.399966975705894 2.879193372319273 0.25
      vertex 37.399966975705894 2.879193372319273 0
      vertex 37.22261511063181 3.010726479933842 0
    endloop
  endfacet
  facet normal 0.6715589548470116 0.7409511253549652 0
    outer loop
      vertex 37.22261511063181 3.010726479933842 0.25
      vertex 37.22261511063181 3.010726479933842 0
      vertex 37.059009742330275 3.1590097423302677 0
    endloop
  endfacet
  facet normal 0.7409511253549457 0.6715589548470332 0
    outer loop
      vertex 37.059009742330275 3.1590097423302677 0.25
      vertex 37.059009742330275 3.1590097423302677 0
      vertex 36.91072647993384 3.322615110631798 0
    endloop
  endfacet
  facet normal 0.8032075314806676 0.5956993044924028 0
    outer loop
      vertex 36.91072647993384 3.322615110631798 0.25
      vertex 36.91072647993384 3.322615110631798 0
      vertex 36.779193372319284 3.4999669757058953 0
    endloop
  endfacet
  facet normal 0.8577286100002506 0.5141027441932577 0
    outer loop
      vertex 36.779193372319284 3.4999669757058953 0.25
      vertex 36.779193372319284 3.4999669757058953 0
      vertex 36.6656771552162 3.6893573421415056 0
    endloop
  endfacet
  facet normal 0.9039892931234461 0.42755509343027615 0
    outer loop
      vertex 36.6656771552162 3.6893573421415056 0.25
      vertex 36.6656771552162 3.6893573421415056 0
      vertex 36.57127105184961 3.888962277178548 0
    endloop
  endfacet
  facet normal 0.9415440651830331 0.33688985339218563 0
    outer loop
      vertex 36.57127105184961 3.888962277178548 0.25
      vertex 36.57127105184961 3.888962277178548 0
      vertex 36.49688424460254 4.0968594761774595 0
    endloop
  endfacet
  facet normal 0.9700312531945403 0.24298017990327858 0
    outer loop
      vertex 36.49688424460254 4.0968594761774595 0.25
      vertex 36.49688424460254 4.0968594761774595 0
      vertex 36.44323311909274 4.311046775463711 0
    endloop
  endfacet
  facet normal 0.9891765099647816 0.1467304744553578 0
    outer loop
      vertex 36.44323311909274 4.311046775463711 0.25
      vertex 36.44323311909274 4.311046775463711 0
      vertex 36.410834364987565 4.529461434258488 0
    endloop
  endfacet
  facet normal 0.9987954562051718 0.04906767432742828 0
    outer loop
      vertex 36.410834364987565 4.529461434258488 0.25
      vertex 36.410834364987565 4.529461434258488 0
      vertex 36.400000000000006 4.75 0
    endloop
  endfacet
  facet normal 0.9987954562051718 -0.04906767432742828 0
    outer loop
      vertex 36.400000000000006 4.75 0.25
      vertex 36.400000000000006 4.75 0
      vertex 36.410834364987565 4.970538565741512 0
    endloop
  endfacet
  facet normal 0.9891765099647816 -0.1467304744553578 0
    outer loop
      vertex 36.410834364987565 4.970538565741512 0.25
      vertex 36.410834364987565 4.970538565741512 0
      vertex 36.44323311909274 5.188953224536289 0
    endloop
  endfacet
  facet normal 0.9700312531945403 -0.24298017990327858 0
    outer loop
      vertex 36.44323311909274 5.188953224536289 0.25
      vertex 36.44323311909274 5.188953224536289 0
      vertex 36.49688424460254 5.4031405238225405 0
    endloop
  endfacet
  facet normal 0.9415440651830331 -0.33688985339218563 0
    outer loop
      vertex 36.49688424460254 5.4031405238225405 0.25
      vertex 36.49688424460254 5.4031405238225405 0
      vertex 36.57127105184961 5.611037722821452 0
    endloop
  endfacet
  facet normal 0.9039892931234461 -0.42755509343027615 0
    outer loop
      vertex 36.57127105184961 5.611037722821452 0.25
      vertex 36.57127105184961 5.611037722821452 0
      vertex 36.6656771552162 5.810642657858494 0
    endloop
  endfacet
  facet normal 0.8577286100002506 -0.5141027441932577 0
    outer loop
      vertex 36.6656771552162 5.810642657858494 0.25
      vertex 36.6656771552162 5.810642657858494 0
      vertex 36.779193372319284 6.000033024294105 0
    endloop
  endfacet
  facet normal 0.7409511253549457 -0.6715589548470332 0
    outer loop
      vertex 36.91072647993384 6.177384889368202 0.25
      vertex 36.91072647993384 6.177384889368202 0
      vertex 37.059009742330275 6.340990257669732 0
    endloop
  endfacet
  facet normal 0.8032075314806676 -0.5956993044924028 0
    outer loop
      vertex 36.779193372319284 6.000033024294105 0.25
      vertex 36.779193372319284 6.000033024294105 0
      vertex 36.91072647993384 6.177384889368202 0
    endloop
  endfacet
  facet normal 0.049067674327421436 -0.9987954562051723 0
    outer loop
      vertex 38.4294614342585 6.9891656350124425 0.25
      vertex 38.4294614342585 6.9891656350124425 0
      vertex 38.650000000000006 7 0
    endloop
  endfacet
  facet normal 0.14673047445535256 -0.9891765099647823 0
    outer loop
      vertex 38.211046775463714 6.956766880907269 0.25
      vertex 38.211046775463714 6.956766880907269 0
      vertex 38.4294614342585 6.9891656350124425 0
    endloop
  endfacet
  facet normal 0.42755509343027964 -0.9039892931234446 0
    outer loop
      vertex 37.58935734214151 6.734322844783799 0.25
      vertex 37.58935734214151 6.734322844783799 0
      vertex 37.788962277178555 6.828728948150395 0
    endloop
  endfacet
  facet normal 0.24298017990326343 -0.9700312531945441 0
    outer loop
      vertex 37.99685947617746 6.9031157553974705 0.25
      vertex 37.99685947617746 6.9031157553974705 0
      vertex 38.211046775463714 6.956766880907269 0
    endloop
  endfacet
  facet normal 0.3368898533922277 -0.941544065183018 0
    outer loop
      vertex 37.788962277178555 6.828728948150395 0.25
      vertex 37.788962277178555 6.828728948150395 0
      vertex 37.99685947617746 6.9031157553974705 0
    endloop
  endfacet
  facet normal 0.6715589548470116 -0.7409511253549652 0
    outer loop
      vertex 37.059009742330275 6.340990257669732 0.25
      vertex 37.059009742330275 6.340990257669732 0
      vertex 37.22261511063181 6.489273520066158 0
    endloop
  endfacet
  facet normal 0.595699304492457 -0.8032075314806273 0
    outer loop
      vertex 37.22261511063181 6.489273520066158 0.25
      vertex 37.22261511063181 6.489273520066158 0
      vertex 37.399966975705894 6.620806627680727 0
    endloop
  endfacet
  facet normal 0.514102744193208 -0.8577286100002803 0
    outer loop
      vertex 37.399966975705894 6.620806627680727 0.25
      vertex 37.399966975705894 6.620806627680727 0
      vertex 37.58935734214151 6.734322844783799 0
    endloop
  endfacet
  facet normal -0.1467304744553565 0.9891765099647818 6.688238240522939e-18
    outer loop
      vertex 45.0889532245363 2.5432331190927315 0.25
      vertex 44.87053856574151 2.510834364987557 0
      vertex 44.87053856574151 2.510834364987557 0.25
    endloop
  endfacet
  facet normal -0.04906767432741943 0.9987954562051724 -2.7687031121545333e-18
    outer loop
      vertex 44.87053856574151 2.510834364987557 0.25
      vertex 44.650000000000006 2.5 0
      vertex 44.650000000000006 2.5 0.25
    endloop
  endfacet
  facet normal 0 1 0
    outer loop
      vertex 44.650000000000006 2.5 0.25
      vertex 38.650000000000006 2.5 0
      vertex 38.650000000000006 2.5 0.25
    endloop
  endfacet
  facet normal -0.595699304492457 0.8032075314806273 -6.987636208515587e-18
    outer loop
      vertex 46.077384889368204 3.010726479933842 0.25
      vertex 45.90003302429412 2.879193372319273 0
      vertex 45.90003302429412 2.879193372319273 0.25
    endloop
  endfacet
  facet normal -0.6715589548470116 0.7409511253549652 2.2675590109719096e-17
    outer loop
      vertex 46.240990257669736 3.1590097423302677 0.25
      vertex 46.077384889368204 3.010726479933842 0
      vertex 46.077384889368204 3.010726479933842 0.25
    endloop
  endfacet
  facet normal -0.7409511253549457 0.6715589548470332 -3.120256164881148e-17
    outer loop
      vertex 46.38927352006617 3.322615110631798 0.25
      vertex 46.240990257669736 3.1590097423302677 0
      vertex 46.240990257669736 3.1590097423302677 0.25
    endloop
  endfacet
  facet normal -0.8032075314806676 0.5956993044924028 8.396850548627379e-18
    outer loop
      vertex 46.52080662768073 3.4999669757058953 0.25
      vertex 46.38927352006617 3.322615110631798 0
      vertex 46.38927352006617 3.322615110631798 0.25
    endloop
  endfacet
  facet normal -0.8577286100002506 0.5141027441932577 -2.0376367927554087e-18
    outer loop
      vertex 46.63432284478381 3.6893573421415056 0.25
      vertex 46.52080662768073 3.4999669757058953 0
      vertex 46.52080662768073 3.4999669757058953 0.25
    endloop
  endfacet
  facet normal -0.9039892931234461 0.42755509343027615 2.4028363125190696e-17
    outer loop
      vertex 46.728728948150405 3.888962277178548 0.25
      vertex 46.63432284478381 3.6893573421415056 0
      vertex 46.63432284478381 3.6893573421415056 0.25
    endloop
  endfacet
  facet normal -0.427555093430278 0.9039892931234453 2.3036572813764336e-17
    outer loop
      vertex 45.7106426578585 2.765677155216201 0.25
      vertex 45.511037722821456 2.671271051849605 0
      vertex 45.511037722821456 2.671271051849605 0.25
    endloop
  endfacet
  facet normal -0.3368898533922277 0.941544065183018 -9.391157005197822e-18
    outer loop
      vertex 45.30314052382255 2.59688424460253 0.25
      vertex 45.511037722821456 2.671271051849605 0.25
      vertex 45.511037722821456 2.671271051849605 0
    endloop
  endfacet
  facet normal -0.514102744193208 0.8577286100002803 -2.252662977178033e-17
    outer loop
      vertex 45.90003302429412 2.879193372319273 0.25
      vertex 45.7106426578585 2.765677155216201 0
      vertex 45.7106426578585 2.765677155216201 0.25
    endloop
  endfacet
  facet normal -0.24298017990326343 0.9700312531945441 1.0898826092158157e-17
    outer loop
      vertex 45.30314052382255 2.59688424460253 0.25
      vertex 45.0889532245363 2.5432331190927315 0
      vertex 45.0889532245363 2.5432331190927315 0.25
    endloop
  endfacet
  facet normal -0.9415440651830331 0.33688985339218563 -9.499019453177946e-18
    outer loop
      vertex 46.80311575539747 4.0968594761774595 0.25
      vertex 46.728728948150405 3.888962277178548 0
      vertex 46.728728948150405 3.888962277178548 0.25
    endloop
  endfacet
  facet normal -0.9700312531945403 0.24298017990327858 7.553470205848351e-20
    outer loop
      vertex 46.85676688090727 4.311046775463711 0.25
      vertex 46.80311575539747 4.0968594761774595 0
      vertex 46.80311575539747 4.0968594761774595 0.25
    endloop
  endfacet
  facet normal -0.9891765099647816 0.1467304744553578 2.8617362037710596e-18
    outer loop
      vertex 46.889165635012446 4.529461434258488 0.25
      vertex 46.85676688090727 4.311046775463711 0
      vertex 46.85676688090727 4.311046775463711 0.25
    endloop
  endfacet
  facet normal -0.9987954562051718 0.04906767432742828 -4.893047056940876e-19
    outer loop
      vertex 46.900000000000006 4.75 0.25
      vertex 46.889165635012446 4.529461434258488 0
      vertex 46.889165635012446 4.529461434258488 0.25
    endloop
  endfacet
  facet normal -0.9987954562051718 -0.04906767432742828 4.893047056940876e-19
    outer loop
      vertex 46.889165635012446 4.970538565741512 0.25
      vertex 46.900000000000006 4.75 0
      vertex 46.900000000000006 4.75 0.25
    endloop
  endfacet
  facet normal -0.9891765099647816 -0.1467304744553578 -2.8617362037710596e-18
    outer loop
      vertex 46.85676688090727 5.188953224536289 0.25
      vertex 46.889165635012446 4.970538565741512 0
      vertex 46.889165635012446 4.970538565741512 0.25
    endloop
  endfacet
  facet normal -0.9700312531945403 -0.24298017990327858 -7.553470205848351e-20
    outer loop
      vertex 46.80311575539747 5.4031405238225405 0.25
      vertex 46.85676688090727 5.188953224536289 0
      vertex 46.85676688090727 5.188953224536289 0.25
    endloop
  endfacet
  facet normal -0.9415440651830331 -0.33688985339218563 9.499019453177946e-18
    outer loop
      vertex 46.728728948150405 5.611037722821452 0.25
      vertex 46.80311575539747 5.4031405238225405 0
      vertex 46.80311575539747 5.4031405238225405 0.25
    endloop
  endfacet
  facet normal -0.9039892931234461 -0.42755509343027615 -2.4028363125190696e-17
    outer loop
      vertex 46.63432284478381 5.810642657858494 0.25
      vertex 46.728728948150405 5.611037722821452 0
      vertex 46.728728948150405 5.611037722821452 0.25
    endloop
  endfacet
  facet normal -0.8577286100002506 -0.5141027441932577 2.0376367927554087e-18
    outer loop
      vertex 46.52080662768073 6.000033024294105 0.25
      vertex 46.63432284478381 5.810642657858494 0
      vertex 46.63432284478381 5.810642657858494 0.25
    endloop
  endfacet
  facet normal -0.8032075314806676 -0.5956993044924028 -8.396850548627379e-18
    outer loop
      vertex 46.38927352006617 6.177384889368202 0.25
      vertex 46.52080662768073 6.000033024294105 0
      vertex 46.52080662768073 6.000033024294105 0.25
    endloop
  endfacet
  facet normal -0.7409511253549457 -0.6715589548470332 3.120256164881148e-17
    outer loop
      vertex 46.240990257669736 6.340990257669732 0.25
      vertex 46.38927352006617 6.177384889368202 0
      vertex 46.38927352006617 6.177384889368202 0.25
    endloop
  endfacet
  facet normal -0.6715589548470116 -0.7409511253549652 -2.2675590109719096e-17
    outer loop
      vertex 46.077384889368204 6.489273520066158 0.25
      vertex 46.240990257669736 6.340990257669732 0
      vertex 46.240990257669736 6.340990257669732 0.25
    endloop
  endfacet
  facet normal -0.595699304492457 -0.8032075314806273 6.987636208515587e-18
    outer loop
      vertex 45.90003302429412 6.620806627680727 0.25
      vertex 46.077384889368204 6.489273520066158 0
      vertex 46.077384889368204 6.489273520066158 0.25
    endloop
  endfacet
  facet normal -0.514102744193208 -0.8577286100002803 2.252662977178033e-17
    outer loop
      vertex 45.7106426578585 6.734322844783799 0.25
      vertex 45.90003302429412 6.620806627680727 0
      vertex 45.90003302429412 6.620806627680727 0.25
    endloop
  endfacet
  facet normal -0.42755509343027964 -0.9039892931234446 5.2821004734168785e-18
    outer loop
      vertex 45.511037722821456 6.828728948150395 0.25
      vertex 45.7106426578585 6.734322844783799 0
      vertex 45.7106426578585 6.734322844783799 0.25
    endloop
  endfacet
  facet normal -0.3368898533922277 -0.941544065183018 9.391157005197822e-18
    outer loop
      vertex 45.30314052382255 6.9031157553974705 0.25
      vertex 45.511037722821456 6.828728948150395 0
      vertex 45.511037722821456 6.828728948150395 0.25
    endloop
  endfacet
  facet normal -0.24298017990326343 -0.9700312531945441 -1.0898826092158157e-17
    outer loop
      vertex 45.0889532245363 6.956766880907269 0.25
      vertex 45.30314052382255 6.9031157553974705 0
      vertex 45.30314052382255 6.9031157553974705 0.25
    endloop
  endfacet
  facet normal -0.14673047445535256 -0.9891765099647823 3.628921552205798e-18
    outer loop
      vertex 44.87053856574151 6.9891656350124425 0.25
      vertex 45.0889532245363 6.956766880907269 0
      vertex 45.0889532245363 6.956766880907269 0.25
    endloop
  endfacet
  facet normal -0.049067674327421436 -0.9987954562051723 -3.7638054484386526e-18
    outer loop
      vertex 44.650000000000006 7 0.25
      vertex 44.87053856574151 6.9891656350124425 0
      vertex 44.87053856574151 6.9891656350124425 0.25
    endloop
  endfacet
  facet normal 0 -1 0
    outer loop
      vertex 38.650000000000006 7 0.25
      vertex 44.650000000000006 7 0
      vertex 44.650000000000006 7 0.25
    endloop
  endfacet
  facet normal 0.04906767432741943 0.9987954562051724 2.7687031121545333e-18
    outer loop
      vertex 38.650000000000006 2.5 0.25
      vertex 38.4294614342585 2.510834364987557 0
      vertex 38.4294614342585 2.510834364987557 0.25
    endloop
  endfacet
  facet normal 0.1467304744553565 0.9891765099647818 -6.688238240522939e-18
    outer loop
      vertex 38.4294614342585 2.510834364987557 0.25
      vertex 38.211046775463714 2.5432331190927315 0
      vertex 38.211046775463714 2.5432331190927315 0.25
    endloop
  endfacet
  facet normal 0.24298017990326343 0.9700312531945441 -1.0898826092158157e-17
    outer loop
      vertex 38.211046775463714 2.5432331190927315 0.25
      vertex 37.99685947617746 2.59688424460253 0
      vertex 37.99685947617746 2.59688424460253 0.25
    endloop
  endfacet
  facet normal 0.3368898533922277 0.941544065183018 9.391157005197822e-18
    outer loop
      vertex 37.99685947617746 2.59688424460253 0.25
      vertex 37.788962277178555 2.671271051849605 0
      vertex 37.788962277178555 2.671271051849605 0.25
    endloop
  endfacet
  facet normal 0.427555093430278 0.9039892931234453 -2.3036572813764336e-17
    outer loop
      vertex 37.788962277178555 2.671271051849605 0.25
      vertex 37.58935734214151 2.765677155216201 0
      vertex 37.58935734214151 2.765677155216201 0.25
    endloop
  endfacet
  facet normal 0.514102744193208 0.8577286100002803 2.252662977178033e-17
    outer loop
      vertex 37.58935734214151 2.765677155216201 0.25
      vertex 37.399966975705894 2.879193372319273 0
      vertex 37.399966975705894 2.879193372319273 0.25
    endloop
  endfacet
  facet normal 0.595699304492457 0.8032075314806273 6.987636208515587e-18
    outer loop
      vertex 37.399966975705894 2.879193372319273 0.25
      vertex 37.22261511063181 3.010726479933842 0
      vertex 37.22261511063181 3.010726479933842 0.25
    endloop
  endfacet
  facet normal 0.6715589548470116 0.7409511253549652 -2.2675590109719096e-17
    outer loop
      vertex 37.22261511063181 3.010726479933842 0.25
      vertex 37.059009742330275 3.1590097423302677 0
      vertex 37.059009742330275 3.1590097423302677 0.25
    endloop
  endfacet
  facet normal 0.7409511253549457 0.6715589548470332 3.120256164881148e-17
    outer loop
      vertex 37.059009742330275 3.1590097423302677 0.25
      vertex 36.91072647993384 3.322615110631798 0
      vertex 36.91072647993384 3.322615110631798 0.25
    endloop
  endfacet
  facet normal 0.8032075314806676 0.5956993044924028 -8.396850548627379e-18
    outer loop
      vertex 36.91072647993384 3.322615110631798 0.25
      vertex 36.779193372319284 3.4999669757058953 0
      vertex 36.779193372319284 3.4999669757058953 0.25
    endloop
  endfacet
  facet normal 0.8577286100002506 0.5141027441932577 2.0376367927554087e-18
    outer loop
      vertex 36.779193372319284 3.4999669757058953 0.25
      vertex 36.6656771552162 3.6893573421415056 0
      vertex 36.6656771552162 3.6893573421415056 0.25
    endloop
  endfacet
  facet normal 0.9039892931234461 0.42755509343027615 -2.4028363125190696e-17
    outer loop
      vertex 36.6656771552162 3.6893573421415056 0.25
      vertex 36.57127105184961 3.888962277178548 0
      vertex 36.57127105184961 3.888962277178548 0.25
    endloop
  endfacet
  facet normal 0.9415440651830331 0.33688985339218563 9.499019453177946e-18
    outer loop
      vertex 36.57127105184961 3.888962277178548 0.25
      vertex 36.49688424460254 4.0968594761774595 0
      vertex 36.49688424460254 4.0968594761774595 0.25
    endloop
  endfacet
  facet normal 0.9700312531945403 0.24298017990327858 -7.553470205848351e-20
    outer loop
      vertex 36.49688424460254 4.0968594761774595 0.25
      vertex 36.44323311909274 4.311046775463711 0
      vertex 36.44323311909274 4.311046775463711 0.25
    endloop
  endfacet
  facet normal 0.9891765099647816 0.1467304744553578 -2.8617362037710596e-18
    outer loop
      vertex 36.44323311909274 4.311046775463711 0.25
      vertex 36.410834364987565 4.529461434258488 0
      vertex 36.410834364987565 4.529461434258488 0.25
    endloop
  endfacet
  facet normal 0.9987954562051718 0.04906767432742828 4.893047056940876e-19
    outer loop
      vertex 36.410834364987565 4.529461434258488 0.25
      vertex 36.400000000000006 4.75 0
      vertex 36.400000000000006 4.75 0.25
    endloop
  endfacet
  facet normal 0.9987954562051718 -0.04906767432742828 -4.893047056940876e-19
    outer loop
      vertex 36.400000000000006 4.75 0.25
      vertex 36.410834364987565 4.970538565741512 0
      vertex 36.410834364987565 4.970538565741512 0.25
    endloop
  endfacet
  facet normal 0.9891765099647816 -0.1467304744553578 2.8617362037710596e-18
    outer loop
      vertex 36.410834364987565 4.970538565741512 0.25
      vertex 36.44323311909274 5.188953224536289 0
      vertex 36.44323311909274 5.188953224536289 0.25
    endloop
  endfacet
  facet normal 0.9700312531945403 -0.24298017990327858 7.553470205848351e-20
    outer loop
      vertex 36.44323311909274 5.188953224536289 0.25
      vertex 36.49688424460254 5.4031405238225405 0
      vertex 36.49688424460254 5.4031405238225405 0.25
    endloop
  endfacet
  facet normal 0.9415440651830331 -0.33688985339218563 -9.499019453177946e-18
    outer loop
      vertex 36.49688424460254 5.4031405238225405 0.25
      vertex 36.57127105184961 5.611037722821452 0
      vertex 36.57127105184961 5.611037722821452 0.25
    endloop
  endfacet
  facet normal 0.9039892931234461 -0.42755509343027615 2.4028363125190696e-17
    outer loop
      vertex 36.57127105184961 5.611037722821452 0.25
      vertex 36.6656771552162 5.810642657858494 0
      vertex 36.6656771552162 5.810642657858494 0.25
    endloop
  endfacet
  facet normal 0.8577286100002506 -0.5141027441932577 -2.0376367927554087e-18
    outer loop
      vertex 36.6656771552162 5.810642657858494 0.25
      vertex 36.779193372319284 6.000033024294105 0
      vertex 36.779193372319284 6.000033024294105 0.25
    endloop
  endfacet
  facet normal 0.7409511253549457 -0.6715589548470332 -3.120256164881148e-17
    outer loop
      vertex 36.91072647993384 6.177384889368202 0.25
      vertex 37.059009742330275 6.340990257669732 0
      vertex 37.059009742330275 6.340990257669732 0.25
    endloop
  endfacet
  facet normal 0.8032075314806676 -0.5956993044924028 8.396850548627379e-18
    outer loop
      vertex 36.779193372319284 6.000033024294105 0.25
      vertex 36.91072647993384 6.177384889368202 0
      vertex 36.91072647993384 6.177384889368202 0.25
    endloop
  endfacet
  facet normal 0.049067674327421436 -0.9987954562051723 3.7638054484386526e-18
    outer loop
      vertex 38.4294614342585 6.9891656350124425 0.25
      vertex 38.650000000000006 7 0
      vertex 38.650000000000006 7 0.25
    endloop
  endfacet
  facet normal 0.14673047445535256 -0.9891765099647823 -3.628921552205798e-18
    outer loop
      vertex 38.211046775463714 6.956766880907269 0.25
      vertex 38.4294614342585 6.9891656350124425 0
      vertex 38.4294614342585 6.9891656350124425 0.25
    endloop
  endfacet
  facet normal 0.24298017990326343 -0.9700312531945441 1.0898826092158157e-17
    outer loop
      vertex 37.99685947617746 6.9031157553974705 0.25
      vertex 38.211046775463714 6.956766880907269 0
      vertex 38.211046775463714 6.956766880907269 0.25
    endloop
  endfacet
  facet normal 0.514102744193208 -0.8577286100002803 -2.252662977178033e-17
    outer loop
      vertex 37.399966975705894 6.620806627680727 0.25
      vertex 37.58935734214151 6.734322844783799 0
      vertex 37.58935734214151 6.734322844783799 0.25
    endloop
  endfacet
  facet normal 0.42755509343027964 -0.9039892931234446 -5.2821004734168785e-18
    outer loop
      vertex 37.58935734214151 6.734322844783799 0.25
      vertex 37.788962277178555 6.828728948150395 0
      vertex 37.788962277178555 6.828728948150395 0.25
    endloop
  endfacet
  facet normal 0.3368898533922277 -0.941544065183018 -9.391157005197822e-18
    outer loop
      vertex 37.788962277178555 6.828728948150395 0.25
      vertex 37.99685947617746 6.9031157553974705 0
      vertex 37.99685947617746 6.9031157553974705 0.25
    endloop
  endfacet
  facet normal 0.6715589548470116 -0.7409511253549652 2.2675590109719096e-17
    outer loop
      vertex 37.059009742330275 6.340990257669732 0.25
      vertex 37.22261511063181 6.489273520066158 0
      vertex 37.22261511063181 6.489273520066158 0.25
    endloop
  endfacet
  facet normal 0.595699304492457 -0.8032075314806273 -6.987636208515587e-18
    outer loop
      vertex 37.22261511063181 6.489273520066158 0.25
      vertex 37.399966975705894 6.620806627680727 0
      vertex 37.399966975705894 6.620806627680727 0.25
    endloop
  endfacet
  facet normal -0.5141027441932193 0.8577286100002735 9.316599092473082e-18
    outer loop
      vertex 29.106983684129986 9.640393678258224 0
      vertex 29.527851165098014 9.892651938487274 0.25
      vertex 29.527851165098014 9.892651938487274 0
    endloop
  endfacet
  facet normal -0.5956993044924415 0.803207531480639 -3.0947996098573977e-17
    outer loop
      vertex 29.527851165098014 9.892651938487274 0
      vertex 29.921966420818222 10.184947733186316 0.25
      vertex 29.921966420818222 10.184947733186316 0
    endloop
  endfacet
  facet normal -0.24298017990326456 0.9700312531945439 4.607945725152665e-18
    outer loop
      vertex 27.72545161008064 9.146073597983849 0
      vertex 28.20142338627231 9.265298321338957 0.25
      vertex 28.20142338627231 9.265298321338957 0
    endloop
  endfacet
  facet normal -0.3368898533922174 0.9415440651830217 -1.7749700946634424e-17
    outer loop
      vertex 28.20142338627231 9.265298321338957 0
      vertex 28.66341716182545 9.430602337443567 0.25
      vertex 28.66341716182545 9.430602337443567 0
    endloop
  endfacet
  facet normal -0.14673047445536233 0.9891765099647809 1.9974268910551852e-17
    outer loop
      vertex 27.2400857016478 9.074076366639016 0
      vertex 27.72545161008064 9.146073597983849 0.25
      vertex 27.72545161008064 9.146073597983849 0
    endloop
  endfacet
  facet normal -0.04906767432741743 0.9987954562051724 2.4107553692136667e-19
    outer loop
      vertex 26.75 9.05 0
      vertex 27.2400857016478 9.074076366639016 0.25
      vertex 27.2400857016478 9.074076366639016 0
    endloop
  endfacet
  facet normal -0.4275550934302827 0.9039892931234431 4.876686374478963e-17
    outer loop
      vertex 28.66341716182545 9.430602337443567 0
      vertex 29.106983684129986 9.640393678258224 0.25
      vertex 29.106983684129986 9.640393678258224 0
    endloop
  endfacet
  facet normal 0.04906767432741602 0.9987954562051725 -3.54446103545111e-18
    outer loop
      vertex 26.259914298352186 9.074076366639016 0
      vertex 26.75 9.05 0.25
      vertex 26.75 9.05 0
    endloop
  endfacet
  facet normal 0.14673047445536233 0.9891765099647809 -1.9974268910551852e-17
    outer loop
      vertex 25.774548389919346 9.146073597983849 0
      vertex 26.259914298352186 9.074076366639016 0.25
      vertex 26.259914298352186 9.074076366639016 0
    endloop
  endfacet
  facet normal 0.24298017990326456 0.9700312531945439 -4.607945725152665e-18
    outer loop
      vertex 25.298576613727676 9.265298321338957 0
      vertex 25.774548389919346 9.146073597983849 0.25
      vertex 25.774548389919346 9.146073597983849 0
    endloop
  endfacet
  facet normal 0.33688985339223576 0.9415440651830151 -3.399396558784999e-17
    outer loop
      vertex 24.836582838174564 9.430602337443567 0
      vertex 25.298576613727676 9.265298321338957 0.25
      vertex 25.298576613727676 9.265298321338957 0
    endloop
  endfacet
  facet normal 0.4275550934302602 0.9039892931234537 -9.472336117484543e-18
    outer loop
      vertex 24.39301631587 9.640393678258224 0
      vertex 24.836582838174564 9.430602337443567 0.25
      vertex 24.836582838174564 9.430602337443567 0
    endloop
  endfacet
  facet normal 0.5141027441932322 0.8577286100002658 2.6032395682272372e-17
    outer loop
      vertex 23.972148834901986 9.892651938487274 0
      vertex 24.39301631587 9.640393678258224 0.25
      vertex 24.39301631587 9.640393678258224 0
    endloop
  endfacet
  facet normal 0.5956993044924415 0.803207531480639 3.0947996098573977e-17
    outer loop
      vertex 23.578033579181778 10.184947733186316 0
      vertex 23.972148834901986 9.892651938487274 0.25
      vertex 23.972148834901986 9.892651938487274 0
    endloop
  endfacet
  facet normal -0.7409511253549523 0.6715589548470258 3.0627911687660663e-17
    outer loop
      vertex 30.285533905932738 10.514466094067263 0
      vertex 30.61505226681369 10.878033579181773 0.25
      vertex 30.61505226681369 10.878033579181773 0
    endloop
  endfacet
  facet normal -0.6715589548470124 0.7409511253549645 -3.855239771658118e-17
    outer loop
      vertex 29.921966420818222 10.184947733186316 0
      vertex 30.285533905932738 10.514466094067263 0.25
      vertex 30.285533905932738 10.514466094067263 0
    endloop
  endfacet
  facet normal -0.8032075314806575 0.5956993044924164 -3.7505174771209357e-17
    outer loop
      vertex 30.61505226681369 10.878033579181773 0
      vertex 30.90734806151272 11.27214883490199 0.25
      vertex 30.90734806151272 11.27214883490199 0
    endloop
  endfacet
  facet normal -0.9415440651830282 0.3368898533921993 -1.4370870617294327e-17
    outer loop
      vertex 31.369397662556437 12.13658283817455 0
      vertex 31.534701678661037 12.598576613727689 0.25
      vertex 31.534701678661037 12.598576613727689 0
    endloop
  endfacet
  facet normal -0.8577286100002658 0.5141027441932321 -1.942558377565721e-17
    outer loop
      vertex 30.90734806151272 11.27214883490199 0
      vertex 31.159606321741776 11.693016315870013 0.25
      vertex 31.159606321741776 11.693016315870013 0
    endloop
  endfacet
  facet normal -0.9039892931234409 0.42755509343028714 -1.839708207009883e-17
    outer loop
      vertex 31.159606321741776 11.693016315870013 0
      vertex 31.369397662556437 12.13658283817455 0.25
      vertex 31.369397662556437 12.13658283817455 0
    endloop
  endfacet
  facet normal -0.9700312531945395 0.24298017990328158 1.840287317169389e-17
    outer loop
      vertex 31.534701678661037 12.598576613727689 0
      vertex 31.653926402016154 13.074548389919359 0.25
      vertex 31.653926402016154 13.074548389919359 0
    endloop
  endfacet
  facet normal -0.9891765099647792 0.1467304744553735 -1.7940363066043307e-17
    outer loop
      vertex 31.653926402016154 13.074548389919359 0
      vertex 31.725923633360992 13.559914298352197 0.25
      vertex 31.725923633360992 13.559914298352197 0
    endloop
  endfacet
  facet normal -0.9987954562051731 0.04906767432740263 -9.275064471814373e-19
    outer loop
      vertex 31.725923633360992 13.559914298352197 0
      vertex 31.75 14.05 0.25
      vertex 31.75 14.05 0
    endloop
  endfacet
  facet normal -0.9987954562051731 -0.04906767432740263 9.275064471814373e-19
    outer loop
      vertex 31.75 14.05 0
      vertex 31.725923633360992 14.540085701647804 0.25
      vertex 31.725923633360992 14.540085701647804 0
    endloop
  endfacet
  facet normal -0.9891765099647792 -0.1467304744553735 1.7940363066043307e-17
    outer loop
      vertex 31.725923633360992 14.540085701647804 0
      vertex 31.653926402016154 15.025451610080642 0.25
      vertex 31.653926402016154 15.025451610080642 0
    endloop
  endfacet
  facet normal 0.6715589548470124 0.7409511253549645 3.855239771658118e-17
    outer loop
      vertex 23.214466094067262 10.514466094067263 0
      vertex 23.578033579181778 10.184947733186316 0.25
      vertex 23.578033579181778 10.184947733186316 0
    endloop
  endfacet
  facet normal 0.7409511253549668 0.6715589548470099 2.5315618961050425e-18
    outer loop
      vertex 22.884947733186323 10.878033579181773 0
      vertex 23.214466094067262 10.514466094067263 0.25
      vertex 23.214466094067262 10.514466094067263 0
    endloop
  endfacet
  facet normal 0.8032075314806436 0.595699304492435 -2.7434960620707996e-17
    outer loop
      vertex 22.59265193848728 11.27214883490199 0
      vertex 22.884947733186323 10.878033579181773 0.25
      vertex 22.884947733186323 10.878033579181773 0
    endloop
  endfacet
  facet normal 0.8577286100002786 0.5141027441932109 1.5839363034989433e-17
    outer loop
      vertex 22.340393678258238 11.693016315870013 0
      vertex 22.59265193848728 11.27214883490199 0.25
      vertex 22.59265193848728 11.27214883490199 0
    endloop
  endfacet
  facet normal 0.9039892931234409 0.42755509343028714 1.839708207009883e-17
    outer loop
      vertex 22.130602337443577 12.13658283817455 0
      vertex 22.340393678258238 11.693016315870013 0.25
      vertex 22.340393678258238 11.693016315870013 0
    endloop
  endfacet
  facet normal 0.941544065183019 0.336889853392225 5.1363541453073105e-18
    outer loop
      vertex 21.965298321338963 12.598576613727689 0
      vertex 22.130602337443577 12.13658283817455 0.25
      vertex 22.130602337443577 12.13658283817455 0
    endloop
  endfacet
  facet normal 0.9700312531945463 0.24298017990325432 2.6295374022533063e-17
    outer loop
      vertex 21.84607359798386 13.074548389919359 0
      vertex 21.965298321338963 12.598576613727689 0.25
      vertex 21.965298321338963 12.598576613727689 0
    endloop
  endfacet
  facet normal 0.989176509964775 0.14673047445540183 1.6278430071574597e-17
    outer loop
      vertex 21.774076366639008 13.559914298352197 0
      vertex 21.84607359798386 13.074548389919359 0.25
      vertex 21.84607359798386 13.074548389919359 0
    endloop
  endfacet
  facet normal 0.9987954562051731 0.04906767432740263 9.275064471814373e-19
    outer loop
      vertex 21.75 14.05 0
      vertex 21.774076366639008 13.559914298352197 0.25
      vertex 21.774076366639008 13.559914298352197 0
    endloop
  endfacet
  facet normal 0.989176509964775 -0.14673047445540183 -1.6278430071574597e-17
    outer loop
      vertex 21.84607359798386 15.025451610080642 0
      vertex 21.774076366639008 14.540085701647804 0.25
      vertex 21.774076366639008 14.540085701647804 0
    endloop
  endfacet
  facet normal 0.9700312531945463 -0.24298017990325432 -2.6295374022533063e-17
    outer loop
      vertex 21.965298321338963 15.501423386272313 0
      vertex 21.84607359798386 15.025451610080642 0.25
      vertex 21.84607359798386 15.025451610080642 0
    endloop
  endfacet
  facet normal 0.9987954562051731 -0.04906767432740263 -9.275064471814373e-19
    outer loop
      vertex 21.774076366639008 14.540085701647804 0
      vertex 21.75 14.05 0.25
      vertex 21.75 14.05 0
    endloop
  endfacet
  facet normal -0.9700312531945395 -0.24298017990328158 -1.840287317169389e-17
    outer loop
      vertex 31.653926402016154 15.025451610080642 0
      vertex 31.534701678661037 15.501423386272313 0.25
      vertex 31.534701678661037 15.501423386272313 0
    endloop
  endfacet
  facet normal -0.9415440651830282 -0.3368898533921993 1.4370870617294327e-17
    outer loop
      vertex 31.534701678661037 15.501423386272313 0
      vertex 31.369397662556437 15.96341716182545 0.25
      vertex 31.369397662556437 15.96341716182545 0
    endloop
  endfacet
  facet normal -0.9039892931234416 -0.42755509343028575 3.4994467096604346e-17
    outer loop
      vertex 31.369397662556437 15.96341716182545 0
      vertex 31.159606321741776 16.40698368412999 0.25
      vertex 31.159606321741776 16.40698368412999 0
    endloop
  endfacet
  facet normal -0.8577286100002649 -0.5141027441932338 5.21271622222786e-17
    outer loop
      vertex 31.159606321741776 16.40698368412999 0
      vertex 30.90734806151272 16.82785116509801 0.25
      vertex 30.90734806151272 16.82785116509801 0
    endloop
  endfacet
  facet normal -0.8032075314806562 -0.5956993044924181 -2.880571333910615e-17
    outer loop
      vertex 30.90734806151272 16.82785116509801 0
      vertex 30.61505226681369 17.221966420818227 0.25
      vertex 30.61505226681369 17.221966420818227 0
    endloop
  endfacet
  facet normal -0.740951125354954 -0.671558954847024 -5.0804992949911566e-17
    outer loop
      vertex 30.61505226681369 17.221966420818227 0
      vertex 30.285533905932738 17.58553390593274 0.25
      vertex 30.285533905932738 17.58553390593274 0
    endloop
  endfacet
  facet normal -0.6715589548470124 -0.7409511253549645 3.855239771658118e-17
    outer loop
      vertex 30.285533905932738 17.58553390593274 0
      vertex 29.921966420818222 17.915052266813685 0.25
      vertex 29.921966420818222 17.915052266813685 0
    endloop
  endfacet
  facet normal -0.5956993044924391 -0.8032075314806407 -3.164187222681857e-17
    outer loop
      vertex 29.921966420818222 17.915052266813685 0
      vertex 29.527851165098014 18.207348061512725 0.25
      vertex 29.527851165098014 18.207348061512725 0
    endloop
  endfacet
  facet normal -0.5141027441932221 -0.8577286100002719 5.2731555498836555e-18
    outer loop
      vertex 29.527851165098014 18.207348061512725 0
      vertex 29.106983684129986 18.459606321741777 0.25
      vertex 29.106983684129986 18.459606321741777 0
    endloop
  endfacet
  facet normal 0.941544065183019 -0.336889853392225 -5.1363541453073105e-18
    outer loop
      vertex 22.130602337443577 15.96341716182545 0
      vertex 21.965298321338963 15.501423386272313 0.25
      vertex 21.965298321338963 15.501423386272313 0
    endloop
  endfacet
  facet normal 0.9039892931234416 -0.42755509343028575 -3.4994467096604346e-17
    outer loop
      vertex 22.340393678258238 16.40698368412999 0
      vertex 22.130602337443577 15.96341716182545 0.25
      vertex 22.130602337443577 15.96341716182545 0
    endloop
  endfacet
  facet normal 0.8577286100002776 -0.5141027441932124 -4.854094148140551e-17
    outer loop
      vertex 22.59265193848728 16.82785116509801 0
      vertex 22.340393678258238 16.40698368412999 0.25
      vertex 22.340393678258238 16.40698368412999 0
    endloop
  endfacet
  facet normal 0.8032075314806424 -0.5956993044924368 -1.9385967667987407e-17
    outer loop
      vertex 22.884947733186323 17.221966420818227 0
      vertex 22.59265193848728 16.82785116509801 0.25
      vertex 22.59265193848728 16.82785116509801 0
    endloop
  endfacet
  facet normal 0.7409511253549685 -0.6715589548470081 1.7645519365940555e-17
    outer loop
      vertex 23.214466094067262 17.58553390593274 0
      vertex 22.884947733186323 17.221966420818227 0.25
      vertex 22.884947733186323 17.221966420818227 0
    endloop
  endfacet
  facet normal 0.6715589548470124 -0.7409511253549645 -3.855239771658118e-17
    outer loop
      vertex 23.578033579181778 17.915052266813685 0
      vertex 23.214466094067262 17.58553390593274 0.25
      vertex 23.214466094067262 17.58553390593274 0
    endloop
  endfacet
  facet normal -0.4275550934302827 -0.9039892931234431 -4.876686374478963e-17
    outer loop
      vertex 29.106983684129986 18.459606321741777 0
      vertex 28.66341716182545 18.669397662556435 0.25
      vertex 28.66341716182545 18.669397662556435 0
    endloop
  endfacet
  facet normal -0.3368898533922174 -0.9415440651830217 1.7749700946634424e-17
    outer loop
      vertex 28.66341716182545 18.669397662556435 0
      vertex 28.20142338627231 18.834701678661045 0.25
      vertex 28.20142338627231 18.834701678661045 0
    endloop
  endfacet
  facet normal -0.24298017990326115 -0.9700312531945446 -1.3162141875724856e-17
    outer loop
      vertex 28.20142338627231 18.834701678661045 0
      vertex 27.72545161008064 18.95392640201615 0.25
      vertex 27.72545161008064 18.95392640201615 0
    endloop
  endfacet
  facet normal -0.14673047445536588 -0.9891765099647803 2.2242420614665343e-17
    outer loop
      vertex 27.72545161008064 18.95392640201615 0
      vertex 27.2400857016478 19.025923633360986 0.25
      vertex 27.2400857016478 19.025923633360986 0
    endloop
  endfacet
  facet normal -0.04906767432741743 -0.9987954562051724 -2.4107553692136667e-19
    outer loop
      vertex 27.2400857016478 19.025923633360986 0
      vertex 26.75 19.05 0.25
      vertex 26.75 19.05 0
    endloop
  endfacet
  facet normal 0.04906767432741602 -0.9987954562051725 3.54446103545111e-18
    outer loop
      vertex 26.75 19.05 0
      vertex 26.259914298352186 19.025923633360986 0.25
      vertex 26.259914298352186 19.025923633360986 0
    endloop
  endfacet
  facet normal 0.24298017990326115 -0.9700312531945446 1.3162141875724856e-17
    outer loop
      vertex 25.774548389919346 18.95392640201615 0
      vertex 25.298576613727676 18.834701678661045 0.25
      vertex 25.298576613727676 18.834701678661045 0
    endloop
  endfacet
  facet normal 0.14673047445536588 -0.9891765099647803 -2.2242420614665343e-17
    outer loop
      vertex 26.259914298352186 19.025923633360986 0
      vertex 25.774548389919346 18.95392640201615 0.25
      vertex 25.774548389919346 18.95392640201615 0
    endloop
  endfacet
  facet normal 0.33688985339223576 -0.9415440651830151 0
    outer loop
      vertex 24.836582838174564 18.669397662556435 0
      vertex 25.298576613727676 18.834701678661045 0
      vertex 24.836582838174564 18.669397662556435 0.25
    endloop
  endfacet
  facet normal 0.4275550934302602 -0.9039892931234537 9.472336117484543e-18
    outer loop
      vertex 24.836582838174564 18.669397662556435 0
      vertex 24.39301631587 18.459606321741777 0.25
      vertex 24.39301631587 18.459606321741777 0
    endloop
  endfacet
  facet normal 0.5956993044924391 -0.8032075314806407 3.164187222681857e-17
    outer loop
      vertex 23.972148834901986 18.207348061512725 0
      vertex 23.578033579181778 17.915052266813685 0.25
      vertex 23.578033579181778 17.915052266813685 0
    endloop
  endfacet
  facet normal 0.5141027441932349 -0.8577286100002642 -4.062215032483519e-17
    outer loop
      vertex 24.39301631587 18.459606321741777 0
      vertex 23.972148834901986 18.207348061512725 0.25
      vertex 23.972148834901986 18.207348061512725 0
    endloop
  endfacet
  facet normal -0.5141027441932193 0.8577286100002735 0
    outer loop
      vertex 29.106983684129986 9.640393678258224 0
      vertex 29.106983684129986 9.640393678258224 0.25
      vertex 29.527851165098014 9.892651938487274 0.25
    endloop
  endfacet
  facet normal -0.5956993044924415 0.803207531480639 0
    outer loop
      vertex 29.527851165098014 9.892651938487274 0
      vertex 29.527851165098014 9.892651938487274 0.25
      vertex 29.921966420818222 10.184947733186316 0.25
    endloop
  endfacet
  facet normal -0.24298017990326456 0.9700312531945439 0
    outer loop
      vertex 27.72545161008064 9.146073597983849 0
      vertex 27.72545161008064 9.146073597983849 0.25
      vertex 28.20142338627231 9.265298321338957 0.25
    endloop
  endfacet
  facet normal -0.4275550934302827 0.9039892931234431 0
    outer loop
      vertex 28.66341716182545 9.430602337443567 0
      vertex 28.66341716182545 9.430602337443567 0.25
      vertex 29.106983684129986 9.640393678258224 0.25
    endloop
  endfacet
  facet normal -0.3368898533922174 0.9415440651830217 0
    outer loop
      vertex 28.20142338627231 9.265298321338957 0
      vertex 28.20142338627231 9.265298321338957 0.25
      vertex 28.66341716182545 9.430602337443567 0.25
    endloop
  endfacet
  facet normal -0.14673047445536233 0.9891765099647809 0
    outer loop
      vertex 27.2400857016478 9.074076366639016 0
      vertex 27.2400857016478 9.074076366639016 0.25
      vertex 27.72545161008064 9.146073597983849 0.25
    endloop
  endfacet
  facet normal -0.04906767432741743 0.9987954562051724 0
    outer loop
      vertex 26.75 9.05 0
      vertex 26.75 9.05 0.25
      vertex 27.2400857016478 9.074076366639016 0.25
    endloop
  endfacet
  facet normal 0.04906767432741602 0.9987954562051725 0
    outer loop
      vertex 26.259914298352186 9.074076366639016 0
      vertex 26.259914298352186 9.074076366639016 0.25
      vertex 26.75 9.05 0.25
    endloop
  endfacet
  facet normal 0.14673047445536233 0.9891765099647809 0
    outer loop
      vertex 25.774548389919346 9.146073597983849 0
      vertex 25.774548389919346 9.146073597983849 0.25
      vertex 26.259914298352186 9.074076366639016 0.25
    endloop
  endfacet
  facet normal 0.24298017990326456 0.9700312531945439 0
    outer loop
      vertex 25.298576613727676 9.265298321338957 0
      vertex 25.298576613727676 9.265298321338957 0.25
      vertex 25.774548389919346 9.146073597983849 0.25
    endloop
  endfacet
  facet normal 0.33688985339223576 0.9415440651830151 0
    outer loop
      vertex 24.836582838174564 9.430602337443567 0
      vertex 24.836582838174564 9.430602337443567 0.25
      vertex 25.298576613727676 9.265298321338957 0.25
    endloop
  endfacet
  facet normal 0.4275550934302602 0.9039892931234537 0
    outer loop
      vertex 24.39301631587 9.640393678258224 0
      vertex 24.39301631587 9.640393678258224 0.25
      vertex 24.836582838174564 9.430602337443567 0.25
    endloop
  endfacet
  facet normal 0.5141027441932322 0.8577286100002658 0
    outer loop
      vertex 23.972148834901986 9.892651938487274 0
      vertex 23.972148834901986 9.892651938487274 0.25
      vertex 24.39301631587 9.640393678258224 0.25
    endloop
  endfacet
  facet normal 0.5956993044924415 0.803207531480639 0
    outer loop
      vertex 23.578033579181778 10.184947733186316 0
      vertex 23.578033579181778 10.184947733186316 0.25
      vertex 23.972148834901986 9.892651938487274 0.25
    endloop
  endfacet
  facet normal -0.7409511253549523 0.6715589548470258 0
    outer loop
      vertex 30.285533905932738 10.514466094067263 0
      vertex 30.285533905932738 10.514466094067263 0.25
      vertex 30.61505226681369 10.878033579181773 0.25
    endloop
  endfacet
  facet normal -0.6715589548470124 0.7409511253549645 0
    outer loop
      vertex 29.921966420818222 10.184947733186316 0
      vertex 29.921966420818222 10.184947733186316 0.25
      vertex 30.285533905932738 10.514466094067263 0.25
    endloop
  endfacet
  facet normal -0.8032075314806575 0.5956993044924164 0
    outer loop
      vertex 30.61505226681369 10.878033579181773 0
      vertex 30.61505226681369 10.878033579181773 0.25
      vertex 30.90734806151272 11.27214883490199 0.25
    endloop
  endfacet
  facet normal -0.8577286100002658 0.5141027441932321 0
    outer loop
      vertex 30.90734806151272 11.27214883490199 0
      vertex 30.90734806151272 11.27214883490199 0.25
      vertex 31.159606321741776 11.693016315870013 0.25
    endloop
  endfacet
  facet normal -0.9039892931234409 0.42755509343028714 0
    outer loop
      vertex 31.159606321741776 11.693016315870013 0
      vertex 31.159606321741776 11.693016315870013 0.25
      vertex 31.369397662556437 12.13658283817455 0.25
    endloop
  endfacet
  facet normal -0.9415440651830282 0.3368898533921993 0
    outer loop
      vertex 31.369397662556437 12.13658283817455 0
      vertex 31.369397662556437 12.13658283817455 0.25
      vertex 31.534701678661037 12.598576613727689 0.25
    endloop
  endfacet
  facet normal -0.9700312531945395 0.24298017990328158 0
    outer loop
      vertex 31.534701678661037 12.598576613727689 0
      vertex 31.534701678661037 12.598576613727689 0.25
      vertex 31.653926402016154 13.074548389919359 0.25
    endloop
  endfacet
  facet normal -0.9891765099647792 0.1467304744553735 0
    outer loop
      vertex 31.653926402016154 13.074548389919359 0
      vertex 31.653926402016154 13.074548389919359 0.25
      vertex 31.725923633360992 13.559914298352197 0.25
    endloop
  endfacet
  facet normal -0.9987954562051731 0.04906767432740263 0
    outer loop
      vertex 31.725923633360992 13.559914298352197 0
      vertex 31.725923633360992 13.559914298352197 0.25
      vertex 31.75 14.05 0.25
    endloop
  endfacet
  facet normal -0.9987954562051731 -0.04906767432740263 0
    outer loop
      vertex 31.75 14.05 0
      vertex 31.75 14.05 0.25
      vertex 31.725923633360992 14.540085701647804 0.25
    endloop
  endfacet
  facet normal -0.9891765099647792 -0.1467304744553735 0
    outer loop
      vertex 31.725923633360992 14.540085701647804 0
      vertex 31.725923633360992 14.540085701647804 0.25
      vertex 31.653926402016154 15.025451610080642 0.25
    endloop
  endfacet
  facet normal -0.9700312531945395 -0.24298017990328158 0
    outer loop
      vertex 31.653926402016154 15.025451610080642 0
      vertex 31.653926402016154 15.025451610080642 0.25
      vertex 31.534701678661037 15.501423386272313 0.25
    endloop
  endfacet
  facet normal 0.6715589548470124 0.7409511253549645 0
    outer loop
      vertex 23.214466094067262 10.514466094067263 0
      vertex 23.214466094067262 10.514466094067263 0.25
      vertex 23.578033579181778 10.184947733186316 0.25
    endloop
  endfacet
  facet normal 0.7409511253549668 0.6715589548470099 0
    outer loop
      vertex 22.884947733186323 10.878033579181773 0
      vertex 22.884947733186323 10.878033579181773 0.25
      vertex 23.214466094067262 10.514466094067263 0.25
    endloop
  endfacet
  facet normal 0.8032075314806436 0.595699304492435 0
    outer loop
      vertex 22.59265193848728 11.27214883490199 0
      vertex 22.59265193848728 11.27214883490199 0.25
      vertex 22.884947733186323 10.878033579181773 0.25
    endloop
  endfacet
  facet normal 0.8577286100002786 0.5141027441932109 0
    outer loop
      vertex 22.340393678258238 11.693016315870013 0
      vertex 22.340393678258238 11.693016315870013 0.25
      vertex 22.59265193848728 11.27214883490199 0.25
    endloop
  endfacet
  facet normal 0.9039892931234409 0.42755509343028714 0
    outer loop
      vertex 22.130602337443577 12.13658283817455 0
      vertex 22.130602337443577 12.13658283817455 0.25
      vertex 22.340393678258238 11.693016315870013 0.25
    endloop
  endfacet
  facet normal 0.941544065183019 0.336889853392225 0
    outer loop
      vertex 21.965298321338963 12.598576613727689 0
      vertex 21.965298321338963 12.598576613727689 0.25
      vertex 22.130602337443577 12.13658283817455 0.25
    endloop
  endfacet
  facet normal 0.9700312531945463 0.24298017990325432 0
    outer loop
      vertex 21.84607359798386 13.074548389919359 0
      vertex 21.84607359798386 13.074548389919359 0.25
      vertex 21.965298321338963 12.598576613727689 0.25
    endloop
  endfacet
  facet normal 0.989176509964775 0.14673047445540183 0
    outer loop
      vertex 21.774076366639008 13.559914298352197 0
      vertex 21.774076366639008 13.559914298352197 0.25
      vertex 21.84607359798386 13.074548389919359 0.25
    endloop
  endfacet
  facet normal 0.9987954562051731 0.04906767432740263 0
    outer loop
      vertex 21.75 14.05 0
      vertex 21.75 14.05 0.25
      vertex 21.774076366639008 13.559914298352197 0.25
    endloop
  endfacet
  facet normal 0.9987954562051731 -0.04906767432740263 0
    outer loop
      vertex 21.774076366639008 14.540085701647804 0
      vertex 21.774076366639008 14.540085701647804 0.25
      vertex 21.75 14.05 0.25
    endloop
  endfacet
  facet normal 0.989176509964775 -0.14673047445540183 0
    outer loop
      vertex 21.84607359798386 15.025451610080642 0
      vertex 21.84607359798386 15.025451610080642 0.25
      vertex 21.774076366639008 14.540085701647804 0.25
    endloop
  endfacet
  facet normal -0.9415440651830282 -0.3368898533921993 0
    outer loop
      vertex 31.534701678661037 15.501423386272313 0
      vertex 31.534701678661037 15.501423386272313 0.25
      vertex 31.369397662556437 15.96341716182545 0.25
    endloop
  endfacet
  facet normal -0.9039892931234416 -0.42755509343028575 0
    outer loop
      vertex 31.369397662556437 15.96341716182545 0
      vertex 31.369397662556437 15.96341716182545 0.25
      vertex 31.159606321741776 16.40698368412999 0.25
    endloop
  endfacet
  facet normal -0.8577286100002649 -0.5141027441932338 0
    outer loop
      vertex 31.159606321741776 16.40698368412999 0
      vertex 31.159606321741776 16.40698368412999 0.25
      vertex 30.90734806151272 16.82785116509801 0.25
    endloop
  endfacet
  facet normal -0.8032075314806562 -0.5956993044924181 0
    outer loop
      vertex 30.90734806151272 16.82785116509801 0
      vertex 30.90734806151272 16.82785116509801 0.25
      vertex 30.61505226681369 17.221966420818227 0.25
    endloop
  endfacet
  facet normal -0.740951125354954 -0.671558954847024 0
    outer loop
      vertex 30.61505226681369 17.221966420818227 0
      vertex 30.61505226681369 17.221966420818227 0.25
      vertex 30.285533905932738 17.58553390593274 0.25
    endloop
  endfacet
  facet normal -0.6715589548470124 -0.7409511253549645 0
    outer loop
      vertex 30.285533905932738 17.58553390593274 0
      vertex 30.285533905932738 17.58553390593274 0.25
      vertex 29.921966420818222 17.915052266813685 0.25
    endloop
  endfacet
  facet normal -0.5956993044924391 -0.8032075314806407 0
    outer loop
      vertex 29.921966420818222 17.915052266813685 0
      vertex 29.921966420818222 17.915052266813685 0.25
      vertex 29.527851165098014 18.207348061512725 0.25
    endloop
  endfacet
  facet normal -0.5141027441932221 -0.8577286100002719 0
    outer loop
      vertex 29.527851165098014 18.207348061512725 0
      vertex 29.527851165098014 18.207348061512725 0.25
      vertex 29.106983684129986 18.459606321741777 0.25
    endloop
  endfacet
  facet normal 0.9700312531945463 -0.24298017990325432 0
    outer loop
      vertex 21.965298321338963 15.501423386272313 0
      vertex 21.965298321338963 15.501423386272313 0.25
      vertex 21.84607359798386 15.025451610080642 0.25
    endloop
  endfacet
  facet normal 0.941544065183019 -0.336889853392225 0
    outer loop
      vertex 22.130602337443577 15.96341716182545 0
      vertex 22.130602337443577 15.96341716182545 0.25
      vertex 21.965298321338963 15.501423386272313 0.25
    endloop
  endfacet
  facet normal 0.9039892931234416 -0.42755509343028575 0
    outer loop
      vertex 22.340393678258238 16.40698368412999 0
      vertex 22.340393678258238 16.40698368412999 0.25
      vertex 22.130602337443577 15.96341716182545 0.25
    endloop
  endfacet
  facet normal 0.8577286100002776 -0.5141027441932124 0
    outer loop
      vertex 22.59265193848728 16.82785116509801 0
      vertex 22.59265193848728 16.82785116509801 0.25
      vertex 22.340393678258238 16.40698368412999 0.25
    endloop
  endfacet
  facet normal 0.8032075314806424 -0.5956993044924368 0
    outer loop
      vertex 22.884947733186323 17.221966420818227 0
      vertex 22.884947733186323 17.221966420818227 0.25
      vertex 22.59265193848728 16.82785116509801 0.25
    endloop
  endfacet
  facet normal 0.7409511253549685 -0.6715589548470081 0
    outer loop
      vertex 23.214466094067262 17.58553390593274 0
      vertex 23.214466094067262 17.58553390593274 0.25
      vertex 22.884947733186323 17.221966420818227 0.25
    endloop
  endfacet
  facet normal 0.6715589548470124 -0.7409511253549645 0
    outer loop
      vertex 23.578033579181778 17.915052266813685 0
      vertex 23.578033579181778 17.915052266813685 0.25
      vertex 23.214466094067262 17.58553390593274 0.25
    endloop
  endfacet
  facet normal -0.4275550934302827 -0.9039892931234431 0
    outer loop
      vertex 29.106983684129986 18.459606321741777 0
      vertex 29.106983684129986 18.459606321741777 0.25
      vertex 28.66341716182545 18.669397662556435 0.25
    endloop
  endfacet
  facet normal -0.3368898533922174 -0.9415440651830217 0
    outer loop
      vertex 28.66341716182545 18.669397662556435 0.25
      vertex 28.20142338627231 18.834701678661045 0.25
      vertex 28.66341716182545 18.669397662556435 0
    endloop
  endfacet
  facet normal -0.24298017990326115 -0.9700312531945446 0
    outer loop
      vertex 28.20142338627231 18.834701678661045 0
      vertex 28.20142338627231 18.834701678661045 0.25
      vertex 27.72545161008064 18.95392640201615 0.25
    endloop
  endfacet
  facet normal -0.14673047445536588 -0.9891765099647803 0
    outer loop
      vertex 27.72545161008064 18.95392640201615 0
      vertex 27.72545161008064 18.95392640201615 0.25
      vertex 27.2400857016478 19.025923633360986 0.25
    endloop
  endfacet
  facet normal -0.04906767432741743 -0.9987954562051724 0
    outer loop
      vertex 27.2400857016478 19.025923633360986 0
      vertex 27.2400857016478 19.025923633360986 0.25
      vertex 26.75 19.05 0.25
    endloop
  endfacet
  facet normal 0.5141027441932349 -0.8577286100002642 0
    outer loop
      vertex 24.39301631587 18.459606321741777 0
      vertex 24.39301631587 18.459606321741777 0.25
      vertex 23.972148834901986 18.207348061512725 0.25
    endloop
  endfacet
  facet normal 0.04906767432741602 -0.9987954562051725 0
    outer loop
      vertex 26.75 19.05 0
      vertex 26.75 19.05 0.25
      vertex 26.259914298352186 19.025923633360986 0.25
    endloop
  endfacet
  facet normal 0.14673047445536588 -0.9891765099647803 0
    outer loop
      vertex 26.259914298352186 19.025923633360986 0
      vertex 26.259914298352186 19.025923633360986 0.25
      vertex 25.774548389919346 18.95392640201615 0.25
    endloop
  endfacet
  facet normal 0.24298017990326115 -0.9700312531945446 0
    outer loop
      vertex 25.774548389919346 18.95392640201615 0
      vertex 25.774548389919346 18.95392640201615 0.25
      vertex 25.298576613727676 18.834701678661045 0.25
    endloop
  endfacet
  facet normal 0.33688985339223576 -0.9415440651830151 0
    outer loop
      vertex 25.298576613727676 18.834701678661045 0.25
      vertex 24.836582838174564 18.669397662556435 0.25
      vertex 25.298576613727676 18.834701678661045 0
    endloop
  endfacet
  facet normal 0.4275550934302602 -0.9039892931234537 0
    outer loop
      vertex 24.836582838174564 18.669397662556435 0
      vertex 24.836582838174564 18.669397662556435 0.25
      vertex 24.39301631587 18.459606321741777 0.25
    endloop
  endfacet
  facet normal 0.5956993044924391 -0.8032075314806407 0
    outer loop
      vertex 23.972148834901986 18.207348061512725 0
      vertex 23.972148834901986 18.207348061512725 0.25
      vertex 23.578033579181778 17.915052266813685 0.25
    endloop
  endfacet
  facet normal -0.14673047445535878 0.9891765099647813 5.6250502363670486e-18
    outer loop
      vertex 27.2400857016478 24.774076366639015 0
      vertex 27.72545161008064 24.846073597983846 0.25
      vertex 27.72545161008064 24.846073597983846 0
    endloop
  endfacet
  facet normal -0.04906767432741743 0.9987954562051724 2.4107553692136667e-19
    outer loop
      vertex 26.75 24.75 0
      vertex 27.2400857016478 24.774076366639015 0.25
      vertex 27.2400857016478 24.774076366639015 0
    endloop
  endfacet
  facet normal -0.3368898533922174 0.9415440651830217 -1.7749700946634424e-17
    outer loop
      vertex 28.20142338627231 24.965298321338956 0
      vertex 28.66341716182545 25.130602337443566 0.25
      vertex 28.66341716182545 25.130602337443566 0
    endloop
  endfacet
  facet normal -0.24298017990326795 0.970031253194543 -3.94625042541951e-18
    outer loop
      vertex 27.72545161008064 24.846073597983846 0
      vertex 28.20142338627231 24.965298321338956 0.25
      vertex 28.20142338627231 24.965298321338956 0
    endloop
  endfacet
  facet normal -0.4275550934302827 0.9039892931234431 4.876686374478963e-17
    outer loop
      vertex 28.66341716182545 25.130602337443566 0
      vertex 29.106983684129986 25.340393678258224 0.25
      vertex 29.106983684129986 25.340393678258224 0
    endloop
  endfacet
  facet normal 0.04906767432741602 0.9987954562051725 -3.54446103545111e-18
    outer loop
      vertex 26.259914298352186 24.774076366639015 0
      vertex 26.75 24.75 0.25
      vertex 26.75 24.75 0
    endloop
  endfacet
  facet normal 0.14673047445535878 0.9891765099647813 -5.6250502363670486e-18
    outer loop
      vertex 25.774548389919346 24.846073597983846 0
      vertex 26.259914298352186 24.774076366639015 0.25
      vertex 26.259914298352186 24.774076366639015 0
    endloop
  endfacet
  facet normal 0.24298017990326795 0.970031253194543 3.94625042541951e-18
    outer loop
      vertex 25.298576613727676 24.965298321338956 0
      vertex 25.774548389919346 24.846073597983846 0.25
      vertex 25.774548389919346 24.846073597983846 0
    endloop
  endfacet
  facet normal 0.33688985339223576 0.9415440651830151 -3.399396558784999e-17
    outer loop
      vertex 24.836582838174564 25.130602337443566 0
      vertex 25.298576613727676 24.965298321338956 0.25
      vertex 25.298576613727676 24.965298321338956 0
    endloop
  endfacet
  facet normal 0.4275550934302602 0.9039892931234537 -9.472336117484543e-18
    outer loop
      vertex 24.39301631587 25.340393678258224 0
      vertex 24.836582838174564 25.130602337443566 0.25
      vertex 24.836582838174564 25.130602337443566 0
    endloop
  endfacet
  facet normal 0.5141027441932294 0.8577286100002673 1.1442641039709498e-17
    outer loop
      vertex 23.972148834901986 25.592651938487272 0
      vertex 24.39301631587 25.340393678258224 0.25
      vertex 24.39301631587 25.340393678258224 0
    endloop
  endfacet
  facet normal -0.5141027441932168 0.8577286100002751 2.3906353734829875e-17
    outer loop
      vertex 29.106983684129986 25.340393678258224 0
      vertex 29.527851165098014 25.592651938487272 0.25
      vertex 29.527851165098014 25.592651938487272 0
    endloop
  endfacet
  facet normal -0.5956993044924438 0.8032075314806373 1.959395197483924e-17
    outer loop
      vertex 29.527851165098014 25.592651938487272 0
      vertex 29.921966420818222 25.884947733186316 0.25
      vertex 29.921966420818222 25.884947733186316 0
    endloop
  endfacet
  facet normal -0.6715589548470124 0.7409511253549645 -3.855239771658118e-17
    outer loop
      vertex 29.921966420818222 25.884947733186316 0
      vertex 30.285533905932738 26.214466094067262 0.25
      vertex 30.285533905932738 26.214466094067262 0
    endloop
  endfacet
  facet normal -0.7409511253549508 0.6715589548470277 1.0450830425409656e-17
    outer loop
      vertex 30.285533905932738 26.214466094067262 0
      vertex 30.61505226681369 26.57803357918177 0.25
      vertex 30.61505226681369 26.57803357918177 0
    endloop
  endfacet
  facet normal -0.8032075314806588 0.5956993044924147 9.315753517280982e-18
    outer loop
      vertex 30.61505226681369 26.57803357918177 0
      vertex 30.90734806151272 26.97214883490199 0.25
      vertex 30.90734806151272 26.97214883490199 0
    endloop
  endfacet
  facet normal -0.8577286100002649 0.5141027441932338 -5.21271622222786e-17
    outer loop
      vertex 30.90734806151272 26.97214883490199 0
      vertex 31.159606321741776 27.39301631587001 0.25
      vertex 31.159606321741776 27.39301631587001 0
    endloop
  endfacet
  facet normal -0.9039892931234416 0.42755509343028575 -3.4994467096604346e-17
    outer loop
      vertex 31.159606321741776 27.39301631587001 0
      vertex 31.369397662556437 27.83658283817455 0.25
      vertex 31.369397662556437 27.83658283817455 0
    endloop
  endfacet
  facet normal -0.9415440651830287 0.3368898533921981 3.607365798922082e-18
    outer loop
      vertex 31.369397662556437 27.83658283817455 0
      vertex 31.534701678661037 28.29857661372769 0.25
      vertex 31.534701678661037 28.29857661372769 0
    endloop
  endfacet
  facet normal -0.9700312531945395 0.24298017990328158 1.840287317169389e-17
    outer loop
      vertex 31.534701678661037 28.29857661372769 0
      vertex 31.653926402016154 28.77454838991936 0.25
      vertex 31.653926402016154 28.77454838991936 0
    endloop
  endfacet
  facet normal -0.9891765099647791 0.14673047445537402 1.4229165333611297e-17
    outer loop
      vertex 31.653926402016154 28.77454838991936 0
      vertex 31.725923633360992 29.259914298352196 0.25
      vertex 31.725923633360992 29.259914298352196 0
    endloop
  endfacet
  facet normal -0.9987954562051731 0.04906767432740263 -9.275064471814373e-19
    outer loop
      vertex 31.725923633360992 29.259914298352196 0
      vertex 31.75 29.75 0.25
      vertex 31.75 29.75 0
    endloop
  endfacet
  facet normal -0.9987954562051731 -0.04906767432740263 9.275064471814373e-19
    outer loop
      vertex 31.75 29.75 0
      vertex 31.725923633360992 30.240085701647804 0.25
      vertex 31.725923633360992 30.240085701647804 0
    endloop
  endfacet
  facet normal 0.5956993044924438 0.8032075314806373 -1.959395197483924e-17
    outer loop
      vertex 23.578033579181778 25.884947733186316 0
      vertex 23.972148834901986 25.592651938487272 0.25
      vertex 23.972148834901986 25.592651938487272 0
    endloop
  endfacet
  facet normal 0.6715589548470124 0.7409511253549645 3.855239771658118e-17
    outer loop
      vertex 23.214466094067262 26.214466094067262 0
      vertex 23.578033579181778 25.884947733186316 0.25
      vertex 23.578033579181778 25.884947733186316 0
    endloop
  endfacet
  facet normal 0.7409511253549652 0.6715589548470118 2.2708643158150747e-17
    outer loop
      vertex 22.884947733186323 26.57803357918177 0
      vertex 23.214466094067262 26.214466094067262 0.25
      vertex 23.214466094067262 26.214466094067262 0
    endloop
  endfacet
  facet normal 0.8032075314806448 0.5956993044924334 3.8875927489400387e-17
    outer loop
      vertex 22.59265193848728 26.97214883490199 0
      vertex 22.884947733186323 26.57803357918177 0.25
      vertex 22.884947733186323 26.57803357918177 0
    endloop
  endfacet
  facet normal 0.8577286100002776 0.5141027441932124 4.854094148140551e-17
    outer loop
      vertex 22.340393678258238 27.39301631587001 0
      vertex 22.59265193848728 26.97214883490199 0.25
      vertex 22.59265193848728 26.97214883490199 0
    endloop
  endfacet
  facet normal 0.9039892931234416 0.42755509343028575 3.4994467096604346e-17
    outer loop
      vertex 22.130602337443577 27.83658283817455 0
      vertex 22.340393678258238 27.39301631587001 0.25
      vertex 22.340393678258238 27.39301631587001 0
    endloop
  endfacet
  facet normal 0.9415440651830195 0.3368898533922238 -1.2841882271114678e-17
    outer loop
      vertex 21.965298321338963 28.29857661372769 0
      vertex 22.130602337443577 27.83658283817455 0.25
      vertex 22.130602337443577 27.83658283817455 0
    endloop
  endfacet
  facet normal 0.9700312531945463 0.24298017990325432 2.6295374022533063e-17
    outer loop
      vertex 21.84607359798386 28.77454838991936 0
      vertex 21.965298321338963 28.29857661372769 0.25
      vertex 21.965298321338963 28.29857661372769 0
    endloop
  endfacet
  facet normal 0.989176509964775 0.14673047445540235 -1.5891098327874087e-17
    outer loop
      vertex 21.774076366639008 29.259914298352196 0
      vertex 21.84607359798386 28.77454838991936 0.25
      vertex 21.84607359798386 28.77454838991936 0
    endloop
  endfacet
  facet normal 0.9987954562051731 0.04906767432740263 9.275064471814373e-19
    outer loop
      vertex 21.75 29.75 0
      vertex 21.774076366639008 29.259914298352196 0.25
      vertex 21.774076366639008 29.259914298352196 0
    endloop
  endfacet
  facet normal 0.989176509964775 -0.14673047445540235 1.5891098327874087e-17
    outer loop
      vertex 21.84607359798386 30.72545161008064 0
      vertex 21.774076366639008 30.240085701647804 0.25
      vertex 21.774076366639008 30.240085701647804 0
    endloop
  endfacet
  facet normal 0.9987954562051731 -0.04906767432740263 -9.275064471814373e-19
    outer loop
      vertex 21.774076366639008 30.240085701647804 0
      vertex 21.75 29.75 0.25
      vertex 21.75 29.75 0
    endloop
  endfacet
  facet normal -0.9891765099647791 -0.14673047445537402 -1.4229165333611297e-17
    outer loop
      vertex 31.725923633360992 30.240085701647804 0
      vertex 31.653926402016154 30.72545161008064 0.25
      vertex 31.653926402016154 30.72545161008064 0
    endloop
  endfacet
  facet normal -0.9700312531945395 -0.24298017990328158 -1.840287317169389e-17
    outer loop
      vertex 31.653926402016154 30.72545161008064 0
      vertex 31.534701678661037 31.20142338627231 0.25
      vertex 31.534701678661037 31.20142338627231 0
    endloop
  endfacet
  facet normal -0.9415440651830287 -0.3368898533921981 -3.607365798922082e-18
    outer loop
      vertex 31.534701678661037 31.20142338627231 0
      vertex 31.369397662556437 31.66341716182545 0.25
      vertex 31.369397662556437 31.66341716182545 0
    endloop
  endfacet
  facet normal -0.9039892931234403 -0.4275550934302886 1.799697043593202e-18
    outer loop
      vertex 31.369397662556437 31.66341716182545 0
      vertex 31.159606321741776 32.106983684129986 0.25
      vertex 31.159606321741776 32.106983684129986 0
    endloop
  endfacet
  facet normal -0.8577286100002687 -0.5141027441932274 3.445266483459697e-17
    outer loop
      vertex 31.159606321741776 32.106983684129986 0
      vertex 30.90734806151272 32.527851165098014 0.25
      vertex 30.90734806151272 32.527851165098014 0
    endloop
  endfacet
  facet normal -0.8032075314806562 -0.5956993044924181 -2.880571333910615e-17
    outer loop
      vertex 30.90734806151272 32.527851165098014 0
      vertex 30.61505226681369 32.92196642081823 0.25
      vertex 30.61505226681369 32.92196642081823 0
    endloop
  endfacet
  facet normal -0.7409511253549508 -0.6715589548470277 -1.0450830425409656e-17
    outer loop
      vertex 30.61505226681369 32.92196642081823 0
      vertex 30.285533905932738 33.28553390593274 0.25
      vertex 30.285533905932738 33.28553390593274 0
    endloop
  endfacet
  facet normal -0.6715589548470124 -0.7409511253549645 3.855239771658118e-17
    outer loop
      vertex 30.285533905932738 33.28553390593274 0
      vertex 29.921966420818222 33.615052266813684 0.25
      vertex 29.921966420818222 33.615052266813684 0
    endloop
  endfacet
  facet normal -0.5956993044924438 -0.8032075314806373 -1.959395197483924e-17
    outer loop
      vertex 29.921966420818222 33.615052266813684 0
      vertex 29.527851165098014 33.90734806151273 0.25
      vertex 29.527851165098014 33.90734806151273 0
    endloop
  endfacet
  facet normal -0.5141027441932168 -0.8577286100002751 -2.3906353734829875e-17
    outer loop
      vertex 29.527851165098014 33.90734806151273 0
      vertex 29.106983684129986 34.15960632174178 0.25
      vertex 29.106983684129986 34.15960632174178 0
    endloop
  endfacet
  facet normal 0.9700312531945463 -0.24298017990325432 -2.6295374022533063e-17
    outer loop
      vertex 21.965298321338963 31.20142338627231 0
      vertex 21.84607359798386 30.72545161008064 0.25
      vertex 21.84607359798386 30.72545161008064 0
    endloop
  endfacet
  facet normal 0.9415440651830195 -0.3368898533922238 1.2841882271114678e-17
    outer loop
      vertex 22.130602337443577 31.66341716182545 0
      vertex 21.965298321338963 31.20142338627231 0.25
      vertex 21.965298321338963 31.20142338627231 0
    endloop
  endfacet
  facet normal 0.9039892931234403 -0.4275550934302886 -1.799697043593202e-18
    outer loop
      vertex 22.340393678258238 32.106983684129986 0
      vertex 22.130602337443577 31.66341716182545 0.25
      vertex 22.130602337443577 31.66341716182545 0
    endloop
  endfacet
  facet normal 0.8577286100002814 -0.514102744193206 -3.0866444094546805e-17
    outer loop
      vertex 22.59265193848728 32.527851165098014 0
      vertex 22.340393678258238 32.106983684129986 0.25
      vertex 22.340393678258238 32.106983684129986 0
    endloop
  endfacet
  facet normal 0.7409511253549652 -0.6715589548470118 -2.2708643158150747e-17
    outer loop
      vertex 23.214466094067262 33.28553390593274 0
      vertex 22.884947733186323 32.92196642081823 0.25
      vertex 22.884947733186323 32.92196642081823 0
    endloop
  endfacet
  facet normal 0.8032075314806424 -0.5956993044924368 -1.9385967667987407e-17
    outer loop
      vertex 22.884947733186323 32.92196642081823 0
      vertex 22.59265193848728 32.527851165098014 0.25
      vertex 22.59265193848728 32.527851165098014 0
    endloop
  endfacet
  facet normal -0.4275550934302886 -0.9039892931234403 1.799697043593202e-18
    outer loop
      vertex 29.106983684129986 34.15960632174178 0
      vertex 28.66341716182545 34.36939766255644 0.25
      vertex 28.66341716182545 34.36939766255644 0
    endloop
  endfacet
  facet normal 0.42755509343026615 -0.9039892931234509 -4.109422467007237e-17
    outer loop
      vertex 24.836582838174564 34.36939766255644 0
      vertex 24.39301631587 34.15960632174178 0.25
      vertex 24.39301631587 34.15960632174178 0
    endloop
  endfacet
  facet normal -0.336889853392211 -0.941544065183024 4.834128416438368e-17
    outer loop
      vertex 28.66341716182545 34.36939766255644 0
      vertex 28.20142338627231 34.534701678661044 0.25
      vertex 28.20142338627231 34.534701678661044 0
    endloop
  endfacet
  facet normal -0.24298017990326795 -0.970031253194543 3.94625042541951e-18
    outer loop
      vertex 28.20142338627231 34.534701678661044 0
      vertex 27.72545161008064 34.653926402016154 0.25
      vertex 27.72545161008064 34.653926402016154 0
    endloop
  endfacet
  facet normal -0.14673047445535878 -0.9891765099647813 -5.6250502363670486e-18
    outer loop
      vertex 27.72545161008064 34.653926402016154 0
      vertex 27.2400857016478 34.725923633360985 0.25
      vertex 27.2400857016478 34.725923633360985 0
    endloop
  endfacet
  facet normal -0.04906767432741743 -0.9987954562051724 -2.4107553692136667e-19
    outer loop
      vertex 27.2400857016478 34.725923633360985 0
      vertex 26.75 34.75 0.25
      vertex 26.75 34.75 0
    endloop
  endfacet
  facet normal 0.14673047445535878 -0.9891765099647813 5.6250502363670486e-18
    outer loop
      vertex 26.259914298352186 34.725923633360985 0
      vertex 25.774548389919346 34.653926402016154 0.25
      vertex 25.774548389919346 34.653926402016154 0
    endloop
  endfacet
  facet normal 0.24298017990326795 -0.970031253194543 -3.94625042541951e-18
    outer loop
      vertex 25.774548389919346 34.653926402016154 0
      vertex 25.298576613727676 34.534701678661044 0.25
      vertex 25.298576613727676 34.534701678661044 0
    endloop
  endfacet
  facet normal 0.04906767432741602 -0.9987954562051725 3.54446103545111e-18
    outer loop
      vertex 26.75 34.75 0
      vertex 26.259914298352186 34.725923633360985 0.25
      vertex 26.259914298352186 34.725923633360985 0
    endloop
  endfacet
  facet normal 0.3368898533922294 -0.9415440651830175 3.402382370922335e-18
    outer loop
      vertex 25.298576613727676 34.534701678661044 0
      vertex 24.836582838174564 34.36939766255644 0.25
      vertex 24.836582838174564 34.36939766255644 0
    endloop
  endfacet
  facet normal 0.6715589548470124 -0.7409511253549645 -3.855239771658118e-17
    outer loop
      vertex 23.578033579181778 33.615052266813684 0
      vertex 23.214466094067262 33.28553390593274 0.25
      vertex 23.214466094067262 33.28553390593274 0
    endloop
  endfacet
  facet normal 0.5956993044924438 -0.8032075314806373 1.959395197483924e-17
    outer loop
      vertex 23.972148834901986 33.90734806151273 0
      vertex 23.578033579181778 33.615052266813684 0.25
      vertex 23.578033579181778 33.615052266813684 0
    endloop
  endfacet
  facet normal 0.5141027441932294 -0.8577286100002673 -1.1442641039709498e-17
    outer loop
      vertex 24.39301631587 34.15960632174178 0
      vertex 23.972148834901986 33.90734806151273 0.25
      vertex 23.972148834901986 33.90734806151273 0
    endloop
  endfacet
  facet normal -0.5141027441932168 0.8577286100002751 0
    outer loop
      vertex 29.106983684129986 25.340393678258224 0
      vertex 29.106983684129986 25.340393678258224 0.25
      vertex 29.527851165098014 25.592651938487272 0.25
    endloop
  endfacet
  facet normal -0.14673047445535878 0.9891765099647813 0
    outer loop
      vertex 27.2400857016478 24.774076366639015 0
      vertex 27.2400857016478 24.774076366639015 0.25
      vertex 27.72545161008064 24.846073597983846 0.25
    endloop
  endfacet
  facet normal -0.04906767432741743 0.9987954562051724 0
    outer loop
      vertex 26.75 24.75 0
      vertex 26.75 24.75 0.25
      vertex 27.2400857016478 24.774076366639015 0.25
    endloop
  endfacet
  facet normal -0.24298017990326795 0.970031253194543 0
    outer loop
      vertex 27.72545161008064 24.846073597983846 0
      vertex 27.72545161008064 24.846073597983846 0.25
      vertex 28.20142338627231 24.965298321338956 0.25
    endloop
  endfacet
  facet normal -0.3368898533922174 0.9415440651830217 0
    outer loop
      vertex 28.20142338627231 24.965298321338956 0
      vertex 28.20142338627231 24.965298321338956 0.25
      vertex 28.66341716182545 25.130602337443566 0.25
    endloop
  endfacet
  facet normal -0.4275550934302827 0.9039892931234431 0
    outer loop
      vertex 28.66341716182545 25.130602337443566 0
      vertex 28.66341716182545 25.130602337443566 0.25
      vertex 29.106983684129986 25.340393678258224 0.25
    endloop
  endfacet
  facet normal 0.04906767432741602 0.9987954562051725 0
    outer loop
      vertex 26.259914298352186 24.774076366639015 0
      vertex 26.259914298352186 24.774076366639015 0.25
      vertex 26.75 24.75 0.25
    endloop
  endfacet
  facet normal 0.14673047445535878 0.9891765099647813 0
    outer loop
      vertex 25.774548389919346 24.846073597983846 0
      vertex 25.774548389919346 24.846073597983846 0.25
      vertex 26.259914298352186 24.774076366639015 0.25
    endloop
  endfacet
  facet normal 0.24298017990326795 0.970031253194543 0
    outer loop
      vertex 25.298576613727676 24.965298321338956 0
      vertex 25.298576613727676 24.965298321338956 0.25
      vertex 25.774548389919346 24.846073597983846 0.25
    endloop
  endfacet
  facet normal 0.33688985339223576 0.9415440651830151 0
    outer loop
      vertex 24.836582838174564 25.130602337443566 0
      vertex 24.836582838174564 25.130602337443566 0.25
      vertex 25.298576613727676 24.965298321338956 0.25
    endloop
  endfacet
  facet normal 0.4275550934302602 0.9039892931234537 0
    outer loop
      vertex 24.39301631587 25.340393678258224 0
      vertex 24.39301631587 25.340393678258224 0.25
      vertex 24.836582838174564 25.130602337443566 0.25
    endloop
  endfacet
  facet normal -0.5956993044924438 0.8032075314806373 0
    outer loop
      vertex 29.527851165098014 25.592651938487272 0
      vertex 29.527851165098014 25.592651938487272 0.25
      vertex 29.921966420818222 25.884947733186316 0.25
    endloop
  endfacet
  facet normal -0.6715589548470124 0.7409511253549645 0
    outer loop
      vertex 29.921966420818222 25.884947733186316 0
      vertex 29.921966420818222 25.884947733186316 0.25
      vertex 30.285533905932738 26.214466094067262 0.25
    endloop
  endfacet
  facet normal -0.7409511253549508 0.6715589548470277 0
    outer loop
      vertex 30.285533905932738 26.214466094067262 0
      vertex 30.285533905932738 26.214466094067262 0.25
      vertex 30.61505226681369 26.57803357918177 0.25
    endloop
  endfacet
  facet normal -0.8032075314806588 0.5956993044924147 0
    outer loop
      vertex 30.61505226681369 26.57803357918177 0
      vertex 30.61505226681369 26.57803357918177 0.25
      vertex 30.90734806151272 26.97214883490199 0.25
    endloop
  endfacet
  facet normal -0.8577286100002649 0.5141027441932338 0
    outer loop
      vertex 30.90734806151272 26.97214883490199 0
      vertex 30.90734806151272 26.97214883490199 0.25
      vertex 31.159606321741776 27.39301631587001 0.25
    endloop
  endfacet
  facet normal -0.9039892931234416 0.42755509343028575 0
    outer loop
      vertex 31.159606321741776 27.39301631587001 0
      vertex 31.159606321741776 27.39301631587001 0.25
      vertex 31.369397662556437 27.83658283817455 0.25
    endloop
  endfacet
  facet normal -0.9415440651830287 0.3368898533921981 0
    outer loop
      vertex 31.369397662556437 27.83658283817455 0
      vertex 31.369397662556437 27.83658283817455 0.25
      vertex 31.534701678661037 28.29857661372769 0.25
    endloop
  endfacet
  facet normal -0.9700312531945395 0.24298017990328158 0
    outer loop
      vertex 31.534701678661037 28.29857661372769 0
      vertex 31.534701678661037 28.29857661372769 0.25
      vertex 31.653926402016154 28.77454838991936 0.25
    endloop
  endfacet
  facet normal -0.9891765099647791 0.14673047445537402 0
    outer loop
      vertex 31.653926402016154 28.77454838991936 0
      vertex 31.653926402016154 28.77454838991936 0.25
      vertex 31.725923633360992 29.259914298352196 0.25
    endloop
  endfacet
  facet normal -0.9987954562051731 0.04906767432740263 0
    outer loop
      vertex 31.725923633360992 29.259914298352196 0
      vertex 31.725923633360992 29.259914298352196 0.25
      vertex 31.75 29.75 0.25
    endloop
  endfacet
  facet normal -0.9987954562051731 -0.04906767432740263 0
    outer loop
      vertex 31.75 29.75 0
      vertex 31.75 29.75 0.25
      vertex 31.725923633360992 30.240085701647804 0.25
    endloop
  endfacet
  facet normal -0.9891765099647791 -0.14673047445537402 0
    outer loop
      vertex 31.725923633360992 30.240085701647804 0
      vertex 31.725923633360992 30.240085701647804 0.25
      vertex 31.653926402016154 30.72545161008064 0.25
    endloop
  endfacet
  facet normal 0.5141027441932294 0.8577286100002673 0
    outer loop
      vertex 23.972148834901986 25.592651938487272 0
      vertex 23.972148834901986 25.592651938487272 0.25
      vertex 24.39301631587 25.340393678258224 0.25
    endloop
  endfacet
  facet normal 0.5956993044924438 0.8032075314806373 0
    outer loop
      vertex 23.578033579181778 25.884947733186316 0
      vertex 23.578033579181778 25.884947733186316 0.25
      vertex 23.972148834901986 25.592651938487272 0.25
    endloop
  endfacet
  facet normal 0.6715589548470124 0.7409511253549645 0
    outer loop
      vertex 23.214466094067262 26.214466094067262 0
      vertex 23.214466094067262 26.214466094067262 0.25
      vertex 23.578033579181778 25.884947733186316 0.25
    endloop
  endfacet
  facet normal 0.7409511253549652 0.6715589548470118 0
    outer loop
      vertex 22.884947733186323 26.57803357918177 0
      vertex 22.884947733186323 26.57803357918177 0.25
      vertex 23.214466094067262 26.214466094067262 0.25
    endloop
  endfacet
  facet normal 0.8032075314806448 0.5956993044924334 0
    outer loop
      vertex 22.59265193848728 26.97214883490199 0
      vertex 22.59265193848728 26.97214883490199 0.25
      vertex 22.884947733186323 26.57803357918177 0.25
    endloop
  endfacet
  facet normal 0.8577286100002776 0.5141027441932124 0
    outer loop
      vertex 22.340393678258238 27.39301631587001 0
      vertex 22.340393678258238 27.39301631587001 0.25
      vertex 22.59265193848728 26.97214883490199 0.25
    endloop
  endfacet
  facet normal 0.9039892931234416 0.42755509343028575 0
    outer loop
      vertex 22.130602337443577 27.83658283817455 0
      vertex 22.130602337443577 27.83658283817455 0.25
      vertex 22.340393678258238 27.39301631587001 0.25
    endloop
  endfacet
  facet normal 0.9415440651830195 0.3368898533922238 0
    outer loop
      vertex 21.965298321338963 28.29857661372769 0
      vertex 21.965298321338963 28.29857661372769 0.25
      vertex 22.130602337443577 27.83658283817455 0.25
    endloop
  endfacet
  facet normal 0.9700312531945463 0.24298017990325432 0
    outer loop
      vertex 21.84607359798386 28.77454838991936 0
      vertex 21.84607359798386 28.77454838991936 0.25
      vertex 21.965298321338963 28.29857661372769 0.25
    endloop
  endfacet
  facet normal 0.989176509964775 0.14673047445540235 0
    outer loop
      vertex 21.774076366639008 29.259914298352196 0
      vertex 21.774076366639008 29.259914298352196 0.25
      vertex 21.84607359798386 28.77454838991936 0.25
    endloop
  endfacet
  facet normal 0.9987954562051731 -0.04906767432740263 0
    outer loop
      vertex 21.774076366639008 30.240085701647804 0
      vertex 21.774076366639008 30.240085701647804 0.25
      vertex 21.75 29.75 0.25
    endloop
  endfacet
  facet normal 0.9987954562051731 0.04906767432740263 0
    outer loop
      vertex 21.75 29.75 0
      vertex 21.75 29.75 0.25
      vertex 21.774076366639008 29.259914298352196 0.25
    endloop
  endfacet
  facet normal -0.9700312531945395 -0.24298017990328158 0
    outer loop
      vertex 31.653926402016154 30.72545161008064 0
      vertex 31.653926402016154 30.72545161008064 0.25
      vertex 31.534701678661037 31.20142338627231 0.25
    endloop
  endfacet
  facet normal -0.9415440651830287 -0.3368898533921981 0
    outer loop
      vertex 31.534701678661037 31.20142338627231 0
      vertex 31.534701678661037 31.20142338627231 0.25
      vertex 31.369397662556437 31.66341716182545 0.25
    endloop
  endfacet
  facet normal -0.9039892931234403 -0.4275550934302886 0
    outer loop
      vertex 31.369397662556437 31.66341716182545 0
      vertex 31.369397662556437 31.66341716182545 0.25
      vertex 31.159606321741776 32.106983684129986 0.25
    endloop
  endfacet
  facet normal -0.8577286100002687 -0.5141027441932274 0
    outer loop
      vertex 31.159606321741776 32.106983684129986 0
      vertex 31.159606321741776 32.106983684129986 0.25
      vertex 30.90734806151272 32.527851165098014 0.25
    endloop
  endfacet
  facet normal -0.8032075314806562 -0.5956993044924181 0
    outer loop
      vertex 30.90734806151272 32.527851165098014 0
      vertex 30.90734806151272 32.527851165098014 0.25
      vertex 30.61505226681369 32.92196642081823 0.25
    endloop
  endfacet
  facet normal -0.7409511253549508 -0.6715589548470277 0
    outer loop
      vertex 30.61505226681369 32.92196642081823 0
      vertex 30.61505226681369 32.92196642081823 0.25
      vertex 30.285533905932738 33.28553390593274 0.25
    endloop
  endfacet
  facet normal -0.6715589548470124 -0.7409511253549645 0
    outer loop
      vertex 30.285533905932738 33.28553390593274 0
      vertex 30.285533905932738 33.28553390593274 0.25
      vertex 29.921966420818222 33.615052266813684 0.25
    endloop
  endfacet
  facet normal -0.5956993044924438 -0.8032075314806373 0
    outer loop
      vertex 29.921966420818222 33.615052266813684 0
      vertex 29.921966420818222 33.615052266813684 0.25
      vertex 29.527851165098014 33.90734806151273 0.25
    endloop
  endfacet
  facet normal -0.5141027441932168 -0.8577286100002751 0
    outer loop
      vertex 29.527851165098014 33.90734806151273 0
      vertex 29.527851165098014 33.90734806151273 0.25
      vertex 29.106983684129986 34.15960632174178 0.25
    endloop
  endfacet
  facet normal 0.989176509964775 -0.14673047445540235 0
    outer loop
      vertex 21.84607359798386 30.72545161008064 0
      vertex 21.84607359798386 30.72545161008064 0.25
      vertex 21.774076366639008 30.240085701647804 0.25
    endloop
  endfacet
  facet normal 0.9700312531945463 -0.24298017990325432 0
    outer loop
      vertex 21.965298321338963 31.20142338627231 0
      vertex 21.965298321338963 31.20142338627231 0.25
      vertex 21.84607359798386 30.72545161008064 0.25
    endloop
  endfacet
  facet normal 0.9415440651830195 -0.3368898533922238 0
    outer loop
      vertex 22.130602337443577 31.66341716182545 0
      vertex 22.130602337443577 31.66341716182545 0.25
      vertex 21.965298321338963 31.20142338627231 0.25
    endloop
  endfacet
  facet normal 0.9039892931234403 -0.4275550934302886 0
    outer loop
      vertex 22.340393678258238 32.106983684129986 0
      vertex 22.340393678258238 32.106983684129986 0.25
      vertex 22.130602337443577 31.66341716182545 0.25
    endloop
  endfacet
  facet normal 0.8577286100002814 -0.514102744193206 0
    outer loop
      vertex 22.59265193848728 32.527851165098014 0
      vertex 22.59265193848728 32.527851165098014 0.25
      vertex 22.340393678258238 32.106983684129986 0.25
    endloop
  endfacet
  facet normal 0.8032075314806424 -0.5956993044924368 0
    outer loop
      vertex 22.884947733186323 32.92196642081823 0
      vertex 22.884947733186323 32.92196642081823 0.25
      vertex 22.59265193848728 32.527851165098014 0.25
    endloop
  endfacet
  facet normal -0.4275550934302886 -0.9039892931234403 0
    outer loop
      vertex 29.106983684129986 34.15960632174178 0
      vertex 29.106983684129986 34.15960632174178 0.25
      vertex 28.66341716182545 34.36939766255644 0.25
    endloop
  endfacet
  facet normal 0.5141027441932294 -0.8577286100002673 0
    outer loop
      vertex 24.39301631587 34.15960632174178 0
      vertex 24.39301631587 34.15960632174178 0.25
      vertex 23.972148834901986 33.90734806151273 0.25
    endloop
  endfacet
  facet normal 0.42755509343026615 -0.9039892931234509 0
    outer loop
      vertex 24.836582838174564 34.36939766255644 0
      vertex 24.836582838174564 34.36939766255644 0.25
      vertex 24.39301631587 34.15960632174178 0.25
    endloop
  endfacet
  facet normal -0.336889853392211 -0.941544065183024 0
    outer loop
      vertex 28.66341716182545 34.36939766255644 0
      vertex 28.66341716182545 34.36939766255644 0.25
      vertex 28.20142338627231 34.534701678661044 0.25
    endloop
  endfacet
  facet normal -0.24298017990326795 -0.970031253194543 0
    outer loop
      vertex 28.20142338627231 34.534701678661044 0
      vertex 28.20142338627231 34.534701678661044 0.25
      vertex 27.72545161008064 34.653926402016154 0.25
    endloop
  endfacet
  facet normal -0.14673047445535878 -0.9891765099647813 0
    outer loop
      vertex 27.72545161008064 34.653926402016154 0
      vertex 27.72545161008064 34.653926402016154 0.25
      vertex 27.2400857016478 34.725923633360985 0.25
    endloop
  endfacet
  facet normal -0.04906767432741743 -0.9987954562051724 0
    outer loop
      vertex 27.2400857016478 34.725923633360985 0
      vertex 27.2400857016478 34.725923633360985 0.25
      vertex 26.75 34.75 0.25
    endloop
  endfacet
  facet normal 0.24298017990326795 -0.970031253194543 0
    outer loop
      vertex 25.774548389919346 34.653926402016154 0
      vertex 25.774548389919346 34.653926402016154 0.25
      vertex 25.298576613727676 34.534701678661044 0.25
    endloop
  endfacet
  facet normal 0.04906767432741602 -0.9987954562051725 0
    outer loop
      vertex 26.75 34.75 0
      vertex 26.75 34.75 0.25
      vertex 26.259914298352186 34.725923633360985 0.25
    endloop
  endfacet
  facet normal 0.14673047445535878 -0.9891765099647813 0
    outer loop
      vertex 26.259914298352186 34.725923633360985 0
      vertex 26.259914298352186 34.725923633360985 0.25
      vertex 25.774548389919346 34.653926402016154 0.25
    endloop
  endfacet
  facet normal 0.3368898533922294 -0.9415440651830175 0
    outer loop
      vertex 25.298576613727676 34.534701678661044 0
      vertex 25.298576613727676 34.534701678661044 0.25
      vertex 24.836582838174564 34.36939766255644 0.25
    endloop
  endfacet
  facet normal 0.7409511253549652 -0.6715589548470118 0
    outer loop
      vertex 23.214466094067262 33.28553390593274 0
      vertex 23.214466094067262 33.28553390593274 0.25
      vertex 22.884947733186323 32.92196642081823 0.25
    endloop
  endfacet
  facet normal 0.6715589548470124 -0.7409511253549645 0
    outer loop
      vertex 23.578033579181778 33.615052266813684 0
      vertex 23.578033579181778 33.615052266813684 0.25
      vertex 23.214466094067262 33.28553390593274 0.25
    endloop
  endfacet
  facet normal 0.5956993044924438 -0.8032075314806373 0
    outer loop
      vertex 23.972148834901986 33.90734806151273 0
      vertex 23.972148834901986 33.90734806151273 0.25
      vertex 23.578033579181778 33.615052266813684 0.25
    endloop
  endfacet
  facet normal -0.5141027441932097 0.8577286100002793 1.921285936630955e-17
    outer loop
      vertex 14.535586947303983 4.272314942606579 0
      vertex 14.87228093207841 4.4741215507898175 0.25
      vertex 14.87228093207841 4.4741215507898175 0
    endloop
  endfacet
  facet normal -0.595699304492442 0.8032075314806385 -4.293296136387794e-17
    outer loop
      vertex 14.87228093207841 4.4741215507898175 0
      vertex 15.187573136654578 4.707958186549051 0.25
      vertex 15.187573136654578 4.707958186549051 0
    endloop
  endfacet
  facet normal -0.671558954847013 0.7409511253549641 5.4835930965447284e-17
    outer loop
      vertex 15.187573136654578 4.707958186549051 0
      vertex 15.47842712474619 4.971572875253809 0.25
      vertex 15.47842712474619 4.971572875253809 0
    endloop
  endfacet
  facet normal -0.04906767432741788 0.9987954562051724 -3.2042638924007625e-18
    outer loop
      vertex 12.650000000000006 3.799999999999999 0
      vertex 13.042068561318246 3.819261093311211 0.25
      vertex 13.042068561318246 3.819261093311211 0
    endloop
  endfacet
  facet normal 0.04906767432741788 0.9987954562051724 3.2042638924007625e-18
    outer loop
      vertex 12.257931438681766 3.819261093311211 0
      vertex 12.650000000000006 3.799999999999999 0.25
      vertex 12.650000000000006 3.799999999999999 0
    endloop
  endfacet
  facet normal -0.3368898533922136 0.9415440651830231 1.137027537352201e-18
    outer loop
      vertex 13.811138709017854 3.9722386570711636 0
      vertex 14.180733729460371 4.104481869954852 0.25
      vertex 14.180733729460371 4.104481869954852 0
    endloop
  endfacet
  facet normal -0.24298017990326415 0.970031253194544 1.585495783505979e-17
    outer loop
      vertex 13.430361288064518 3.876858878387077 0
      vertex 13.811138709017854 3.9722386570711636 0.25
      vertex 13.811138709017854 3.9722386570711636 0
    endloop
  endfacet
  facet normal -0.1467304744553619 0.9891765099647809 1.17161978510529e-17
    outer loop
      vertex 13.042068561318246 3.819261093311211 0
      vertex 13.430361288064518 3.876858878387077 0.25
      vertex 13.430361288064518 3.876858878387077 0
    endloop
  endfacet
  facet normal -0.427555093430302 0.9039892931234339 -1.1673996903338648e-17
    outer loop
      vertex 14.180733729460371 4.104481869954852 0
      vertex 14.535586947303983 4.272314942606579 0.25
      vertex 14.535586947303983 4.272314942606579 0
    endloop
  endfacet
  facet normal 0.1467304744553619 0.9891765099647809 -1.17161978510529e-17
    outer loop
      vertex 11.869638711935494 3.876858878387077 0
      vertex 12.257931438681766 3.819261093311211 0.25
      vertex 12.257931438681766 3.819261093311211 0
    endloop
  endfacet
  facet normal 0.24298017990326415 0.970031253194544 -1.585495783505979e-17
    outer loop
      vertex 11.488861290982157 3.9722386570711636 0
      vertex 11.869638711935494 3.876858878387077 0.25
      vertex 11.869638711935494 3.876858878387077 0
    endloop
  endfacet
  facet normal 0.3368898533922136 0.9415440651830231 -1.137027537352201e-18
    outer loop
      vertex 11.11926627053964 4.104481869954852 0
      vertex 11.488861290982157 3.9722386570711636 0.25
      vertex 11.488861290982157 3.9722386570711636 0
    endloop
  endfacet
  facet normal 0.427555093430302 0.9039892931234339 1.1673996903338648e-17
    outer loop
      vertex 10.764413052696028 4.272314942606579 0
      vertex 11.11926627053964 4.104481869954852 0.25
      vertex 11.11926627053964 4.104481869954852 0
    endloop
  endfacet
  facet normal 0.5141027441932097 0.8577286100002793 -1.921285936630955e-17
    outer loop
      vertex 10.4277190679216 4.4741215507898175 0
      vertex 10.764413052696028 4.272314942606579 0.25
      vertex 10.764413052696028 4.272314942606579 0
    endloop
  endfacet
  facet normal 0.595699304492442 0.8032075314806385 4.293296136387794e-17
    outer loop
      vertex 10.112426863345434 4.707958186549051 0
      vertex 10.4277190679216 4.4741215507898175 0.25
      vertex 10.4277190679216 4.4741215507898175 0
    endloop
  endfacet
  facet normal 0.671558954847013 0.7409511253549641 -5.4835930965447284e-17
    outer loop
      vertex 9.821572875253821 4.971572875253809 0
      vertex 10.112426863345434 4.707958186549051 0.25
      vertex 10.112426863345434 4.707958186549051 0
    endloop
  endfacet
  facet normal 0.7409511253549522 0.6715589548470261 3.973787779543845e-17
    outer loop
      vertex 9.557958186549058 5.262426863345417 0
      vertex 9.821572875253821 4.971572875253809 0.25
      vertex 9.821572875253821 4.971572875253809 0
    endloop
  endfacet
  facet normal -0.8032075314806291 0.5956993044924549 -6.0762955337526315e-18
    outer loop
      vertex 15.742041813450953 5.262426863345417 0
      vertex 15.9758784492102 5.57771906792159 0.25
      vertex 15.9758784492102 5.57771906792159 0
    endloop
  endfacet
  facet normal -0.7409511253549522 0.6715589548470261 -3.973787779543845e-17
    outer loop
      vertex 15.47842712474619 4.971572875253809 0
      vertex 15.742041813450953 5.262426863345417 0.25
      vertex 15.742041813450953 5.262426863345417 0
    endloop
  endfacet
  facet normal -0.8577286100002787 0.5141027441932107 -3.202769586311103e-17
    outer loop
      vertex 15.9758784492102 5.57771906792159 0
      vertex 16.177685057393433 5.914413052696008 0.25
      vertex 16.177685057393433 5.914413052696008 0
    endloop
  endfacet
  facet normal -0.9039892931234528 0.4275550934302625 -1.276275887786255e-17
    outer loop
      vertex 16.177685057393433 5.914413052696008 0
      vertex 16.34551813004515 6.26926627053964 0.25
      vertex 16.34551813004515 6.26926627053964 0
    endloop
  endfacet
  facet normal -0.9415440651830282 0.3368898533921993 -3.412305977359648e-17
    outer loop
      vertex 16.34551813004515 6.26926627053964 0
      vertex 16.47776134292883 6.63886129098215 0.25
      vertex 16.47776134292883 6.63886129098215 0
    endloop
  endfacet
  facet normal -0.9700312531945326 0.24298017990330883 -1.739819354654569e-17
    outer loop
      vertex 16.47776134292883 6.63886129098215 0
      vertex 16.573141121612935 7.019638711935486 0.25
      vertex 16.573141121612935 7.019638711935486 0
    endloop
  endfacet
  facet normal -0.9891765099647792 0.14673047445537363 -5.090089362933632e-18
    outer loop
      vertex 16.573141121612935 7.019638711935486 0
      vertex 16.630738906688805 7.407931438681756 0.25
      vertex 16.630738906688805 7.407931438681756 0
    endloop
  endfacet
  facet normal -0.9987954562051738 0.049067674327388205 -3.616219405306328e-18
    outer loop
      vertex 16.630738906688805 7.407931438681756 0
      vertex 16.650000000000006 7.799999999999999 0.25
      vertex 16.650000000000006 7.799999999999999 0
    endloop
  endfacet
  facet normal -1 0 0
    outer loop
      vertex 16.650000000000006 7.799999999999999 0
      vertex 16.650000000000006 8.799999999999999 0.25
      vertex 16.650000000000006 8.799999999999999 0
    endloop
  endfacet
  facet normal -0.9987954562051738 -0.049067674327388316 1.1711540520145717e-18
    outer loop
      vertex 16.650000000000006 8.799999999999999 0
      vertex 16.630738906688805 9.19206856131824 0.25
      vertex 16.630738906688805 9.19206856131824 0
    endloop
  endfacet
  facet normal -0.9891765099647793 -0.146730474455373 -1.2235551911888637e-17
    outer loop
      vertex 16.630738906688805 9.19206856131824 0
      vertex 16.573141121612935 9.580361288064513 0.25
      vertex 16.573141121612935 9.580361288064513 0
    endloop
  endfacet
  facet normal -0.9700312531945326 -0.24298017990330883 1.739819354654569e-17
    outer loop
      vertex 16.573141121612935 9.580361288064513 0
      vertex 16.47776134292883 9.961138709017849 0.25
      vertex 16.47776134292883 9.961138709017849 0
    endloop
  endfacet
  facet normal 0.8032075314806291 0.5956993044924549 6.0762955337526315e-18
    outer loop
      vertex 9.324121550789812 5.57771906792159 0
      vertex 9.557958186549058 5.262426863345417 0.25
      vertex 9.557958186549058 5.262426863345417 0
    endloop
  endfacet
  facet normal 0.8577286100002787 0.5141027441932107 3.202769586311103e-17
    outer loop
      vertex 9.122314942606579 5.914413052696008 0
      vertex 9.324121550789812 5.57771906792159 0.25
      vertex 9.324121550789812 5.57771906792159 0
    endloop
  endfacet
  facet normal 0.9039892931234528 0.4275550934302625 1.276275887786255e-17
    outer loop
      vertex 8.954481869954861 6.26926627053964 0
      vertex 9.122314942606579 5.914413052696008 0.25
      vertex 9.122314942606579 5.914413052696008 0
    endloop
  endfacet
  facet normal 0.9415440651830282 0.3368898533921993 3.412305977359648e-17
    outer loop
      vertex 8.822238657071182 6.63886129098215 0
      vertex 8.954481869954861 6.26926627053964 0.25
      vertex 8.954481869954861 6.26926627053964 0
    endloop
  endfacet
  facet normal 0.9700312531945326 0.24298017990330883 1.739819354654569e-17
    outer loop
      vertex 8.726858878387077 7.019638711935486 0
      vertex 8.822238657071182 6.63886129098215 0.25
      vertex 8.822238657071182 6.63886129098215 0
    endloop
  endfacet
  facet normal 0.9891765099647792 0.14673047445537363 5.090089362933632e-18
    outer loop
      vertex 8.669261093311206 7.407931438681756 0
      vertex 8.726858878387077 7.019638711935486 0.25
      vertex 8.726858878387077 7.019638711935486 0
    endloop
  endfacet
  facet normal 0.9987954562051738 0.049067674327388205 3.616219405306328e-18
    outer loop
      vertex 8.650000000000006 7.799999999999999 0
      vertex 8.669261093311206 7.407931438681756 0.25
      vertex 8.669261093311206 7.407931438681756 0
    endloop
  endfacet
  facet normal 1 0 0
    outer loop
      vertex 8.650000000000006 8.799999999999999 0
      vertex 8.650000000000006 7.799999999999999 0.25
      vertex 8.650000000000006 7.799999999999999 0
    endloop
  endfacet
  facet normal 0.9987954562051738 -0.049067674327388316 -1.1711540520145717e-18
    outer loop
      vertex 8.669261093311206 9.19206856131824 0
      vertex 8.650000000000006 8.799999999999999 0.25
      vertex 8.650000000000006 8.799999999999999 0
    endloop
  endfacet
  facet normal 0.9891765099647793 -0.146730474455373 1.2235551911888637e-17
    outer loop
      vertex 8.726858878387077 9.580361288064513 0
      vertex 8.669261093311206 9.19206856131824 0.25
      vertex 8.669261093311206 9.19206856131824 0
    endloop
  endfacet
  facet normal 0.9700312531945326 -0.24298017990330883 -1.739819354654569e-17
    outer loop
      vertex 8.822238657071182 9.961138709017849 0
      vertex 8.726858878387077 9.580361288064513 0.25
      vertex 8.726858878387077 9.580361288064513 0
    endloop
  endfacet
  facet normal 0.9415440651830282 -0.3368898533921993 -3.412305977359648e-17
    outer loop
      vertex 8.954481869954861 10.33073372946036 0
      vertex 8.822238657071182 9.961138709017849 0.25
      vertex 8.822238657071182 9.961138709017849 0
    endloop
  endfacet
  facet normal -0.9415440651830282 -0.3368898533921993 3.412305977359648e-17
    outer loop
      vertex 16.47776134292883 9.961138709017849 0
      vertex 16.34551813004515 10.33073372946036 0.25
      vertex 16.34551813004515 10.33073372946036 0
    endloop
  endfacet
  facet normal -0.9039892931234518 -0.42755509343026415 1.0306850901001706e-17
    outer loop
      vertex 16.34551813004515 10.33073372946036 0
      vertex 16.177685057393433 10.685586947303989 0.25
      vertex 16.177685057393433 10.685586947303989 0
    endloop
  endfacet
  facet normal -0.8577286100002793 -0.5141027441932097 4.3959860739604336e-17
    outer loop
      vertex 16.177685057393433 10.685586947303989 0
      vertex 15.9758784492102 11.022280932078408 0.25
      vertex 15.9758784492102 11.022280932078408 0
    endloop
  endfacet
  facet normal -0.8032075314806283 -0.595699304492456 1.2038055785023135e-18
    outer loop
      vertex 15.9758784492102 11.022280932078408 0
      vertex 15.742041813450953 11.33757313665458 0.25
      vertex 15.742041813450953 11.33757313665458 0
    endloop
  endfacet
  facet normal -0.7409511253549531 -0.6715589548470249 5.793229126401368e-17
    outer loop
      vertex 15.742041813450953 11.33757313665458 0
      vertex 15.47842712474619 11.628427124746189 0.25
      vertex 15.47842712474619 11.628427124746189 0
    endloop
  endfacet
  facet normal -0.671558954847013 -0.7409511253549641 -5.4835930965447284e-17
    outer loop
      vertex 15.47842712474619 11.628427124746189 0
      vertex 15.187573136654578 11.892041813450946 0.25
      vertex 15.187573136654578 11.892041813450946 0
    endloop
  endfacet
  facet normal -0.595699304492442 -0.8032075314806385 4.293296136387794e-17
    outer loop
      vertex 15.187573136654578 11.892041813450946 0
      vertex 14.87228093207841 12.12587844921018 0.25
      vertex 14.87228093207841 12.12587844921018 0
    endloop
  endfacet
  facet normal -0.5141027441932097 -0.8577286100002793 -1.921285936630955e-17
    outer loop
      vertex 14.87228093207841 12.12587844921018 0
      vertex 14.535586947303983 12.327685057393419 0.25
      vertex 14.535586947303983 12.327685057393419 0
    endloop
  endfacet
  facet normal -0.4275550934303002 -0.9039892931234348 -2.925059739361427e-17
    outer loop
      vertex 14.535586947303983 12.327685057393419 0
      vertex 14.180733729460371 12.495518130045145 0.25
      vertex 14.180733729460371 12.495518130045145 0
    endloop
  endfacet
  facet normal -0.3368898533922176 -0.9415440651830217 2.5991612003221378e-17
    outer loop
      vertex 14.180733729460371 12.495518130045145 0
      vertex 13.811138709017854 12.627761342928835 0.25
      vertex 13.811138709017854 12.627761342928835 0
    endloop
  endfacet
  facet normal -0.242980179903262 -0.9700312531945445 -3.4273532960196454e-17
    outer loop
      vertex 13.811138709017854 12.627761342928835 0
      vertex 13.430361288064518 12.72314112161292 0.25
      vertex 13.430361288064518 12.72314112161292 0
    endloop
  endfacet
  facet normal 0.671558954847013 -0.7409511253549641 5.4835930965447284e-17
    outer loop
      vertex 10.112426863345434 11.892041813450946 0
      vertex 9.821572875253821 11.628427124746189 0.25
      vertex 9.821572875253821 11.628427124746189 0
    endloop
  endfacet
  facet normal 0.595699304492442 -0.8032075314806385 -4.293296136387794e-17
    outer loop
      vertex 10.4277190679216 12.12587844921018 0
      vertex 10.112426863345434 11.892041813450946 0.25
      vertex 10.112426863345434 11.892041813450946 0
    endloop
  endfacet
  facet normal 0.4275550934303002 -0.9039892931234348 2.925059739361427e-17
    outer loop
      vertex 11.11926627053964 12.495518130045145 0
      vertex 10.764413052696028 12.327685057393419 0.25
      vertex 10.764413052696028 12.327685057393419 0
    endloop
  endfacet
  facet normal 0.242980179903262 -0.9700312531945445 3.4273532960196454e-17
    outer loop
      vertex 11.869638711935494 12.72314112161292 0
      vertex 11.488861290982157 12.627761342928835 0.25
      vertex 11.488861290982157 12.627761342928835 0
    endloop
  endfacet
  facet normal 0.3368898533922176 -0.9415440651830217 -2.5991612003221378e-17
    outer loop
      vertex 11.488861290982157 12.627761342928835 0
      vertex 11.11926627053964 12.495518130045145 0.25
      vertex 11.11926627053964 12.495518130045145 0
    endloop
  endfacet
  facet normal 0.5141027441932097 -0.8577286100002793 1.921285936630955e-17
    outer loop
      vertex 10.764413052696028 12.327685057393419 0
      vertex 10.4277190679216 12.12587844921018 0.25
      vertex 10.4277190679216 12.12587844921018 0
    endloop
  endfacet
  facet normal -0.1467304744553597 -0.9891765099647813 2.5291500109647553e-18
    outer loop
      vertex 13.430361288064518 12.72314112161292 0
      vertex 13.042068561318246 12.780738906688786 0.25
      vertex 13.042068561318246 12.780738906688786 0
    endloop
  endfacet
  facet normal -0.04906767432742014 -0.9987954562051723 -1.022330072685915e-18
    outer loop
      vertex 13.042068561318246 12.780738906688786 0
      vertex 12.650000000000006 12.799999999999999 0.25
      vertex 12.650000000000006 12.799999999999999 0
    endloop
  endfacet
  facet normal 0.04906767432742014 -0.9987954562051723 1.022330072685915e-18
    outer loop
      vertex 12.650000000000006 12.799999999999999 0
      vertex 12.257931438681766 12.780738906688786 0.25
      vertex 12.257931438681766 12.780738906688786 0
    endloop
  endfacet
  facet normal 0.1467304744553597 -0.9891765099647813 -2.5291500109647553e-18
    outer loop
      vertex 12.257931438681766 12.780738906688786 0
      vertex 11.869638711935494 12.72314112161292 0.25
      vertex 11.869638711935494 12.72314112161292 0
    endloop
  endfacet
  facet normal 0.9039892931234518 -0.42755509343026415 -1.0306850901001706e-17
    outer loop
      vertex 9.122314942606579 10.685586947303989 0
      vertex 8.954481869954861 10.33073372946036 0.25
      vertex 8.954481869954861 10.33073372946036 0
    endloop
  endfacet
  facet normal 0.8577286100002793 -0.5141027441932097 -4.3959860739604336e-17
    outer loop
      vertex 9.324121550789812 11.022280932078408 0
      vertex 9.122314942606579 10.685586947303989 0.25
      vertex 9.122314942606579 10.685586947303989 0
    endloop
  endfacet
  facet normal 0.8032075314806283 -0.595699304492456 -1.2038055785023135e-18
    outer loop
      vertex 9.557958186549058 11.33757313665458 0
      vertex 9.324121550789812 11.022280932078408 0.25
      vertex 9.324121550789812 11.022280932078408 0
    endloop
  endfacet
  facet normal 0.7409511253549531 -0.6715589548470249 -5.793229126401368e-17
    outer loop
      vertex 9.821572875253821 11.628427124746189 0
      vertex 9.557958186549058 11.33757313665458 0.25
      vertex 9.557958186549058 11.33757313665458 0
    endloop
  endfacet
  facet normal -0.5141027441932097 0.8577286100002793 0
    outer loop
      vertex 14.535586947303983 4.272314942606579 0
      vertex 14.535586947303983 4.272314942606579 0.25
      vertex 14.87228093207841 4.4741215507898175 0.25
    endloop
  endfacet
  facet normal -0.595699304492442 0.8032075314806385 0
    outer loop
      vertex 14.87228093207841 4.4741215507898175 0
      vertex 14.87228093207841 4.4741215507898175 0.25
      vertex 15.187573136654578 4.707958186549051 0.25
    endloop
  endfacet
  facet normal -0.671558954847013 0.7409511253549641 0
    outer loop
      vertex 15.187573136654578 4.707958186549051 0
      vertex 15.187573136654578 4.707958186549051 0.25
      vertex 15.47842712474619 4.971572875253809 0.25
    endloop
  endfacet
  facet normal -0.7409511253549522 0.6715589548470261 0
    outer loop
      vertex 15.47842712474619 4.971572875253809 0
      vertex 15.47842712474619 4.971572875253809 0.25
      vertex 15.742041813450953 5.262426863345417 0.25
    endloop
  endfacet
  facet normal -0.04906767432741788 0.9987954562051724 0
    outer loop
      vertex 12.650000000000006 3.799999999999999 0
      vertex 12.650000000000006 3.799999999999999 0.25
      vertex 13.042068561318246 3.819261093311211 0.25
    endloop
  endfacet
  facet normal 0.04906767432741788 0.9987954562051724 0
    outer loop
      vertex 12.257931438681766 3.819261093311211 0
      vertex 12.257931438681766 3.819261093311211 0.25
      vertex 12.650000000000006 3.799999999999999 0.25
    endloop
  endfacet
  facet normal -0.3368898533922136 0.9415440651830231 0
    outer loop
      vertex 13.811138709017854 3.9722386570711636 0
      vertex 13.811138709017854 3.9722386570711636 0.25
      vertex 14.180733729460371 4.104481869954852 0.25
    endloop
  endfacet
  facet normal -0.24298017990326415 0.970031253194544 0
    outer loop
      vertex 13.430361288064518 3.876858878387077 0
      vertex 13.430361288064518 3.876858878387077 0.25
      vertex 13.811138709017854 3.9722386570711636 0.25
    endloop
  endfacet
  facet normal -0.427555093430302 0.9039892931234339 0
    outer loop
      vertex 14.180733729460371 4.104481869954852 0
      vertex 14.180733729460371 4.104481869954852 0.25
      vertex 14.535586947303983 4.272314942606579 0.25
    endloop
  endfacet
  facet normal -0.1467304744553619 0.9891765099647809 0
    outer loop
      vertex 13.042068561318246 3.819261093311211 0
      vertex 13.042068561318246 3.819261093311211 0.25
      vertex 13.430361288064518 3.876858878387077 0.25
    endloop
  endfacet
  facet normal 0.1467304744553619 0.9891765099647809 0
    outer loop
      vertex 11.869638711935494 3.876858878387077 0
      vertex 11.869638711935494 3.876858878387077 0.25
      vertex 12.257931438681766 3.819261093311211 0.25
    endloop
  endfacet
  facet normal 0.24298017990326415 0.970031253194544 0
    outer loop
      vertex 11.488861290982157 3.9722386570711636 0
      vertex 11.488861290982157 3.9722386570711636 0.25
      vertex 11.869638711935494 3.876858878387077 0.25
    endloop
  endfacet
  facet normal 0.3368898533922136 0.9415440651830231 0
    outer loop
      vertex 11.11926627053964 4.104481869954852 0
      vertex 11.11926627053964 4.104481869954852 0.25
      vertex 11.488861290982157 3.9722386570711636 0.25
    endloop
  endfacet
  facet normal 0.427555093430302 0.9039892931234339 0
    outer loop
      vertex 10.764413052696028 4.272314942606579 0
      vertex 10.764413052696028 4.272314942606579 0.25
      vertex 11.11926627053964 4.104481869954852 0.25
    endloop
  endfacet
  facet normal 0.5141027441932097 0.8577286100002793 0
    outer loop
      vertex 10.4277190679216 4.4741215507898175 0
      vertex 10.4277190679216 4.4741215507898175 0.25
      vertex 10.764413052696028 4.272314942606579 0.25
    endloop
  endfacet
  facet normal 0.595699304492442 0.8032075314806385 0
    outer loop
      vertex 10.112426863345434 4.707958186549051 0
      vertex 10.112426863345434 4.707958186549051 0.25
      vertex 10.4277190679216 4.4741215507898175 0.25
    endloop
  endfacet
  facet normal 0.671558954847013 0.7409511253549641 0
    outer loop
      vertex 9.821572875253821 4.971572875253809 0
      vertex 9.821572875253821 4.971572875253809 0.25
      vertex 10.112426863345434 4.707958186549051 0.25
    endloop
  endfacet
  facet normal -0.8032075314806291 0.5956993044924549 0
    outer loop
      vertex 15.742041813450953 5.262426863345417 0
      vertex 15.742041813450953 5.262426863345417 0.25
      vertex 15.9758784492102 5.57771906792159 0.25
    endloop
  endfacet
  facet normal -0.8577286100002787 0.5141027441932107 0
    outer loop
      vertex 15.9758784492102 5.57771906792159 0
      vertex 15.9758784492102 5.57771906792159 0.25
      vertex 16.177685057393433 5.914413052696008 0.25
    endloop
  endfacet
  facet normal -0.9039892931234528 0.4275550934302625 0
    outer loop
      vertex 16.177685057393433 5.914413052696008 0
      vertex 16.177685057393433 5.914413052696008 0.25
      vertex 16.34551813004515 6.26926627053964 0.25
    endloop
  endfacet
  facet normal -0.9415440651830282 0.3368898533921993 0
    outer loop
      vertex 16.34551813004515 6.26926627053964 0
      vertex 16.34551813004515 6.26926627053964 0.25
      vertex 16.47776134292883 6.63886129098215 0.25
    endloop
  endfacet
  facet normal -0.9700312531945326 0.24298017990330883 0
    outer loop
      vertex 16.47776134292883 6.63886129098215 0
      vertex 16.47776134292883 6.63886129098215 0.25
      vertex 16.573141121612935 7.019638711935486 0.25
    endloop
  endfacet
  facet normal -0.9891765099647792 0.14673047445537363 0
    outer loop
      vertex 16.573141121612935 7.019638711935486 0
      vertex 16.573141121612935 7.019638711935486 0.25
      vertex 16.630738906688805 7.407931438681756 0.25
    endloop
  endfacet
  facet normal -0.9987954562051738 0.049067674327388205 0
    outer loop
      vertex 16.630738906688805 7.407931438681756 0
      vertex 16.630738906688805 7.407931438681756 0.25
      vertex 16.650000000000006 7.799999999999999 0.25
    endloop
  endfacet
  facet normal -1 0 0
    outer loop
      vertex 16.650000000000006 7.799999999999999 0
      vertex 16.650000000000006 7.799999999999999 0.25
      vertex 16.650000000000006 8.799999999999999 0.25
    endloop
  endfacet
  facet normal -0.9987954562051738 -0.049067674327388316 0
    outer loop
      vertex 16.650000000000006 8.799999999999999 0
      vertex 16.650000000000006 8.799999999999999 0.25
      vertex 16.630738906688805 9.19206856131824 0.25
    endloop
  endfacet
  facet normal -0.9891765099647793 -0.146730474455373 0
    outer loop
      vertex 16.630738906688805 9.19206856131824 0
      vertex 16.630738906688805 9.19206856131824 0.25
      vertex 16.573141121612935 9.580361288064513 0.25
    endloop
  endfacet
  facet normal -0.9700312531945326 -0.24298017990330883 0
    outer loop
      vertex 16.573141121612935 9.580361288064513 0
      vertex 16.573141121612935 9.580361288064513 0.25
      vertex 16.47776134292883 9.961138709017849 0.25
    endloop
  endfacet
  facet normal -0.9415440651830282 -0.3368898533921993 0
    outer loop
      vertex 16.47776134292883 9.961138709017849 0
      vertex 16.47776134292883 9.961138709017849 0.25
      vertex 16.34551813004515 10.33073372946036 0.25
    endloop
  endfacet
  facet normal 0.7409511253549522 0.6715589548470261 0
    outer loop
      vertex 9.557958186549058 5.262426863345417 0
      vertex 9.557958186549058 5.262426863345417 0.25
      vertex 9.821572875253821 4.971572875253809 0.25
    endloop
  endfacet
  facet normal 0.8032075314806291 0.5956993044924549 0
    outer loop
      vertex 9.324121550789812 5.57771906792159 0
      vertex 9.324121550789812 5.57771906792159 0.25
      vertex 9.557958186549058 5.262426863345417 0.25
    endloop
  endfacet
  facet normal 0.8577286100002787 0.5141027441932107 0
    outer loop
      vertex 9.122314942606579 5.914413052696008 0
      vertex 9.122314942606579 5.914413052696008 0.25
      vertex 9.324121550789812 5.57771906792159 0.25
    endloop
  endfacet
  facet normal 0.9039892931234528 0.4275550934302625 0
    outer loop
      vertex 8.954481869954861 6.26926627053964 0
      vertex 8.954481869954861 6.26926627053964 0.25
      vertex 9.122314942606579 5.914413052696008 0.25
    endloop
  endfacet
  facet normal 0.9415440651830282 0.3368898533921993 0
    outer loop
      vertex 8.822238657071182 6.63886129098215 0
      vertex 8.822238657071182 6.63886129098215 0.25
      vertex 8.954481869954861 6.26926627053964 0.25
    endloop
  endfacet
  facet normal 0.9700312531945326 0.24298017990330883 0
    outer loop
      vertex 8.726858878387077 7.019638711935486 0
      vertex 8.726858878387077 7.019638711935486 0.25
      vertex 8.822238657071182 6.63886129098215 0.25
    endloop
  endfacet
  facet normal 0.9891765099647792 0.14673047445537363 0
    outer loop
      vertex 8.669261093311206 7.407931438681756 0
      vertex 8.669261093311206 7.407931438681756 0.25
      vertex 8.726858878387077 7.019638711935486 0.25
    endloop
  endfacet
  facet normal 0.9987954562051738 0.049067674327388205 0
    outer loop
      vertex 8.650000000000006 7.799999999999999 0
      vertex 8.650000000000006 7.799999999999999 0.25
      vertex 8.669261093311206 7.407931438681756 0.25
    endloop
  endfacet
  facet normal 1 0 0
    outer loop
      vertex 8.650000000000006 8.799999999999999 0
      vertex 8.650000000000006 8.799999999999999 0.25
      vertex 8.650000000000006 7.799999999999999 0.25
    endloop
  endfacet
  facet normal 0.9987954562051738 -0.049067674327388316 0
    outer loop
      vertex 8.669261093311206 9.19206856131824 0
      vertex 8.669261093311206 9.19206856131824 0.25
      vertex 8.650000000000006 8.799999999999999 0.25
    endloop
  endfacet
  facet normal 0.9891765099647793 -0.146730474455373 0
    outer loop
      vertex 8.726858878387077 9.580361288064513 0
      vertex 8.726858878387077 9.580361288064513 0.25
      vertex 8.669261093311206 9.19206856131824 0.25
    endloop
  endfacet
  facet normal 0.9700312531945326 -0.24298017990330883 0
    outer loop
      vertex 8.822238657071182 9.961138709017849 0
      vertex 8.822238657071182 9.961138709017849 0.25
      vertex 8.726858878387077 9.580361288064513 0.25
    endloop
  endfacet
  facet normal -0.9039892931234518 -0.42755509343026415 0
    outer loop
      vertex 16.34551813004515 10.33073372946036 0
      vertex 16.34551813004515 10.33073372946036 0.25
      vertex 16.177685057393433 10.685586947303989 0.25
    endloop
  endfacet
  facet normal -0.8577286100002793 -0.5141027441932097 0
    outer loop
      vertex 16.177685057393433 10.685586947303989 0
      vertex 16.177685057393433 10.685586947303989 0.25
      vertex 15.9758784492102 11.022280932078408 0.25
    endloop
  endfacet
  facet normal -0.8032075314806283 -0.595699304492456 0
    outer loop
      vertex 15.9758784492102 11.022280932078408 0
      vertex 15.9758784492102 11.022280932078408 0.25
      vertex 15.742041813450953 11.33757313665458 0.25
    endloop
  endfacet
  facet normal -0.7409511253549531 -0.6715589548470249 0
    outer loop
      vertex 15.742041813450953 11.33757313665458 0
      vertex 15.742041813450953 11.33757313665458 0.25
      vertex 15.47842712474619 11.628427124746189 0.25
    endloop
  endfacet
  facet normal -0.671558954847013 -0.7409511253549641 0
    outer loop
      vertex 15.47842712474619 11.628427124746189 0
      vertex 15.47842712474619 11.628427124746189 0.25
      vertex 15.187573136654578 11.892041813450946 0.25
    endloop
  endfacet
  facet normal -0.595699304492442 -0.8032075314806385 0
    outer loop
      vertex 15.187573136654578 11.892041813450946 0
      vertex 15.187573136654578 11.892041813450946 0.25
      vertex 14.87228093207841 12.12587844921018 0.25
    endloop
  endfacet
  facet normal -0.5141027441932097 -0.8577286100002793 0
    outer loop
      vertex 14.87228093207841 12.12587844921018 0
      vertex 14.87228093207841 12.12587844921018 0.25
      vertex 14.535586947303983 12.327685057393419 0.25
    endloop
  endfacet
  facet normal -0.4275550934303002 -0.9039892931234348 0
    outer loop
      vertex 14.535586947303983 12.327685057393419 0
      vertex 14.535586947303983 12.327685057393419 0.25
      vertex 14.180733729460371 12.495518130045145 0.25
    endloop
  endfacet
  facet normal -0.3368898533922176 -0.9415440651830217 0
    outer loop
      vertex 14.180733729460371 12.495518130045145 0
      vertex 14.180733729460371 12.495518130045145 0.25
      vertex 13.811138709017854 12.627761342928835 0.25
    endloop
  endfacet
  facet normal -0.242980179903262 -0.9700312531945445 0
    outer loop
      vertex 13.811138709017854 12.627761342928835 0
      vertex 13.811138709017854 12.627761342928835 0.25
      vertex 13.430361288064518 12.72314112161292 0.25
    endloop
  endfacet
  facet normal 0.7409511253549531 -0.6715589548470249 0
    outer loop
      vertex 9.821572875253821 11.628427124746189 0
      vertex 9.821572875253821 11.628427124746189 0.25
      vertex 9.557958186549058 11.33757313665458 0.25
    endloop
  endfacet
  facet normal 0.595699304492442 -0.8032075314806385 0
    outer loop
      vertex 10.4277190679216 12.12587844921018 0
      vertex 10.4277190679216 12.12587844921018 0.25
      vertex 10.112426863345434 11.892041813450946 0.25
    endloop
  endfacet
  facet normal 0.671558954847013 -0.7409511253549641 0
    outer loop
      vertex 10.112426863345434 11.892041813450946 0
      vertex 10.112426863345434 11.892041813450946 0.25
      vertex 9.821572875253821 11.628427124746189 0.25
    endloop
  endfacet
  facet normal 0.242980179903262 -0.9700312531945445 0
    outer loop
      vertex 11.869638711935494 12.72314112161292 0
      vertex 11.869638711935494 12.72314112161292 0.25
      vertex 11.488861290982157 12.627761342928835 0.25
    endloop
  endfacet
  facet normal 0.4275550934303002 -0.9039892931234348 0
    outer loop
      vertex 11.11926627053964 12.495518130045145 0
      vertex 11.11926627053964 12.495518130045145 0.25
      vertex 10.764413052696028 12.327685057393419 0.25
    endloop
  endfacet
  facet normal 0.3368898533922176 -0.9415440651830217 0
    outer loop
      vertex 11.488861290982157 12.627761342928835 0
      vertex 11.488861290982157 12.627761342928835 0.25
      vertex 11.11926627053964 12.495518130045145 0.25
    endloop
  endfacet
  facet normal 0.5141027441932097 -0.8577286100002793 0
    outer loop
      vertex 10.764413052696028 12.327685057393419 0
      vertex 10.764413052696028 12.327685057393419 0.25
      vertex 10.4277190679216 12.12587844921018 0.25
    endloop
  endfacet
  facet normal -0.1467304744553597 -0.9891765099647813 0
    outer loop
      vertex 13.430361288064518 12.72314112161292 0
      vertex 13.430361288064518 12.72314112161292 0.25
      vertex 13.042068561318246 12.780738906688786 0.25
    endloop
  endfacet
  facet normal -0.04906767432742014 -0.9987954562051723 0
    outer loop
      vertex 13.042068561318246 12.780738906688786 0
      vertex 13.042068561318246 12.780738906688786 0.25
      vertex 12.650000000000006 12.799999999999999 0.25
    endloop
  endfacet
  facet normal 0.04906767432742014 -0.9987954562051723 0
    outer loop
      vertex 12.650000000000006 12.799999999999999 0
      vertex 12.650000000000006 12.799999999999999 0.25
      vertex 12.257931438681766 12.780738906688786 0.25
    endloop
  endfacet
  facet normal 0.1467304744553597 -0.9891765099647813 0
    outer loop
      vertex 12.257931438681766 12.780738906688786 0
      vertex 12.257931438681766 12.780738906688786 0.25
      vertex 11.869638711935494 12.72314112161292 0.25
    endloop
  endfacet
  facet normal 0.9415440651830282 -0.3368898533921993 0
    outer loop
      vertex 8.954481869954861 10.33073372946036 0
      vertex 8.954481869954861 10.33073372946036 0.25
      vertex 8.822238657071182 9.961138709017849 0.25
    endloop
  endfacet
  facet normal 0.9039892931234518 -0.42755509343026415 0
    outer loop
      vertex 9.122314942606579 10.685586947303989 0
      vertex 9.122314942606579 10.685586947303989 0.25
      vertex 8.954481869954861 10.33073372946036 0.25
    endloop
  endfacet
  facet normal 0.8577286100002793 -0.5141027441932097 0
    outer loop
      vertex 9.324121550789812 11.022280932078408 0
      vertex 9.324121550789812 11.022280932078408 0.25
      vertex 9.122314942606579 10.685586947303989 0.25
    endloop
  endfacet
  facet normal 0.8032075314806283 -0.595699304492456 0
    outer loop
      vertex 9.557958186549058 11.33757313665458 0
      vertex 9.557958186549058 11.33757313665458 0.25
      vertex 9.324121550789812 11.022280932078408 0.25
    endloop
  endfacet
  facet normal -0.5141027441932097 0.8577286100002793 1.921285936630955e-17
    outer loop
      vertex 14.535586947303983 14.872314942606579 0
      vertex 14.87228093207841 15.074121550789817 0.25
      vertex 14.87228093207841 15.074121550789817 0
    endloop
  endfacet
  facet normal -0.595699304492442 0.8032075314806385 -4.293296136387794e-17
    outer loop
      vertex 14.87228093207841 15.074121550789817 0
      vertex 15.187573136654578 15.307958186549051 0.25
      vertex 15.187573136654578 15.307958186549051 0
    endloop
  endfacet
  facet normal -0.1467304744553641 0.9891765099647807 -9.3921469115557e-18
    outer loop
      vertex 13.042068561318246 14.41926109331121 0
      vertex 13.430361288064518 14.476858878387077 0.25
      vertex 13.430361288064518 14.476858878387077 0
    endloop
  endfacet
  facet normal -0.24298017990326626 0.9700312531945434 -2.563617290076848e-18
    outer loop
      vertex 13.430361288064518 14.476858878387077 0
      vertex 13.811138709017854 14.572238657071164 0.25
      vertex 13.811138709017854 14.572238657071164 0
    endloop
  endfacet
  facet normal -0.04906767432741563 0.9987954562051725 1.4075652986692086e-18
    outer loop
      vertex 12.650000000000006 14.399999999999999 0
      vertex 13.042068561318246 14.41926109331121 0.25
      vertex 13.042068561318246 14.41926109331121 0
    endloop
  endfacet
  facet normal 0.04906767432741563 0.9987954562051725 -1.4075652986692086e-18
    outer loop
      vertex 12.257931438681766 14.41926109331121 0
      vertex 12.650000000000006 14.399999999999999 0.25
      vertex 12.650000000000006 14.399999999999999 0
    endloop
  endfacet
  facet normal 0.1467304744553641 0.9891765099647807 9.3921469115557e-18
    outer loop
      vertex 11.869638711935494 14.476858878387077 0
      vertex 12.257931438681766 14.41926109331121 0.25
      vertex 12.257931438681766 14.41926109331121 0
    endloop
  endfacet
  facet normal -0.33688985339220956 0.9415440651830245 2.8265667077925863e-17
    outer loop
      vertex 13.811138709017854 14.572238657071164 0
      vertex 14.180733729460371 14.70448186995485 0.25
      vertex 14.180733729460371 14.70448186995485 0
    endloop
  endfacet
  facet normal -0.42755509343030385 0.903989293123433 1.8108794048964356e-17
    outer loop
      vertex 14.180733729460371 14.70448186995485 0
      vertex 14.535586947303983 14.872314942606579 0.25
      vertex 14.535586947303983 14.872314942606579 0
    endloop
  endfacet
  facet normal 0.24298017990326626 0.9700312531945434 2.563617290076848e-18
    outer loop
      vertex 11.488861290982157 14.572238657071164 0
      vertex 11.869638711935494 14.476858878387077 0.25
      vertex 11.869638711935494 14.476858878387077 0
    endloop
  endfacet
  facet normal 0.33688985339220956 0.9415440651830245 -2.8265667077925863e-17
    outer loop
      vertex 11.11926627053964 14.70448186995485 0
      vertex 11.488861290982157 14.572238657071164 0.25
      vertex 11.488861290982157 14.572238657071164 0
    endloop
  endfacet
  facet normal 0.42755509343030385 0.903989293123433 -1.8108794048964356e-17
    outer loop
      vertex 10.764413052696028 14.872314942606579 0
      vertex 11.11926627053964 14.70448186995485 0.25
      vertex 11.11926627053964 14.70448186995485 0
    endloop
  endfacet
  facet normal 0.5141027441932097 0.8577286100002793 -1.921285936630955e-17
    outer loop
      vertex 10.4277190679216 15.074121550789817 0
      vertex 10.764413052696028 14.872314942606579 0.25
      vertex 10.764413052696028 14.872314942606579 0
    endloop
  endfacet
  facet normal 0.595699304492442 0.8032075314806385 4.293296136387794e-17
    outer loop
      vertex 10.112426863345434 15.307958186549051 0
      vertex 10.4277190679216 15.074121550789817 0.25
      vertex 10.4277190679216 15.074121550789817 0
    endloop
  endfacet
  facet normal -0.671558954847013 0.7409511253549641 5.4835930965447284e-17
    outer loop
      vertex 15.187573136654578 15.307958186549051 0
      vertex 15.47842712474619 15.571572875253809 0.25
      vertex 15.47842712474619 15.571572875253809 0
    endloop
  endfacet
  facet normal -0.7409511253549511 0.6715589548470271 -2.154346432686315e-17
    outer loop
      vertex 15.47842712474619 15.571572875253809 0
      vertex 15.742041813450953 15.862426863345416 0.25
      vertex 15.742041813450953 15.862426863345416 0
    endloop
  endfacet
  facet normal -0.8032075314806297 0.5956993044924537 -1.0948785489002931e-17
    outer loop
      vertex 15.742041813450953 15.862426863345416 0
      vertex 15.9758784492102 16.17771906792159 0.25
      vertex 15.9758784492102 16.17771906792159 0
    endloop
  endfacet
  facet normal -0.8577286100002781 0.5141027441932117 -2.0095530986617678e-17
    outer loop
      vertex 15.9758784492102 16.17771906792159 0
      vertex 16.177685057393433 16.514413052696007 0.25
      vertex 16.177685057393433 16.514413052696007 0
    endloop
  endfacet
  facet normal -0.9039892931234534 0.42755509343026066 -1.521866685472337e-17
    outer loop
      vertex 16.177685057393433 16.514413052696007 0
      vertex 16.34551813004515 16.86926627053964 0.25
      vertex 16.34551813004515 16.86926627053964 0
    endloop
  endfacet
  facet normal -0.9415440651830282 0.3368898533921993 -3.412305977359648e-17
    outer loop
      vertex 16.34551813004515 16.86926627053964 0
      vertex 16.47776134292883 17.23886129098215 0.25
      vertex 16.47776134292883 17.23886129098215 0
    endloop
  endfacet
  facet normal -0.9700312531945326 0.24298017990330883 -1.739819354654569e-17
    outer loop
      vertex 16.47776134292883 17.23886129098215 0
      vertex 16.573141121612935 17.619638711935487 0.25
      vertex 16.573141121612935 17.619638711935487 0
    endloop
  endfacet
  facet normal 0.671558954847013 0.7409511253549641 -5.4835930965447284e-17
    outer loop
      vertex 9.821572875253821 15.571572875253809 0
      vertex 10.112426863345434 15.307958186549051 0.25
      vertex 10.112426863345434 15.307958186549051 0
    endloop
  endfacet
  facet normal 0.7409511253549511 0.6715589548470271 2.154346432686315e-17
    outer loop
      vertex 9.557958186549058 15.862426863345416 0
      vertex 9.821572875253821 15.571572875253809 0.25
      vertex 9.821572875253821 15.571572875253809 0
    endloop
  endfacet
  facet normal -0.9891765099647791 0.1467304744553743 1.2937961986870461e-17
    outer loop
      vertex 16.573141121612935 17.619638711935487 0
      vertex 16.630738906688805 18.007931438681755 0.25
      vertex 16.630738906688805 18.007931438681755 0
    endloop
  endfacet
  facet normal -0.998795456205174 0.0490676743273881 2.7771383975585083e-18
    outer loop
      vertex 16.630738906688805 18.007931438681755 0
      vertex 16.650000000000006 18.4 0.25
      vertex 16.650000000000006 18.4 0
    endloop
  endfacet
  facet normal -1 0 0
    outer loop
      vertex 16.650000000000006 19.9 0
      vertex 16.650000000000006 18.4 0
      vertex 16.650000000000006 18.4 0.25
    endloop
  endfacet
  facet normal -0.998795456205174 -0.0490676743273881 -2.7771383975585083e-18
    outer loop
      vertex 16.650000000000006 19.9 0
      vertex 16.630738906688805 20.292068561318242 0.25
      vertex 16.630738906688805 20.292068561318242 0
    endloop
  endfacet
  facet normal 0.8032075314806297 0.5956993044924537 1.0948785489002931e-17
    outer loop
      vertex 9.324121550789812 16.17771906792159 0
      vertex 9.557958186549058 15.862426863345416 0.25
      vertex 9.557958186549058 15.862426863345416 0
    endloop
  endfacet
  facet normal 0.8577286100002781 0.5141027441932117 2.0095530986617678e-17
    outer loop
      vertex 9.122314942606579 16.514413052696007 0
      vertex 9.324121550789812 16.17771906792159 0.25
      vertex 9.324121550789812 16.17771906792159 0
    endloop
  endfacet
  facet normal 0.9039892931234534 0.42755509343026066 1.521866685472337e-17
    outer loop
      vertex 8.954481869954861 16.86926627053964 0
      vertex 9.122314942606579 16.514413052696007 0.25
      vertex 9.122314942606579 16.514413052696007 0
    endloop
  endfacet
  facet normal 0.9415440651830282 0.3368898533921993 3.412305977359648e-17
    outer loop
      vertex 8.822238657071182 17.23886129098215 0
      vertex 8.954481869954861 16.86926627053964 0.25
      vertex 8.954481869954861 16.86926627053964 0
    endloop
  endfacet
  facet normal 0.9700312531945326 0.24298017990330883 1.739819354654569e-17
    outer loop
      vertex 8.726858878387077 17.619638711935487 0
      vertex 8.822238657071182 17.23886129098215 0.25
      vertex 8.822238657071182 17.23886129098215 0
    endloop
  endfacet
  facet normal 0.9891765099647791 0.1467304744553743 -1.2937961986870461e-17
    outer loop
      vertex 8.669261093311206 18.007931438681755 0
      vertex 8.726858878387077 17.619638711935487 0.25
      vertex 8.726858878387077 17.619638711935487 0
    endloop
  endfacet
  facet normal 0.998795456205174 0.0490676743273881 -2.7771383975585083e-18
    outer loop
      vertex 8.650000000000006 18.4 0
      vertex 8.669261093311206 18.007931438681755 0.25
      vertex 8.669261093311206 18.007931438681755 0
    endloop
  endfacet
  facet normal 1 0 0
    outer loop
      vertex 8.650000000000006 18.4 0
      vertex 8.650000000000006 19.9 0
      vertex 8.650000000000006 18.4 0.25
    endloop
  endfacet
  facet normal 0.998795456205174 -0.0490676743273881 2.7771383975585083e-18
    outer loop
      vertex 8.669261093311206 20.292068561318242 0
      vertex 8.650000000000006 19.9 0.25
      vertex 8.650000000000006 19.9 0
    endloop
  endfacet
  facet normal -0.5141027441932097 0.8577286100002793 0
    outer loop
      vertex 14.535586947303983 14.872314942606579 0
      vertex 14.535586947303983 14.872314942606579 0.25
      vertex 14.87228093207841 15.074121550789817 0.25
    endloop
  endfacet
  facet normal -0.595699304492442 0.8032075314806385 0
    outer loop
      vertex 14.87228093207841 15.074121550789817 0
      vertex 14.87228093207841 15.074121550789817 0.25
      vertex 15.187573136654578 15.307958186549051 0.25
    endloop
  endfacet
  facet normal -0.33688985339220956 0.9415440651830245 0
    outer loop
      vertex 13.811138709017854 14.572238657071164 0
      vertex 13.811138709017854 14.572238657071164 0.25
      vertex 14.180733729460371 14.70448186995485 0.25
    endloop
  endfacet
  facet normal -0.24298017990326626 0.9700312531945434 0
    outer loop
      vertex 13.430361288064518 14.476858878387077 0
      vertex 13.430361288064518 14.476858878387077 0.25
      vertex 13.811138709017854 14.572238657071164 0.25
    endloop
  endfacet
  facet normal -0.1467304744553641 0.9891765099647807 0
    outer loop
      vertex 13.042068561318246 14.41926109331121 0
      vertex 13.042068561318246 14.41926109331121 0.25
      vertex 13.430361288064518 14.476858878387077 0.25
    endloop
  endfacet
  facet normal -0.04906767432741563 0.9987954562051725 0
    outer loop
      vertex 12.650000000000006 14.399999999999999 0
      vertex 12.650000000000006 14.399999999999999 0.25
      vertex 13.042068561318246 14.41926109331121 0.25
    endloop
  endfacet
  facet normal 0.04906767432741563 0.9987954562051725 0
    outer loop
      vertex 12.257931438681766 14.41926109331121 0
      vertex 12.257931438681766 14.41926109331121 0.25
      vertex 12.650000000000006 14.399999999999999 0.25
    endloop
  endfacet
  facet normal -0.42755509343030385 0.903989293123433 0
    outer loop
      vertex 14.180733729460371 14.70448186995485 0
      vertex 14.180733729460371 14.70448186995485 0.25
      vertex 14.535586947303983 14.872314942606579 0.25
    endloop
  endfacet
  facet normal 0.1467304744553641 0.9891765099647807 0
    outer loop
      vertex 11.869638711935494 14.476858878387077 0
      vertex 11.869638711935494 14.476858878387077 0.25
      vertex 12.257931438681766 14.41926109331121 0.25
    endloop
  endfacet
  facet normal 0.24298017990326626 0.9700312531945434 0
    outer loop
      vertex 11.488861290982157 14.572238657071164 0
      vertex 11.488861290982157 14.572238657071164 0.25
      vertex 11.869638711935494 14.476858878387077 0.25
    endloop
  endfacet
  facet normal 0.33688985339220956 0.9415440651830245 0
    outer loop
      vertex 11.11926627053964 14.70448186995485 0
      vertex 11.11926627053964 14.70448186995485 0.25
      vertex 11.488861290982157 14.572238657071164 0.25
    endloop
  endfacet
  facet normal 0.42755509343030385 0.903989293123433 0
    outer loop
      vertex 10.764413052696028 14.872314942606579 0
      vertex 10.764413052696028 14.872314942606579 0.25
      vertex 11.11926627053964 14.70448186995485 0.25
    endloop
  endfacet
  facet normal 0.5141027441932097 0.8577286100002793 0
    outer loop
      vertex 10.4277190679216 15.074121550789817 0
      vertex 10.4277190679216 15.074121550789817 0.25
      vertex 10.764413052696028 14.872314942606579 0.25
    endloop
  endfacet
  facet normal 0.595699304492442 0.8032075314806385 0
    outer loop
      vertex 10.112426863345434 15.307958186549051 0
      vertex 10.112426863345434 15.307958186549051 0.25
      vertex 10.4277190679216 15.074121550789817 0.25
    endloop
  endfacet
  facet normal -0.671558954847013 0.7409511253549641 0
    outer loop
      vertex 15.187573136654578 15.307958186549051 0
      vertex 15.187573136654578 15.307958186549051 0.25
      vertex 15.47842712474619 15.571572875253809 0.25
    endloop
  endfacet
  facet normal -0.7409511253549511 0.6715589548470271 0
    outer loop
      vertex 15.47842712474619 15.571572875253809 0
      vertex 15.47842712474619 15.571572875253809 0.25
      vertex 15.742041813450953 15.862426863345416 0.25
    endloop
  endfacet
  facet normal -0.8032075314806297 0.5956993044924537 0
    outer loop
      vertex 15.742041813450953 15.862426863345416 0
      vertex 15.742041813450953 15.862426863345416 0.25
      vertex 15.9758784492102 16.17771906792159 0.25
    endloop
  endfacet
  facet normal -0.8577286100002781 0.5141027441932117 0
    outer loop
      vertex 15.9758784492102 16.17771906792159 0
      vertex 15.9758784492102 16.17771906792159 0.25
      vertex 16.177685057393433 16.514413052696007 0.25
    endloop
  endfacet
  facet normal -0.9039892931234534 0.42755509343026066 0
    outer loop
      vertex 16.177685057393433 16.514413052696007 0
      vertex 16.177685057393433 16.514413052696007 0.25
      vertex 16.34551813004515 16.86926627053964 0.25
    endloop
  endfacet
  facet normal -0.9415440651830282 0.3368898533921993 0
    outer loop
      vertex 16.34551813004515 16.86926627053964 0
      vertex 16.34551813004515 16.86926627053964 0.25
      vertex 16.47776134292883 17.23886129098215 0.25
    endloop
  endfacet
  facet normal -0.9700312531945326 0.24298017990330883 0
    outer loop
      vertex 16.47776134292883 17.23886129098215 0
      vertex 16.47776134292883 17.23886129098215 0.25
      vertex 16.573141121612935 17.619638711935487 0.25
    endloop
  endfacet
  facet normal -0.9891765099647791 0.1467304744553743 0
    outer loop
      vertex 16.573141121612935 17.619638711935487 0
      vertex 16.573141121612935 17.619638711935487 0.25
      vertex 16.630738906688805 18.007931438681755 0.25
    endloop
  endfacet
  facet normal 0.671558954847013 0.7409511253549641 0
    outer loop
      vertex 9.821572875253821 15.571572875253809 0
      vertex 9.821572875253821 15.571572875253809 0.25
      vertex 10.112426863345434 15.307958186549051 0.25
    endloop
  endfacet
  facet normal -0.998795456205174 0.0490676743273881 0
    outer loop
      vertex 16.630738906688805 18.007931438681755 0
      vertex 16.630738906688805 18.007931438681755 0.25
      vertex 16.650000000000006 18.4 0.25
    endloop
  endfacet
  facet normal -1 0 0
    outer loop
      vertex 16.650000000000006 19.9 0
      vertex 16.650000000000006 18.4 0.25
      vertex 16.650000000000006 19.9 0.25
    endloop
  endfacet
  facet normal -0.998795456205174 -0.0490676743273881 0
    outer loop
      vertex 16.650000000000006 19.9 0
      vertex 16.650000000000006 19.9 0.25
      vertex 16.630738906688805 20.292068561318242 0.25
    endloop
  endfacet
  facet normal 0.7409511253549511 0.6715589548470271 0
    outer loop
      vertex 9.557958186549058 15.862426863345416 0
      vertex 9.557958186549058 15.862426863345416 0.25
      vertex 9.821572875253821 15.571572875253809 0.25
    endloop
  endfacet
  facet normal 0.8032075314806297 0.5956993044924537 0
    outer loop
      vertex 9.324121550789812 16.17771906792159 0
      vertex 9.324121550789812 16.17771906792159 0.25
      vertex 9.557958186549058 15.862426863345416 0.25
    endloop
  endfacet
  facet normal 0.8577286100002781 0.5141027441932117 0
    outer loop
      vertex 9.122314942606579 16.514413052696007 0
      vertex 9.122314942606579 16.514413052696007 0.25
      vertex 9.324121550789812 16.17771906792159 0.25
    endloop
  endfacet
  facet normal 0.9039892931234534 0.42755509343026066 0
    outer loop
      vertex 8.954481869954861 16.86926627053964 0
      vertex 8.954481869954861 16.86926627053964 0.25
      vertex 9.122314942606579 16.514413052696007 0.25
    endloop
  endfacet
  facet normal 0.9415440651830282 0.3368898533921993 0
    outer loop
      vertex 8.822238657071182 17.23886129098215 0
      vertex 8.822238657071182 17.23886129098215 0.25
      vertex 8.954481869954861 16.86926627053964 0.25
    endloop
  endfacet
  facet normal 0.9700312531945326 0.24298017990330883 0
    outer loop
      vertex 8.726858878387077 17.619638711935487 0
      vertex 8.726858878387077 17.619638711935487 0.25
      vertex 8.822238657071182 17.23886129098215 0.25
    endloop
  endfacet
  facet normal 0.9891765099647791 0.1467304744553743 0
    outer loop
      vertex 8.669261093311206 18.007931438681755 0
      vertex 8.669261093311206 18.007931438681755 0.25
      vertex 8.726858878387077 17.619638711935487 0.25
    endloop
  endfacet
  facet normal 0.998795456205174 0.0490676743273881 0
    outer loop
      vertex 8.650000000000006 18.4 0
      vertex 8.650000000000006 18.4 0.25
      vertex 8.669261093311206 18.007931438681755 0.25
    endloop
  endfacet
  facet normal 1 0 0
    outer loop
      vertex 8.650000000000006 19.9 0.25
      vertex 8.650000000000006 18.4 0.25
      vertex 8.650000000000006 19.9 0
    endloop
  endfacet
  facet normal 0.998795456205174 -0.0490676743273881 0
    outer loop
      vertex 8.669261093311206 20.292068561318242 0
      vertex 8.669261093311206 20.292068561318242 0.25
      vertex 8.650000000000006 19.9 0.25
    endloop
  endfacet
  facet normal -0.9891765099647791 -0.1467304744553743 -1.2937961986870461e-17
    outer loop
      vertex 16.630738906688805 20.292068561318242 0
      vertex 16.573141121612935 20.68036128806451 0.25
      vertex 16.573141121612935 20.68036128806451 0
    endloop
  endfacet
  facet normal -0.9700312531945326 -0.24298017990330883 1.739819354654569e-17
    outer loop
      vertex 16.573141121612935 20.68036128806451 0
      vertex 16.47776134292883 21.061138709017847 0.25
      vertex 16.47776134292883 21.061138709017847 0
    endloop
  endfacet
  facet normal -0.9415440651830282 -0.3368898533921993 3.412305977359648e-17
    outer loop
      vertex 16.47776134292883 21.061138709017847 0
      vertex 16.34551813004515 21.430733729460357 0.25
      vertex 16.34551813004515 21.430733729460357 0
    endloop
  endfacet
  facet normal -0.9039892931234534 -0.42755509343026066 1.521866685472337e-17
    outer loop
      vertex 16.34551813004515 21.430733729460357 0
      vertex 16.177685057393433 21.78558694730399 0.25
      vertex 16.177685057393433 21.78558694730399 0
    endloop
  endfacet
  facet normal -0.8577286100002781 -0.5141027441932117 2.0095530986617678e-17
    outer loop
      vertex 16.177685057393433 21.78558694730399 0
      vertex 15.9758784492102 22.122280932078407 0.25
      vertex 15.9758784492102 22.122280932078407 0
    endloop
  endfacet
  facet normal -0.8032075314806297 -0.5956993044924537 1.0948785489002931e-17
    outer loop
      vertex 15.9758784492102 22.122280932078407 0
      vertex 15.742041813450953 22.43757313665458 0.25
      vertex 15.742041813450953 22.43757313665458 0
    endloop
  endfacet
  facet normal -0.7409511253549531 -0.6715589548470249 5.793229126401368e-17
    outer loop
      vertex 15.742041813450953 22.43757313665458 0
      vertex 15.47842712474619 22.72842712474619 0.25
      vertex 15.47842712474619 22.72842712474619 0
    endloop
  endfacet
  facet normal -0.6715589548470104 -0.7409511253549663 -2.2408042667698592e-17
    outer loop
      vertex 15.47842712474619 22.72842712474619 0
      vertex 15.187573136654578 22.992041813450946 0.25
      vertex 15.187573136654578 22.992041813450946 0
    endloop
  endfacet
  facet normal 0.6715589548470104 -0.7409511253549663 2.2408042667698592e-17
    outer loop
      vertex 10.112426863345434 22.992041813450946 0
      vertex 9.821572875253821 22.72842712474619 0.25
      vertex 9.821572875253821 22.72842712474619 0
    endloop
  endfacet
  facet normal -0.595699304492439 -0.8032075314806407 -4.793986106121605e-17
    outer loop
      vertex 15.187573136654578 22.992041813450946 0
      vertex 14.87228093207841 23.225878449210178 0.25
      vertex 14.87228093207841 23.225878449210178 0
    endloop
  endfacet
  facet normal -0.514102744193213 -0.8577286100002773 -3.2906058823756315e-17
    outer loop
      vertex 14.87228093207841 23.225878449210178 0
      vertex 14.535586947303983 23.42768505739342 0.25
      vertex 14.535586947303983 23.42768505739342 0
    endloop
  endfacet
  facet normal -0.42755509343030385 -0.903989293123433 -1.8108794048964356e-17
    outer loop
      vertex 14.535586947303983 23.42768505739342 0
      vertex 14.180733729460371 23.595518130045146 0.25
      vertex 14.180733729460371 23.595518130045146 0
    endloop
  endfacet
  facet normal -0.33688985339220956 -0.9415440651830245 -2.8265667077925863e-17
    outer loop
      vertex 14.180733729460371 23.595518130045146 0
      vertex 13.811138709017854 23.727761342928833 0.25
      vertex 13.811138709017854 23.727761342928833 0
    endloop
  endfacet
  facet normal -0.24298017990326626 -0.9700312531945434 2.563617290076848e-18
    outer loop
      vertex 13.811138709017854 23.727761342928833 0
      vertex 13.430361288064518 23.82314112161292 0.25
      vertex 13.430361288064518 23.82314112161292 0
    endloop
  endfacet
  facet normal -0.1467304744553641 -0.9891765099647807 9.3921469115557e-18
    outer loop
      vertex 13.430361288064518 23.82314112161292 0
      vertex 13.042068561318246 23.880738906688787 0.25
      vertex 13.042068561318246 23.880738906688787 0
    endloop
  endfacet
  facet normal -0.04906767432741563 -0.9987954562051725 -1.4075652986692086e-18
    outer loop
      vertex 13.042068561318246 23.880738906688787 0
      vertex 12.650000000000006 23.9 0.25
      vertex 12.650000000000006 23.9 0
    endloop
  endfacet
  facet normal 0.04906767432741563 -0.9987954562051725 1.4075652986692086e-18
    outer loop
      vertex 12.650000000000006 23.9 0
      vertex 12.257931438681766 23.880738906688787 0.25
      vertex 12.257931438681766 23.880738906688787 0
    endloop
  endfacet
  facet normal 0.42755509343030385 -0.903989293123433 1.8108794048964356e-17
    outer loop
      vertex 11.11926627053964 23.595518130045146 0
      vertex 10.764413052696028 23.42768505739342 0.25
      vertex 10.764413052696028 23.42768505739342 0
    endloop
  endfacet
  facet normal 0.595699304492439 -0.8032075314806407 4.793986106121605e-17
    outer loop
      vertex 10.4277190679216 23.225878449210178 0
      vertex 10.112426863345434 22.992041813450946 0.25
      vertex 10.112426863345434 22.992041813450946 0
    endloop
  endfacet
  facet normal 0.514102744193213 -0.8577286100002773 3.2906058823756315e-17
    outer loop
      vertex 10.764413052696028 23.42768505739342 0
      vertex 10.4277190679216 23.225878449210178 0.25
      vertex 10.4277190679216 23.225878449210178 0
    endloop
  endfacet
  facet normal 0.1467304744553641 -0.9891765099647807 -9.3921469115557e-18
    outer loop
      vertex 12.257931438681766 23.880738906688787 0
      vertex 11.869638711935494 23.82314112161292 0.25
      vertex 11.869638711935494 23.82314112161292 0
    endloop
  endfacet
  facet normal 0.24298017990326626 -0.9700312531945434 -2.563617290076848e-18
    outer loop
      vertex 11.869638711935494 23.82314112161292 0
      vertex 11.488861290982157 23.727761342928833 0.25
      vertex 11.488861290982157 23.727761342928833 0
    endloop
  endfacet
  facet normal 0.33688985339220956 -0.9415440651830245 2.8265667077925863e-17
    outer loop
      vertex 11.488861290982157 23.727761342928833 0
      vertex 11.11926627053964 23.595518130045146 0.25
      vertex 11.11926627053964 23.595518130045146 0
    endloop
  endfacet
  facet normal 0.9891765099647791 -0.1467304744553743 1.2937961986870461e-17
    outer loop
      vertex 8.726858878387077 20.68036128806451 0
      vertex 8.669261093311206 20.292068561318242 0.25
      vertex 8.669261093311206 20.292068561318242 0
    endloop
  endfacet
  facet normal 0.9700312531945326 -0.24298017990330883 -1.739819354654569e-17
    outer loop
      vertex 8.822238657071182 21.061138709017847 0
      vertex 8.726858878387077 20.68036128806451 0.25
      vertex 8.726858878387077 20.68036128806451 0
    endloop
  endfacet
  facet normal 0.9415440651830282 -0.3368898533921993 -3.412305977359648e-17
    outer loop
      vertex 8.954481869954861 21.430733729460357 0
      vertex 8.822238657071182 21.061138709017847 0.25
      vertex 8.822238657071182 21.061138709017847 0
    endloop
  endfacet
  facet normal 0.9039892931234534 -0.42755509343026066 -1.521866685472337e-17
    outer loop
      vertex 9.122314942606579 21.78558694730399 0
      vertex 8.954481869954861 21.430733729460357 0.25
      vertex 8.954481869954861 21.430733729460357 0
    endloop
  endfacet
  facet normal 0.8577286100002781 -0.5141027441932117 -2.0095530986617678e-17
    outer loop
      vertex 9.324121550789812 22.122280932078407 0
      vertex 9.122314942606579 21.78558694730399 0.25
      vertex 9.122314942606579 21.78558694730399 0
    endloop
  endfacet
  facet normal 0.8032075314806297 -0.5956993044924537 -1.0948785489002931e-17
    outer loop
      vertex 9.557958186549058 22.43757313665458 0
      vertex 9.324121550789812 22.122280932078407 0.25
      vertex 9.324121550789812 22.122280932078407 0
    endloop
  endfacet
  facet normal 0.7409511253549531 -0.6715589548470249 -5.793229126401368e-17
    outer loop
      vertex 9.821572875253821 22.72842712474619 0
      vertex 9.557958186549058 22.43757313665458 0.25
      vertex 9.557958186549058 22.43757313665458 0
    endloop
  endfacet
  facet normal -0.9891765099647791 -0.1467304744553743 0
    outer loop
      vertex 16.630738906688805 20.292068561318242 0
      vertex 16.630738906688805 20.292068561318242 0.25
      vertex 16.573141121612935 20.68036128806451 0.25
    endloop
  endfacet
  facet normal -0.9700312531945326 -0.24298017990330883 0
    outer loop
      vertex 16.573141121612935 20.68036128806451 0
      vertex 16.573141121612935 20.68036128806451 0.25
      vertex 16.47776134292883 21.061138709017847 0.25
    endloop
  endfacet
  facet normal -0.9415440651830282 -0.3368898533921993 0
    outer loop
      vertex 16.47776134292883 21.061138709017847 0
      vertex 16.47776134292883 21.061138709017847 0.25
      vertex 16.34551813004515 21.430733729460357 0.25
    endloop
  endfacet
  facet normal -0.9039892931234534 -0.42755509343026066 0
    outer loop
      vertex 16.34551813004515 21.430733729460357 0
      vertex 16.34551813004515 21.430733729460357 0.25
      vertex 16.177685057393433 21.78558694730399 0.25
    endloop
  endfacet
  facet normal -0.8577286100002781 -0.5141027441932117 0
    outer loop
      vertex 16.177685057393433 21.78558694730399 0
      vertex 16.177685057393433 21.78558694730399 0.25
      vertex 15.9758784492102 22.122280932078407 0.25
    endloop
  endfacet
  facet normal -0.8032075314806297 -0.5956993044924537 0
    outer loop
      vertex 15.9758784492102 22.122280932078407 0
      vertex 15.9758784492102 22.122280932078407 0.25
      vertex 15.742041813450953 22.43757313665458 0.25
    endloop
  endfacet
  facet normal -0.7409511253549531 -0.6715589548470249 0
    outer loop
      vertex 15.742041813450953 22.43757313665458 0
      vertex 15.742041813450953 22.43757313665458 0.25
      vertex 15.47842712474619 22.72842712474619 0.25
    endloop
  endfacet
  facet normal -0.6715589548470104 -0.7409511253549663 0
    outer loop
      vertex 15.47842712474619 22.72842712474619 0
      vertex 15.47842712474619 22.72842712474619 0.25
      vertex 15.187573136654578 22.992041813450946 0.25
    endloop
  endfacet
  facet normal 0.7409511253549531 -0.6715589548470249 0
    outer loop
      vertex 9.821572875253821 22.72842712474619 0
      vertex 9.821572875253821 22.72842712474619 0.25
      vertex 9.557958186549058 22.43757313665458 0.25
    endloop
  endfacet
  facet normal 0.6715589548470104 -0.7409511253549663 0
    outer loop
      vertex 10.112426863345434 22.992041813450946 0
      vertex 10.112426863345434 22.992041813450946 0.25
      vertex 9.821572875253821 22.72842712474619 0.25
    endloop
  endfacet
  facet normal -0.595699304492439 -0.8032075314806407 0
    outer loop
      vertex 15.187573136654578 22.992041813450946 0
      vertex 15.187573136654578 22.992041813450946 0.25
      vertex 14.87228093207841 23.225878449210178 0.25
    endloop
  endfacet
  facet normal -0.514102744193213 -0.8577286100002773 0
    outer loop
      vertex 14.87228093207841 23.225878449210178 0
      vertex 14.87228093207841 23.225878449210178 0.25
      vertex 14.535586947303983 23.42768505739342 0.25
    endloop
  endfacet
  facet normal -0.42755509343030385 -0.903989293123433 0
    outer loop
      vertex 14.535586947303983 23.42768505739342 0
      vertex 14.535586947303983 23.42768505739342 0.25
      vertex 14.180733729460371 23.595518130045146 0.25
    endloop
  endfacet
  facet normal -0.33688985339220956 -0.9415440651830245 0
    outer loop
      vertex 14.180733729460371 23.595518130045146 0
      vertex 14.180733729460371 23.595518130045146 0.25
      vertex 13.811138709017854 23.727761342928833 0.25
    endloop
  endfacet
  facet normal -0.24298017990326626 -0.9700312531945434 0
    outer loop
      vertex 13.811138709017854 23.727761342928833 0
      vertex 13.811138709017854 23.727761342928833 0.25
      vertex 13.430361288064518 23.82314112161292 0.25
    endloop
  endfacet
  facet normal -0.1467304744553641 -0.9891765099647807 0
    outer loop
      vertex 13.430361288064518 23.82314112161292 0
      vertex 13.430361288064518 23.82314112161292 0.25
      vertex 13.042068561318246 23.880738906688787 0.25
    endloop
  endfacet
  facet normal 0.1467304744553641 -0.9891765099647807 0
    outer loop
      vertex 12.257931438681766 23.880738906688787 0
      vertex 12.257931438681766 23.880738906688787 0.25
      vertex 11.869638711935494 23.82314112161292 0.25
    endloop
  endfacet
  facet normal -0.04906767432741563 -0.9987954562051725 0
    outer loop
      vertex 13.042068561318246 23.880738906688787 0
      vertex 13.042068561318246 23.880738906688787 0.25
      vertex 12.650000000000006 23.9 0.25
    endloop
  endfacet
  facet normal 0.04906767432741563 -0.9987954562051725 0
    outer loop
      vertex 12.650000000000006 23.9 0
      vertex 12.650000000000006 23.9 0.25
      vertex 12.257931438681766 23.880738906688787 0.25
    endloop
  endfacet
  facet normal 0.42755509343030385 -0.903989293123433 0
    outer loop
      vertex 11.11926627053964 23.595518130045146 0
      vertex 11.11926627053964 23.595518130045146 0.25
      vertex 10.764413052696028 23.42768505739342 0.25
    endloop
  endfacet
  facet normal 0.595699304492439 -0.8032075314806407 0
    outer loop
      vertex 10.4277190679216 23.225878449210178 0
      vertex 10.4277190679216 23.225878449210178 0.25
      vertex 10.112426863345434 22.992041813450946 0.25
    endloop
  endfacet
  facet normal 0.514102744193213 -0.8577286100002773 0
    outer loop
      vertex 10.764413052696028 23.42768505739342 0
      vertex 10.764413052696028 23.42768505739342 0.25
      vertex 10.4277190679216 23.225878449210178 0.25
    endloop
  endfacet
  facet normal 0.24298017990326626 -0.9700312531945434 0
    outer loop
      vertex 11.869638711935494 23.82314112161292 0
      vertex 11.869638711935494 23.82314112161292 0.25
      vertex 11.488861290982157 23.727761342928833 0.25
    endloop
  endfacet
  facet normal 0.33688985339220956 -0.9415440651830245 0
    outer loop
      vertex 11.488861290982157 23.727761342928833 0
      vertex 11.488861290982157 23.727761342928833 0.25
      vertex 11.11926627053964 23.595518130045146 0.25
    endloop
  endfacet
  facet normal 0.9891765099647791 -0.1467304744553743 0
    outer loop
      vertex 8.726858878387077 20.68036128806451 0
      vertex 8.726858878387077 20.68036128806451 0.25
      vertex 8.669261093311206 20.292068561318242 0.25
    endloop
  endfacet
  facet normal 0.9700312531945326 -0.24298017990330883 0
    outer loop
      vertex 8.822238657071182 21.061138709017847 0
      vertex 8.822238657071182 21.061138709017847 0.25
      vertex 8.726858878387077 20.68036128806451 0.25
    endloop
  endfacet
  facet normal 0.9415440651830282 -0.3368898533921993 0
    outer loop
      vertex 8.954481869954861 21.430733729460357 0
      vertex 8.954481869954861 21.430733729460357 0.25
      vertex 8.822238657071182 21.061138709017847 0.25
    endloop
  endfacet
  facet normal 0.9039892931234534 -0.42755509343026066 0
    outer loop
      vertex 9.122314942606579 21.78558694730399 0
      vertex 9.122314942606579 21.78558694730399 0.25
      vertex 8.954481869954861 21.430733729460357 0.25
    endloop
  endfacet
  facet normal 0.8577286100002781 -0.5141027441932117 0
    outer loop
      vertex 9.324121550789812 22.122280932078407 0
      vertex 9.324121550789812 22.122280932078407 0.25
      vertex 9.122314942606579 21.78558694730399 0.25
    endloop
  endfacet
  facet normal 0.8032075314806297 -0.5956993044924537 0
    outer loop
      vertex 9.557958186549058 22.43757313665458 0
      vertex 9.557958186549058 22.43757313665458 0.25
      vertex 9.324121550789812 22.122280932078407 0.25
    endloop
  endfacet
  facet normal -0.514102744193213 0.8577286100002773 3.2906058823756315e-17
    outer loop
      vertex 14.535586947303983 25.97231494260658 0
      vertex 14.87228093207841 26.17412155078982 0.25
      vertex 14.87228093207841 26.17412155078982 0
    endloop
  endfacet
  facet normal -0.595699304492439 0.8032075314806407 4.793986106121605e-17
    outer loop
      vertex 14.87228093207841 26.17412155078982 0
      vertex 15.187573136654578 26.407958186549052 0.25
      vertex 15.187573136654578 26.407958186549052 0
    endloop
  endfacet
  facet normal -0.6715589548470104 0.7409511253549663 2.2408042667698592e-17
    outer loop
      vertex 15.187573136654578 26.407958186549052 0
      vertex 15.47842712474619 26.67157287525381 0.25
      vertex 15.47842712474619 26.67157287525381 0
    endloop
  endfacet
  facet normal -0.8032075314806297 0.5956993044924537 -1.0948785489002931e-17
    outer loop
      vertex 15.742041813450953 26.962426863345417 0
      vertex 15.9758784492102 27.27771906792159 0.25
      vertex 15.9758784492102 27.27771906792159 0
    endloop
  endfacet
  facet normal -0.7409511253549531 0.6715589548470249 -5.793229126401368e-17
    outer loop
      vertex 15.47842712474619 26.67157287525381 0
      vertex 15.742041813450953 26.962426863345417 0.25
      vertex 15.742041813450953 26.962426863345417 0
    endloop
  endfacet
  facet normal -0.8577286100002781 0.5141027441932117 -2.0095530986617678e-17
    outer loop
      vertex 15.9758784492102 27.27771906792159 0
      vertex 16.177685057393433 27.61441305269601 0.25
      vertex 16.177685057393433 27.61441305269601 0
    endloop
  endfacet
  facet normal -0.9039892931234534 0.42755509343026066 -1.521866685472337e-17
    outer loop
      vertex 16.177685057393433 27.61441305269601 0
      vertex 16.34551813004515 27.96926627053964 0.25
      vertex 16.34551813004515 27.96926627053964 0
    endloop
  endfacet
  facet normal -0.33688985339220956 0.9415440651830245 2.8265667077925863e-17
    outer loop
      vertex 13.811138709017854 25.672238657071166 0
      vertex 14.180733729460371 25.804481869954852 0.25
      vertex 14.180733729460371 25.804481869954852 0
    endloop
  endfacet
  facet normal -0.1467304744553641 0.9891765099647807 -9.3921469115557e-18
    outer loop
      vertex 13.042068561318246 25.51926109331121 0
      vertex 13.430361288064518 25.57685887838708 0.25
      vertex 13.430361288064518 25.57685887838708 0
    endloop
  endfacet
  facet normal -0.24298017990326626 0.9700312531945434 -2.563617290076848e-18
    outer loop
      vertex 13.430361288064518 25.57685887838708 0
      vertex 13.811138709017854 25.672238657071166 0.25
      vertex 13.811138709017854 25.672238657071166 0
    endloop
  endfacet
  facet normal -0.42755509343030385 0.903989293123433 1.8108794048964356e-17
    outer loop
      vertex 14.180733729460371 25.804481869954852 0
      vertex 14.535586947303983 25.97231494260658 0.25
      vertex 14.535586947303983 25.97231494260658 0
    endloop
  endfacet
  facet normal -0.04906767432741563 0.9987954562051725 1.4075652986692086e-18
    outer loop
      vertex 12.650000000000006 25.5 0
      vertex 13.042068561318246 25.51926109331121 0.25
      vertex 13.042068561318246 25.51926109331121 0
    endloop
  endfacet
  facet normal 0.04906767432741563 0.9987954562051725 -1.4075652986692086e-18
    outer loop
      vertex 12.257931438681766 25.51926109331121 0
      vertex 12.650000000000006 25.5 0.25
      vertex 12.650000000000006 25.5 0
    endloop
  endfacet
  facet normal 0.1467304744553641 0.9891765099647807 9.3921469115557e-18
    outer loop
      vertex 11.869638711935494 25.57685887838708 0
      vertex 12.257931438681766 25.51926109331121 0.25
      vertex 12.257931438681766 25.51926109331121 0
    endloop
  endfacet
  facet normal 0.24298017990326626 0.9700312531945434 2.563617290076848e-18
    outer loop
      vertex 11.488861290982157 25.672238657071166 0
      vertex 11.869638711935494 25.57685887838708 0.25
      vertex 11.869638711935494 25.57685887838708 0
    endloop
  endfacet
  facet normal 0.33688985339220956 0.9415440651830245 -2.8265667077925863e-17
    outer loop
      vertex 11.11926627053964 25.804481869954852 0
      vertex 11.488861290982157 25.672238657071166 0.25
      vertex 11.488861290982157 25.672238657071166 0
    endloop
  endfacet
  facet normal 0.42755509343030385 0.903989293123433 -1.8108794048964356e-17
    outer loop
      vertex 10.764413052696028 25.97231494260658 0
      vertex 11.11926627053964 25.804481869954852 0.25
      vertex 11.11926627053964 25.804481869954852 0
    endloop
  endfacet
  facet normal 0.514102744193213 0.8577286100002773 -3.2906058823756315e-17
    outer loop
      vertex 10.4277190679216 26.17412155078982 0
      vertex 10.764413052696028 25.97231494260658 0.25
      vertex 10.764413052696028 25.97231494260658 0
    endloop
  endfacet
  facet normal 0.595699304492439 0.8032075314806407 -4.793986106121605e-17
    outer loop
      vertex 10.112426863345434 26.407958186549052 0
      vertex 10.4277190679216 26.17412155078982 0.25
      vertex 10.4277190679216 26.17412155078982 0
    endloop
  endfacet
  facet normal 0.6715589548470104 0.7409511253549663 -2.2408042667698592e-17
    outer loop
      vertex 9.821572875253821 26.67157287525381 0
      vertex 10.112426863345434 26.407958186549052 0.25
      vertex 10.112426863345434 26.407958186549052 0
    endloop
  endfacet
  facet normal 0.7409511253549531 0.6715589548470249 5.793229126401368e-17
    outer loop
      vertex 9.557958186549058 26.962426863345417 0
      vertex 9.821572875253821 26.67157287525381 0.25
      vertex 9.821572875253821 26.67157287525381 0
    endloop
  endfacet
  facet normal -0.9415440651830282 0.3368898533921993 -3.412305977359648e-17
    outer loop
      vertex 16.34551813004515 27.96926627053964 0
      vertex 16.47776134292883 28.338861290982152 0.25
      vertex 16.47776134292883 28.338861290982152 0
    endloop
  endfacet
  facet normal -0.9700312531945326 0.24298017990330883 -1.739819354654569e-17
    outer loop
      vertex 16.47776134292883 28.338861290982152 0
      vertex 16.573141121612935 28.719638711935488 0.25
      vertex 16.573141121612935 28.719638711935488 0
    endloop
  endfacet
  facet normal -0.9891765099647791 0.1467304744553743 1.2937961986870461e-17
    outer loop
      vertex 16.573141121612935 28.719638711935488 0
      vertex 16.630738906688805 29.107931438681756 0.25
      vertex 16.630738906688805 29.107931438681756 0
    endloop
  endfacet
  facet normal -0.998795456205174 0.0490676743273881 2.7771383975585083e-18
    outer loop
      vertex 16.630738906688805 29.107931438681756 0
      vertex 16.650000000000006 29.5 0.25
      vertex 16.650000000000006 29.5 0
    endloop
  endfacet
  facet normal -1 0 0
    outer loop
      vertex 16.650000000000006 29.5 0
      vertex 16.650000000000006 31 0.25
      vertex 16.650000000000006 31 0
    endloop
  endfacet
  facet normal 0.8032075314806297 0.5956993044924537 1.0948785489002931e-17
    outer loop
      vertex 9.324121550789812 27.27771906792159 0
      vertex 9.557958186549058 26.962426863345417 0.25
      vertex 9.557958186549058 26.962426863345417 0
    endloop
  endfacet
  facet normal 0.8577286100002781 0.5141027441932117 2.0095530986617678e-17
    outer loop
      vertex 9.122314942606579 27.61441305269601 0
      vertex 9.324121550789812 27.27771906792159 0.25
      vertex 9.324121550789812 27.27771906792159 0
    endloop
  endfacet
  facet normal 0.9039892931234534 0.42755509343026066 1.521866685472337e-17
    outer loop
      vertex 8.954481869954861 27.96926627053964 0
      vertex 9.122314942606579 27.61441305269601 0.25
      vertex 9.122314942606579 27.61441305269601 0
    endloop
  endfacet
  facet normal 0.9415440651830282 0.3368898533921993 3.412305977359648e-17
    outer loop
      vertex 8.822238657071182 28.338861290982152 0
      vertex 8.954481869954861 27.96926627053964 0.25
      vertex 8.954481869954861 27.96926627053964 0
    endloop
  endfacet
  facet normal 0.9700312531945326 0.24298017990330883 1.739819354654569e-17
    outer loop
      vertex 8.726858878387077 28.719638711935488 0
      vertex 8.822238657071182 28.338861290982152 0.25
      vertex 8.822238657071182 28.338861290982152 0
    endloop
  endfacet
  facet normal 0.9891765099647791 0.1467304744553743 -1.2937961986870461e-17
    outer loop
      vertex 8.669261093311206 29.107931438681756 0
      vertex 8.726858878387077 28.719638711935488 0.25
      vertex 8.726858878387077 28.719638711935488 0
    endloop
  endfacet
  facet normal 0.998795456205174 0.0490676743273881 -2.7771383975585083e-18
    outer loop
      vertex 8.650000000000006 29.5 0
      vertex 8.669261093311206 29.107931438681756 0.25
      vertex 8.669261093311206 29.107931438681756 0
    endloop
  endfacet
  facet normal 1 0 0
    outer loop
      vertex 8.650000000000006 31 0
      vertex 8.650000000000006 29.5 0.25
      vertex 8.650000000000006 29.5 0
    endloop
  endfacet
  facet normal -0.998795456205174 -0.0490676743273881 -2.7771383975585083e-18
    outer loop
      vertex 16.650000000000006 31 0
      vertex 16.630738906688805 31.392068561318244 0.25
      vertex 16.630738906688805 31.392068561318244 0
    endloop
  endfacet
  facet normal -0.9891765099647791 -0.1467304744553743 -1.2937961986870461e-17
    outer loop
      vertex 16.630738906688805 31.392068561318244 0
      vertex 16.573141121612935 31.780361288064512 0.25
      vertex 16.573141121612935 31.780361288064512 0
    endloop
  endfacet
  facet normal -0.9700312531945326 -0.24298017990330883 1.739819354654569e-17
    outer loop
      vertex 16.573141121612935 31.780361288064512 0
      vertex 16.47776134292883 32.16113870901785 0.25
      vertex 16.47776134292883 32.16113870901785 0
    endloop
  endfacet
  facet normal -0.9415440651830282 -0.3368898533921993 3.412305977359648e-17
    outer loop
      vertex 16.47776134292883 32.16113870901785 0
      vertex 16.34551813004515 32.53073372946036 0.25
      vertex 16.34551813004515 32.53073372946036 0
    endloop
  endfacet
  facet normal -0.9039892931234534 -0.42755509343026066 1.521866685472337e-17
    outer loop
      vertex 16.34551813004515 32.53073372946036 0
      vertex 16.177685057393433 32.88558694730399 0.25
      vertex 16.177685057393433 32.88558694730399 0
    endloop
  endfacet
  facet normal -0.8577286100002757 -0.5141027441932157 -2.7633128519356197e-17
    outer loop
      vertex 16.177685057393433 32.88558694730399 0
      vertex 15.9758784492102 33.222280932078405 0.25
      vertex 15.9758784492102 33.222280932078405 0
    endloop
  endfacet
  facet normal -0.8032075314806297 -0.5956993044924537 1.0948785489002931e-17
    outer loop
      vertex 15.9758784492102 33.222280932078405 0
      vertex 15.742041813450953 33.53757313665458 0.25
      vertex 15.742041813450953 33.53757313665458 0
    endloop
  endfacet
  facet normal -0.7409511253549573 -0.6715589548470204 -1.0704825360189075e-17
    outer loop
      vertex 15.742041813450953 33.53757313665458 0
      vertex 15.47842712474619 33.82842712474619 0.25
      vertex 15.47842712474619 33.82842712474619 0
    endloop
  endfacet
  facet normal -0.6715589548470104 -0.7409511253549663 -2.2408042667698592e-17
    outer loop
      vertex 15.47842712474619 33.82842712474619 0
      vertex 15.187573136654578 34.09204181345095 0.25
      vertex 15.187573136654578 34.09204181345095 0
    endloop
  endfacet
  facet normal -0.595699304492439 -0.8032075314806407 -4.793986106121605e-17
    outer loop
      vertex 15.187573136654578 34.09204181345095 0
      vertex 14.87228093207841 34.32587844921018 0.25
      vertex 14.87228093207841 34.32587844921018 0
    endloop
  endfacet
  facet normal -0.514102744193213 -0.8577286100002773 -3.2906058823756315e-17
    outer loop
      vertex 14.87228093207841 34.32587844921018 0
      vertex 14.535586947303983 34.52768505739342 0.25
      vertex 14.535586947303983 34.52768505739342 0
    endloop
  endfacet
  facet normal 0.6715589548470104 -0.7409511253549663 2.2408042667698592e-17
    outer loop
      vertex 10.112426863345434 34.09204181345095 0
      vertex 9.821572875253821 33.82842712474619 0.25
      vertex 9.821572875253821 33.82842712474619 0
    endloop
  endfacet
  facet normal 0.595699304492439 -0.8032075314806407 4.793986106121605e-17
    outer loop
      vertex 10.4277190679216 34.32587844921018 0
      vertex 10.112426863345434 34.09204181345095 0.25
      vertex 10.112426863345434 34.09204181345095 0
    endloop
  endfacet
  facet normal -0.4275550934302964 -0.9039892931234365 3.031498451099189e-17
    outer loop
      vertex 14.535586947303983 34.52768505739342 0
      vertex 14.180733729460371 34.695518130045144 0.25
      vertex 14.180733729460371 34.695518130045144 0
    endloop
  endfacet
  facet normal -0.3368898533922256 -0.9415440651830188 9.541505835117168e-18
    outer loop
      vertex 14.180733729460371 34.695518130045144 0
      vertex 13.811138709017854 34.82776134292884 0.25
      vertex 13.811138709017854 34.82776134292884 0
    endloop
  endfacet
  facet normal -0.24298017990325774 -0.9700312531945454 -4.032979612169596e-19
    outer loop
      vertex 13.811138709017854 34.82776134292884 0
      vertex 13.430361288064518 34.92314112161292 0.25
      vertex 13.430361288064518 34.92314112161292 0
    endloop
  endfacet
  facet normal -0.14673047445535525 -0.9891765099647819 -4.333846889626199e-18
    outer loop
      vertex 13.430361288064518 34.92314112161292 0
      vertex 13.042068561318246 34.980738906688785 0.25
      vertex 13.042068561318246 34.980738906688785 0
    endloop
  endfacet
  facet normal -0.049067674327424655 -0.998795456205172 -6.370948467026215e-19
    outer loop
      vertex 13.042068561318246 34.980738906688785 0
      vertex 12.650000000000006 35 0.25
      vertex 12.650000000000006 35 0
    endloop
  endfacet
  facet normal 0.049067674327424655 -0.998795456205172 6.370948467026215e-19
    outer loop
      vertex 12.650000000000006 35 0
      vertex 12.257931438681766 34.980738906688785 0.25
      vertex 12.257931438681766 34.980738906688785 0
    endloop
  endfacet
  facet normal 0.4275550934302964 -0.9039892931234365 -3.031498451099189e-17
    outer loop
      vertex 11.11926627053964 34.695518130045144 0
      vertex 10.764413052696028 34.52768505739342 0.25
      vertex 10.764413052696028 34.52768505739342 0
    endloop
  endfacet
  facet normal 0.24298017990325774 -0.9700312531945454 4.032979612169596e-19
    outer loop
      vertex 11.869638711935494 34.92314112161292 0
      vertex 11.488861290982157 34.82776134292884 0.25
      vertex 11.488861290982157 34.82776134292884 0
    endloop
  endfacet
  facet normal 0.14673047445535525 -0.9891765099647819 4.333846889626199e-18
    outer loop
      vertex 12.257931438681766 34.980738906688785 0
      vertex 11.869638711935494 34.92314112161292 0.25
      vertex 11.869638711935494 34.92314112161292 0
    endloop
  endfacet
  facet normal 0.3368898533922256 -0.9415440651830188 -9.541505835117168e-18
    outer loop
      vertex 11.488861290982157 34.82776134292884 0
      vertex 11.11926627053964 34.695518130045144 0.25
      vertex 11.11926627053964 34.695518130045144 0
    endloop
  endfacet
  facet normal 0.514102744193213 -0.8577286100002773 3.2906058823756315e-17
    outer loop
      vertex 10.764413052696028 34.52768505739342 0
      vertex 10.4277190679216 34.32587844921018 0.25
      vertex 10.4277190679216 34.32587844921018 0
    endloop
  endfacet
  facet normal 0.998795456205174 -0.0490676743273881 2.7771383975585083e-18
    outer loop
      vertex 8.669261093311206 31.392068561318244 0
      vertex 8.650000000000006 31 0.25
      vertex 8.650000000000006 31 0
    endloop
  endfacet
  facet normal 0.9891765099647791 -0.1467304744553743 1.2937961986870461e-17
    outer loop
      vertex 8.726858878387077 31.780361288064512 0
      vertex 8.669261093311206 31.392068561318244 0.25
      vertex 8.669261093311206 31.392068561318244 0
    endloop
  endfacet
  facet normal 0.9700312531945326 -0.24298017990330883 -1.739819354654569e-17
    outer loop
      vertex 8.822238657071182 32.16113870901785 0
      vertex 8.726858878387077 31.780361288064512 0.25
      vertex 8.726858878387077 31.780361288064512 0
    endloop
  endfacet
  facet normal 0.9415440651830282 -0.3368898533921993 -3.412305977359648e-17
    outer loop
      vertex 8.954481869954861 32.53073372946036 0
      vertex 8.822238657071182 32.16113870901785 0.25
      vertex 8.822238657071182 32.16113870901785 0
    endloop
  endfacet
  facet normal 0.9039892931234534 -0.42755509343026066 -1.521866685472337e-17
    outer loop
      vertex 9.122314942606579 32.88558694730399 0
      vertex 8.954481869954861 32.53073372946036 0.25
      vertex 8.954481869954861 32.53073372946036 0
    endloop
  endfacet
  facet normal 0.8577286100002757 -0.5141027441932157 2.7633128519356197e-17
    outer loop
      vertex 9.324121550789812 33.222280932078405 0
      vertex 9.122314942606579 32.88558694730399 0.25
      vertex 9.122314942606579 32.88558694730399 0
    endloop
  endfacet
  facet normal 0.8032075314806297 -0.5956993044924537 -1.0948785489002931e-17
    outer loop
      vertex 9.557958186549058 33.53757313665458 0
      vertex 9.324121550789812 33.222280932078405 0.25
      vertex 9.324121550789812 33.222280932078405 0
    endloop
  endfacet
  facet normal 0.7409511253549573 -0.6715589548470204 1.0704825360189075e-17
    outer loop
      vertex 9.821572875253821 33.82842712474619 0
      vertex 9.557958186549058 33.53757313665458 0.25
      vertex 9.557958186549058 33.53757313665458 0
    endloop
  endfacet
  facet normal -0.514102744193213 0.8577286100002773 0
    outer loop
      vertex 14.535586947303983 25.97231494260658 0
      vertex 14.535586947303983 25.97231494260658 0.25
      vertex 14.87228093207841 26.17412155078982 0.25
    endloop
  endfacet
  facet normal -0.595699304492439 0.8032075314806407 0
    outer loop
      vertex 14.87228093207841 26.17412155078982 0
      vertex 14.87228093207841 26.17412155078982 0.25
      vertex 15.187573136654578 26.407958186549052 0.25
    endloop
  endfacet
  facet normal -0.6715589548470104 0.7409511253549663 0
    outer loop
      vertex 15.187573136654578 26.407958186549052 0
      vertex 15.187573136654578 26.407958186549052 0.25
      vertex 15.47842712474619 26.67157287525381 0.25
    endloop
  endfacet
  facet normal -0.8032075314806297 0.5956993044924537 0
    outer loop
      vertex 15.742041813450953 26.962426863345417 0
      vertex 15.742041813450953 26.962426863345417 0.25
      vertex 15.9758784492102 27.27771906792159 0.25
    endloop
  endfacet
  facet normal -0.7409511253549531 0.6715589548470249 0
    outer loop
      vertex 15.47842712474619 26.67157287525381 0
      vertex 15.47842712474619 26.67157287525381 0.25
      vertex 15.742041813450953 26.962426863345417 0.25
    endloop
  endfacet
  facet normal -0.8577286100002781 0.5141027441932117 0
    outer loop
      vertex 15.9758784492102 27.27771906792159 0
      vertex 15.9758784492102 27.27771906792159 0.25
      vertex 16.177685057393433 27.61441305269601 0.25
    endloop
  endfacet
  facet normal -0.9039892931234534 0.42755509343026066 0
    outer loop
      vertex 16.177685057393433 27.61441305269601 0
      vertex 16.177685057393433 27.61441305269601 0.25
      vertex 16.34551813004515 27.96926627053964 0.25
    endloop
  endfacet
  facet normal -0.33688985339220956 0.9415440651830245 0
    outer loop
      vertex 13.811138709017854 25.672238657071166 0
      vertex 13.811138709017854 25.672238657071166 0.25
      vertex 14.180733729460371 25.804481869954852 0.25
    endloop
  endfacet
  facet normal -0.24298017990326626 0.9700312531945434 0
    outer loop
      vertex 13.430361288064518 25.57685887838708 0
      vertex 13.430361288064518 25.57685887838708 0.25
      vertex 13.811138709017854 25.672238657071166 0.25
    endloop
  endfacet
  facet normal -0.42755509343030385 0.903989293123433 0
    outer loop
      vertex 14.180733729460371 25.804481869954852 0
      vertex 14.180733729460371 25.804481869954852 0.25
      vertex 14.535586947303983 25.97231494260658 0.25
    endloop
  endfacet
  facet normal -0.1467304744553641 0.9891765099647807 0
    outer loop
      vertex 13.042068561318246 25.51926109331121 0
      vertex 13.042068561318246 25.51926109331121 0.25
      vertex 13.430361288064518 25.57685887838708 0.25
    endloop
  endfacet
  facet normal -0.04906767432741563 0.9987954562051725 0
    outer loop
      vertex 12.650000000000006 25.5 0
      vertex 12.650000000000006 25.5 0.25
      vertex 13.042068561318246 25.51926109331121 0.25
    endloop
  endfacet
  facet normal 0.04906767432741563 0.9987954562051725 0
    outer loop
      vertex 12.257931438681766 25.51926109331121 0
      vertex 12.257931438681766 25.51926109331121 0.25
      vertex 12.650000000000006 25.5 0.25
    endloop
  endfacet
  facet normal 0.1467304744553641 0.9891765099647807 0
    outer loop
      vertex 11.869638711935494 25.57685887838708 0
      vertex 11.869638711935494 25.57685887838708 0.25
      vertex 12.257931438681766 25.51926109331121 0.25
    endloop
  endfacet
  facet normal 0.24298017990326626 0.9700312531945434 0
    outer loop
      vertex 11.488861290982157 25.672238657071166 0
      vertex 11.488861290982157 25.672238657071166 0.25
      vertex 11.869638711935494 25.57685887838708 0.25
    endloop
  endfacet
  facet normal 0.33688985339220956 0.9415440651830245 0
    outer loop
      vertex 11.11926627053964 25.804481869954852 0
      vertex 11.11926627053964 25.804481869954852 0.25
      vertex 11.488861290982157 25.672238657071166 0.25
    endloop
  endfacet
  facet normal 0.42755509343030385 0.903989293123433 0
    outer loop
      vertex 10.764413052696028 25.97231494260658 0
      vertex 10.764413052696028 25.97231494260658 0.25
      vertex 11.11926627053964 25.804481869954852 0.25
    endloop
  endfacet
  facet normal 0.514102744193213 0.8577286100002773 0
    outer loop
      vertex 10.4277190679216 26.17412155078982 0
      vertex 10.4277190679216 26.17412155078982 0.25
      vertex 10.764413052696028 25.97231494260658 0.25
    endloop
  endfacet
  facet normal 0.595699304492439 0.8032075314806407 0
    outer loop
      vertex 10.112426863345434 26.407958186549052 0
      vertex 10.112426863345434 26.407958186549052 0.25
      vertex 10.4277190679216 26.17412155078982 0.25
    endloop
  endfacet
  facet normal 0.6715589548470104 0.7409511253549663 0
    outer loop
      vertex 9.821572875253821 26.67157287525381 0
      vertex 9.821572875253821 26.67157287525381 0.25
      vertex 10.112426863345434 26.407958186549052 0.25
    endloop
  endfacet
  facet normal -0.9415440651830282 0.3368898533921993 0
    outer loop
      vertex 16.34551813004515 27.96926627053964 0
      vertex 16.34551813004515 27.96926627053964 0.25
      vertex 16.47776134292883 28.338861290982152 0.25
    endloop
  endfacet
  facet normal -0.9700312531945326 0.24298017990330883 0
    outer loop
      vertex 16.47776134292883 28.338861290982152 0
      vertex 16.47776134292883 28.338861290982152 0.25
      vertex 16.573141121612935 28.719638711935488 0.25
    endloop
  endfacet
  facet normal -0.9891765099647791 0.1467304744553743 0
    outer loop
      vertex 16.573141121612935 28.719638711935488 0
      vertex 16.573141121612935 28.719638711935488 0.25
      vertex 16.630738906688805 29.107931438681756 0.25
    endloop
  endfacet
  facet normal -0.998795456205174 0.0490676743273881 0
    outer loop
      vertex 16.630738906688805 29.107931438681756 0
      vertex 16.630738906688805 29.107931438681756 0.25
      vertex 16.650000000000006 29.5 0.25
    endloop
  endfacet
  facet normal -1 0 0
    outer loop
      vertex 16.650000000000006 29.5 0
      vertex 16.650000000000006 29.5 0.25
      vertex 16.650000000000006 31 0.25
    endloop
  endfacet
  facet normal 0.7409511253549531 0.6715589548470249 0
    outer loop
      vertex 9.557958186549058 26.962426863345417 0
      vertex 9.557958186549058 26.962426863345417 0.25
      vertex 9.821572875253821 26.67157287525381 0.25
    endloop
  endfacet
  facet normal 0.8032075314806297 0.5956993044924537 0
    outer loop
      vertex 9.324121550789812 27.27771906792159 0
      vertex 9.324121550789812 27.27771906792159 0.25
      vertex 9.557958186549058 26.962426863345417 0.25
    endloop
  endfacet
  facet normal 0.8577286100002781 0.5141027441932117 0
    outer loop
      vertex 9.122314942606579 27.61441305269601 0
      vertex 9.122314942606579 27.61441305269601 0.25
      vertex 9.324121550789812 27.27771906792159 0.25
    endloop
  endfacet
  facet normal 0.9039892931234534 0.42755509343026066 0
    outer loop
      vertex 8.954481869954861 27.96926627053964 0
      vertex 8.954481869954861 27.96926627053964 0.25
      vertex 9.122314942606579 27.61441305269601 0.25
    endloop
  endfacet
  facet normal 0.9415440651830282 0.3368898533921993 0
    outer loop
      vertex 8.822238657071182 28.338861290982152 0
      vertex 8.822238657071182 28.338861290982152 0.25
      vertex 8.954481869954861 27.96926627053964 0.25
    endloop
  endfacet
  facet normal 0.9700312531945326 0.24298017990330883 0
    outer loop
      vertex 8.726858878387077 28.719638711935488 0
      vertex 8.726858878387077 28.719638711935488 0.25
      vertex 8.822238657071182 28.338861290982152 0.25
    endloop
  endfacet
  facet normal 0.9891765099647791 0.1467304744553743 0
    outer loop
      vertex 8.669261093311206 29.107931438681756 0
      vertex 8.669261093311206 29.107931438681756 0.25
      vertex 8.726858878387077 28.719638711935488 0.25
    endloop
  endfacet
  facet normal 0.998795456205174 0.0490676743273881 0
    outer loop
      vertex 8.650000000000006 29.5 0
      vertex 8.650000000000006 29.5 0.25
      vertex 8.669261093311206 29.107931438681756 0.25
    endloop
  endfacet
  facet normal 1 0 0
    outer loop
      vertex 8.650000000000006 31 0
      vertex 8.650000000000006 31 0.25
      vertex 8.650000000000006 29.5 0.25
    endloop
  endfacet
  facet normal -0.998795456205174 -0.0490676743273881 0
    outer loop
      vertex 16.650000000000006 31 0
      vertex 16.650000000000006 31 0.25
      vertex 16.630738906688805 31.392068561318244 0.25
    endloop
  endfacet
  facet normal -0.9891765099647791 -0.1467304744553743 0
    outer loop
      vertex 16.630738906688805 31.392068561318244 0
      vertex 16.630738906688805 31.392068561318244 0.25
      vertex 16.573141121612935 31.780361288064512 0.25
    endloop
  endfacet
  facet normal -0.9700312531945326 -0.24298017990330883 0
    outer loop
      vertex 16.573141121612935 31.780361288064512 0
      vertex 16.573141121612935 31.780361288064512 0.25
      vertex 16.47776134292883 32.16113870901785 0.25
    endloop
  endfacet
  facet normal -0.9415440651830282 -0.3368898533921993 0
    outer loop
      vertex 16.47776134292883 32.16113870901785 0
      vertex 16.47776134292883 32.16113870901785 0.25
      vertex 16.34551813004515 32.53073372946036 0.25
    endloop
  endfacet
  facet normal -0.9039892931234534 -0.42755509343026066 0
    outer loop
      vertex 16.34551813004515 32.53073372946036 0
      vertex 16.34551813004515 32.53073372946036 0.25
      vertex 16.177685057393433 32.88558694730399 0.25
    endloop
  endfacet
  facet normal -0.8577286100002757 -0.5141027441932157 0
    outer loop
      vertex 16.177685057393433 32.88558694730399 0
      vertex 16.177685057393433 32.88558694730399 0.25
      vertex 15.9758784492102 33.222280932078405 0.25
    endloop
  endfacet
  facet normal -0.8032075314806297 -0.5956993044924537 0
    outer loop
      vertex 15.9758784492102 33.222280932078405 0
      vertex 15.9758784492102 33.222280932078405 0.25
      vertex 15.742041813450953 33.53757313665458 0.25
    endloop
  endfacet
  facet normal -0.7409511253549573 -0.6715589548470204 0
    outer loop
      vertex 15.742041813450953 33.53757313665458 0
      vertex 15.742041813450953 33.53757313665458 0.25
      vertex 15.47842712474619 33.82842712474619 0.25
    endloop
  endfacet
  facet normal -0.6715589548470104 -0.7409511253549663 0
    outer loop
      vertex 15.47842712474619 33.82842712474619 0
      vertex 15.47842712474619 33.82842712474619 0.25
      vertex 15.187573136654578 34.09204181345095 0.25
    endloop
  endfacet
  facet normal -0.595699304492439 -0.8032075314806407 0
    outer loop
      vertex 15.187573136654578 34.09204181345095 0
      vertex 15.187573136654578 34.09204181345095 0.25
      vertex 14.87228093207841 34.32587844921018 0.25
    endloop
  endfacet
  facet normal -0.514102744193213 -0.8577286100002773 0
    outer loop
      vertex 14.87228093207841 34.32587844921018 0
      vertex 14.87228093207841 34.32587844921018 0.25
      vertex 14.535586947303983 34.52768505739342 0.25
    endloop
  endfacet
  facet normal 0.7409511253549573 -0.6715589548470204 0
    outer loop
      vertex 9.821572875253821 33.82842712474619 0
      vertex 9.821572875253821 33.82842712474619 0.25
      vertex 9.557958186549058 33.53757313665458 0.25
    endloop
  endfacet
  facet normal 0.6715589548470104 -0.7409511253549663 0
    outer loop
      vertex 10.112426863345434 34.09204181345095 0
      vertex 10.112426863345434 34.09204181345095 0.25
      vertex 9.821572875253821 33.82842712474619 0.25
    endloop
  endfacet
  facet normal 0.595699304492439 -0.8032075314806407 0
    outer loop
      vertex 10.4277190679216 34.32587844921018 0
      vertex 10.4277190679216 34.32587844921018 0.25
      vertex 10.112426863345434 34.09204181345095 0.25
    endloop
  endfacet
  facet normal -0.4275550934302964 -0.9039892931234365 0
    outer loop
      vertex 14.535586947303983 34.52768505739342 0
      vertex 14.535586947303983 34.52768505739342 0.25
      vertex 14.180733729460371 34.695518130045144 0.25
    endloop
  endfacet
  facet normal -0.3368898533922256 -0.9415440651830188 0
    outer loop
      vertex 14.180733729460371 34.695518130045144 0
      vertex 14.180733729460371 34.695518130045144 0.25
      vertex 13.811138709017854 34.82776134292884 0.25
    endloop
  endfacet
  facet normal -0.24298017990325774 -0.9700312531945454 0
    outer loop
      vertex 13.811138709017854 34.82776134292884 0
      vertex 13.811138709017854 34.82776134292884 0.25
      vertex 13.430361288064518 34.92314112161292 0.25
    endloop
  endfacet
  facet normal -0.14673047445535525 -0.9891765099647819 0
    outer loop
      vertex 13.430361288064518 34.92314112161292 0
      vertex 13.430361288064518 34.92314112161292 0.25
      vertex 13.042068561318246 34.980738906688785 0.25
    endloop
  endfacet
  facet normal -0.049067674327424655 -0.998795456205172 0
    outer loop
      vertex 13.042068561318246 34.980738906688785 0
      vertex 13.042068561318246 34.980738906688785 0.25
      vertex 12.650000000000006 35 0.25
    endloop
  endfacet
  facet normal 0.049067674327424655 -0.998795456205172 0
    outer loop
      vertex 12.650000000000006 35 0
      vertex 12.650000000000006 35 0.25
      vertex 12.257931438681766 34.980738906688785 0.25
    endloop
  endfacet
  facet normal 0.14673047445535525 -0.9891765099647819 0
    outer loop
      vertex 12.257931438681766 34.980738906688785 0
      vertex 12.257931438681766 34.980738906688785 0.25
      vertex 11.869638711935494 34.92314112161292 0.25
    endloop
  endfacet
  facet normal 0.4275550934302964 -0.9039892931234365 0
    outer loop
      vertex 11.11926627053964 34.695518130045144 0
      vertex 11.11926627053964 34.695518130045144 0.25
      vertex 10.764413052696028 34.52768505739342 0.25
    endloop
  endfacet
  facet normal 0.24298017990325774 -0.9700312531945454 0
    outer loop
      vertex 11.869638711935494 34.92314112161292 0
      vertex 11.869638711935494 34.92314112161292 0.25
      vertex 11.488861290982157 34.82776134292884 0.25
    endloop
  endfacet
  facet normal 0.3368898533922256 -0.9415440651830188 0
    outer loop
      vertex 11.488861290982157 34.82776134292884 0
      vertex 11.488861290982157 34.82776134292884 0.25
      vertex 11.11926627053964 34.695518130045144 0.25
    endloop
  endfacet
  facet normal 0.514102744193213 -0.8577286100002773 0
    outer loop
      vertex 10.764413052696028 34.52768505739342 0
      vertex 10.764413052696028 34.52768505739342 0.25
      vertex 10.4277190679216 34.32587844921018 0.25
    endloop
  endfacet
  facet normal 0.998795456205174 -0.0490676743273881 0
    outer loop
      vertex 8.669261093311206 31.392068561318244 0
      vertex 8.669261093311206 31.392068561318244 0.25
      vertex 8.650000000000006 31 0.25
    endloop
  endfacet
  facet normal 0.9891765099647791 -0.1467304744553743 0
    outer loop
      vertex 8.726858878387077 31.780361288064512 0
      vertex 8.726858878387077 31.780361288064512 0.25
      vertex 8.669261093311206 31.392068561318244 0.25
    endloop
  endfacet
  facet normal 0.9700312531945326 -0.24298017990330883 0
    outer loop
      vertex 8.822238657071182 32.16113870901785 0
      vertex 8.822238657071182 32.16113870901785 0.25
      vertex 8.726858878387077 31.780361288064512 0.25
    endloop
  endfacet
  facet normal 0.9415440651830282 -0.3368898533921993 0
    outer loop
      vertex 8.954481869954861 32.53073372946036 0
      vertex 8.954481869954861 32.53073372946036 0.25
      vertex 8.822238657071182 32.16113870901785 0.25
    endloop
  endfacet
  facet normal 0.9039892931234534 -0.42755509343026066 0
    outer loop
      vertex 9.122314942606579 32.88558694730399 0
      vertex 9.122314942606579 32.88558694730399 0.25
      vertex 8.954481869954861 32.53073372946036 0.25
    endloop
  endfacet
  facet normal 0.8577286100002757 -0.5141027441932157 0
    outer loop
      vertex 9.324121550789812 33.222280932078405 0
      vertex 9.324121550789812 33.222280932078405 0.25
      vertex 9.122314942606579 32.88558694730399 0.25
    endloop
  endfacet
  facet normal 0.8032075314806297 -0.5956993044924537 0
    outer loop
      vertex 9.557958186549058 33.53757313665458 0
      vertex 9.557958186549058 33.53757313665458 0.25
      vertex 9.324121550789812 33.222280932078405 0.25
    endloop
  endfacet
endsolid OpenSCAD_Model
